0,"{'dimensions': [1, 1, 1], 'recursive_limit': 4, 'mass': 1, 'position': [0, 0, 0.5], 'joint_position': [0, 0.5, 0.5], 'joint_axis': ' 0.3938 -0.9881 -0.5564', 'connections': [1]}"
1,"{'dimensions': [1, 1, 1], 'recursive_limit': 3, 'mass': 1, 'position': [0.0, 0.5, 0.0], 'joint_position': [0.0, 1.0, 0.0], 'joint_axis': '-0.687  -0.044   0.4486', 'connections': [2]}"
2,"{'dimensions': [1, 1, 1], 'recursive_limit': 2, 'mass': 1, 'position': [0.0, 0.5, 0.0], 'joint_position': [0.0, 1.0, 0.0], 'joint_axis': ' 0.9209 -0.568   0.002 ', 'connections': [3]}"
3,"{'dimensions': [1, 1, 1], 'recursive_limit': 1, 'mass': 1, 'position': [0.0, 0.5, 0.0], 'joint_position': [0.0, 1.0, 0.0], 'joint_axis': '-0.9559 -0.1931 -0.9333', 'connections': []}"

0,"{'dimensions': [1, 1, 1], 'recursive_limit': 4, 'mass': 1, 'position': [0, 0, 0.5], 'joint_position': [0, 0.5, 0.5], 'joint_axis': ' 0.6407 -0.8335  0.6951', 'connections': [1]}"
1,"{'dimensions': [1, 1, 1], 'recursive_limit': 3, 'mass': 1, 'position': [0.0, 0.5, 0.0], 'joint_position': [0.0, 1.0, 0.0], 'joint_axis': '0.5731 0.4601 0.0357', 'connections': [2]}"
2,"{'dimensions': [1, 1, 1], 'recursive_limit': 2, 'mass': 1, 'position': [0.0, 0.5, 0.0], 'joint_position': [0.0, 1.0, 0.0], 'joint_axis': '-0.8877  0.7418 -0.7527', 'connections': [3]}"
3,"{'dimensions': [1, 1, 1], 'recursive_limit': 1, 'mass': 1, 'position': [0.0, 0.5, 0.0], 'joint_position': [0.0, 1.0, 0.0], 'joint_axis': ' 0.1689 -0.2931 -0.0383', 'connections': []}"

0,"{'dimensions': [1, 1, 1], 'recursive_limit': 4, 'mass': 1, 'position': [0, 0, 0.5], 'joint_position': [0, 0.5, 0.5], 'joint_axis': '-0.4493 -0.4449 -0.8416', 'connections': [1]}"
1,"{'dimensions': [1, 1, 1], 'recursive_limit': 3, 'mass': 1, 'position': [0.0, 0.5, 0.0], 'joint_position': [0.0, 1.0, 0.0], 'joint_axis': ' 0.1012 -0.8558 -0.8194', 'connections': [2]}"
2,"{'dimensions': [1, 1, 1], 'recursive_limit': 2, 'mass': 1, 'position': [0.0, 0.5, 0.0], 'joint_position': [0.0, 1.0, 0.0], 'joint_axis': ' 0.3854 -0.7949  0.5345', 'connections': [3]}"
3,"{'dimensions': [1, 1, 1], 'recursive_limit': 1, 'mass': 1, 'position': [0.0, 0.5, 0.0], 'joint_position': [0.0, 1.0, 0.0], 'joint_axis': '-0.075   0.8817  0.3459', 'connections': []}"

0,"{'dimensions': [1, 1, 1], 'recursive_limit': 4, 'mass': 1, 'position': [0, 0, 0.5], 'joint_position': [0, 0.5, 0.5], 'joint_axis': '0.1021 0.0103 0.0044', 'connections': [1]}"
1,"{'dimensions': [1, 1, 1], 'recursive_limit': 3, 'mass': 1, 'position': [0.0, 0.5, 0.0], 'joint_position': [0.0, 1.0, 0.0], 'joint_axis': ' 0.5358  0.3636 -0.9202', 'connections': [2]}"
2,"{'dimensions': [1, 1, 1], 'recursive_limit': 2, 'mass': 1, 'position': [0.0, 0.5, 0.0], 'joint_position': [0.0, 1.0, 0.0], 'joint_axis': '-0.8365  0.6228 -0.9614', 'connections': [3]}"
3,"{'dimensions': [1, 1, 1], 'recursive_limit': 1, 'mass': 1, 'position': [0.0, 0.5, 0.0], 'joint_position': [0.0, 1.0, 0.0], 'joint_axis': '-0.4933  0.6138  0.3917', 'connections': []}"

0,"{'dimensions': [1, 1, 1], 'recursive_limit': 4, 'mass': 1, 'position': [0, 0, 0.5], 'joint_position': [0, 0.5, 0.5], 'joint_axis': '0.3134 0.538  0.471 ', 'connections': [1]}"
1,"{'dimensions': [1, 1, 1], 'recursive_limit': 3, 'mass': 1, 'position': [0.0, 0.5, 0.0], 'joint_position': [0.0, 1.0, 0.0], 'joint_axis': ' 0.6264  0.3053 -0.023 ', 'connections': [2]}"
2,"{'dimensions': [1, 1, 1], 'recursive_limit': 2, 'mass': 1, 'position': [0.0, 0.5, 0.0], 'joint_position': [0.0, 1.0, 0.0], 'joint_axis': '-0.4939 -0.461   0.3516', 'connections': [3]}"
3,"{'dimensions': [1, 1, 1], 'recursive_limit': 1, 'mass': 1, 'position': [0.0, 0.5, 0.0], 'joint_position': [0.0, 1.0, 0.0], 'joint_axis': '-0.7547  0.9794 -0.8785', 'connections': []}"



0,"{'dimensions': [1, 1, 1], 'recursive_limit': 4, 'mass': 1, 'position': [0, 0, 0.5], 'joint_position': [0, 0.5, 0.5], 'joint_axis': ' 0.3938 -0.9881 -0.5564', 'connections': [1]}"
1,"{'dimensions': [1, 1, 1], 'recursive_limit': 3, 'mass': 1, 'position': [0.0, 0.5, 0.0], 'joint_position': [0.0, 1.0, 0.0], 'joint_axis': '-0.687  -0.044   0.4486', 'connections': [2]}"
2,"{'dimensions': [1, 1, 1], 'recursive_limit': 2, 'mass': 1, 'position': [0.0, 0.5, 0.0], 'joint_position': [0.0, 1.0, 0.0], 'joint_axis': ' 0.9209 -0.568   0.002 ', 'connections': [3]}"
3,"{'dimensions': [1, 1, 1], 'recursive_limit': 1, 'mass': 1, 'position': [0.0, 0.5, 0.0], 'joint_position': [0.0, 1.0, 0.0], 'joint_axis': '-0.9559 -0.1931 -0.9333', 'connections': []}"

0,"{'dimensions': [1, 1, 1], 'recursive_limit': 4, 'mass': 1, 'position': [0, 0, 0.5], 'joint_position': [0, 0.5, 0.5], 'joint_axis': ' 0.6407 -0.8335  0.6951', 'connections': [1]}"
1,"{'dimensions': [1, 1, 1], 'recursive_limit': 3, 'mass': 1, 'position': [0.0, 0.5, 0.0], 'joint_position': [0.0, 1.0, 0.0], 'joint_axis': '0.5731 0.4601 0.0357', 'connections': [2]}"
2,"{'dimensions': [1, 1, 1], 'recursive_limit': 2, 'mass': 1, 'position': [0.0, 0.5, 0.0], 'joint_position': [0.0, 1.0, 0.0], 'joint_axis': '-0.8877  0.7418 -0.7527', 'connections': [3]}"
3,"{'dimensions': [1, 1, 1], 'recursive_limit': 1, 'mass': 1, 'position': [0.0, 0.5, 0.0], 'joint_position': [0.0, 1.0, 0.0], 'joint_axis': ' 0.1689 -0.2931 -0.0383', 'connections': []}"

0,"{'dimensions': [1, 1, 1], 'recursive_limit': 4, 'mass': 1, 'position': [0, 0, 0.5], 'joint_position': [0, 0.5, 0.5], 'joint_axis': '-0.4493 -0.4449 -0.8416', 'connections': [1]}"
1,"{'dimensions': [1, 1, 1], 'recursive_limit': 3, 'mass': 1, 'position': [0.0, 0.5, 0.0], 'joint_position': [0.0, 1.0, 0.0], 'joint_axis': ' 0.1012 -0.8558 -0.8194', 'connections': [2]}"
2,"{'dimensions': [1, 1, 1], 'recursive_limit': 2, 'mass': 1, 'position': [0.0, 0.5, 0.0], 'joint_position': [0.0, 1.0, 0.0], 'joint_axis': ' 0.3854 -0.7949  0.5345', 'connections': [3]}"
3,"{'dimensions': [1, 1, 1], 'recursive_limit': 1, 'mass': 1, 'position': [0.0, 0.5, 0.0], 'joint_position': [0.0, 1.0, 0.0], 'joint_axis': '-0.075   0.8817  0.3459', 'connections': []}"

0,"{'dimensions': [1, 1, 1], 'recursive_limit': 4, 'mass': 1, 'position': [0, 0, 0.5], 'joint_position': [0, 0.5, 0.5], 'joint_axis': '0.1021 0.0103 0.0044', 'connections': [1]}"
1,"{'dimensions': [1, 1, 1], 'recursive_limit': 3, 'mass': 1, 'position': [0.0, 0.5, 0.0], 'joint_position': [0.0, 1.0, 0.0], 'joint_axis': ' 0.5358  0.3636 -0.9202', 'connections': [2]}"
2,"{'dimensions': [1, 1, 1], 'recursive_limit': 2, 'mass': 1, 'position': [0.0, 0.5, 0.0], 'joint_position': [0.0, 1.0, 0.0], 'joint_axis': '-0.8365  0.6228 -0.9614', 'connections': [3]}"
3,"{'dimensions': [1, 1, 1], 'recursive_limit': 1, 'mass': 1, 'position': [0.0, 0.5, 0.0], 'joint_position': [0.0, 1.0, 0.0], 'joint_axis': '-0.4933  0.6138  0.3917', 'connections': []}"

0,"{'dimensions': [1, 1, 1], 'recursive_limit': 4, 'mass': 1, 'position': [0, 0, 0.5], 'joint_position': [0, 0.5, 0.5], 'joint_axis': '0.3134 0.538  0.471 ', 'connections': [1]}"
1,"{'dimensions': [1, 1, 1], 'recursive_limit': 3, 'mass': 1, 'position': [0.0, 0.5, 0.0], 'joint_position': [0.0, 1.0, 0.0], 'joint_axis': ' 0.6264  0.3053 -0.023 ', 'connections': [2]}"
2,"{'dimensions': [1, 1, 1], 'recursive_limit': 2, 'mass': 1, 'position': [0.0, 0.5, 0.0], 'joint_position': [0.0, 1.0, 0.0], 'joint_axis': '-0.4939 -0.461   0.3516', 'connections': [3]}"
3,"{'dimensions': [1, 1, 1], 'recursive_limit': 1, 'mass': 1, 'position': [0.0, 0.5, 0.0], 'joint_position': [0.0, 1.0, 0.0], 'joint_axis': '-0.7547  0.9794 -0.8785', 'connections': []}"



0,"{'dimensions': [1, 1, 1], 'recursive_limit': 4, 'mass': 1, 'position': [0, 0, 0.5], 'joint_position': [0, 0.5, 0.5], 'joint_axis': ' 0.3938 -0.9881 -0.5564', 'connections': [1]}"
1,"{'dimensions': [1, 1, 1], 'recursive_limit': 3, 'mass': 1, 'position': [0.0, 0.5, 0.0], 'joint_position': [0.0, 1.0, 0.0], 'joint_axis': '-0.687  -0.044   0.4486', 'connections': [2]}"
2,"{'dimensions': [1, 1, 1], 'recursive_limit': 2, 'mass': 1, 'position': [0.0, 0.5, 0.0], 'joint_position': [0.0, 1.0, 0.0], 'joint_axis': ' 0.9209 -0.568   0.002 ', 'connections': [3]}"
3,"{'dimensions': [1, 1, 1], 'recursive_limit': 1, 'mass': 1, 'position': [0.0, 0.5, 0.0], 'joint_position': [0.0, 1.0, 0.0], 'joint_axis': '-0.9559 -0.1931 -0.9333', 'connections': []}"

0,"{'dimensions': [1, 1, 1], 'recursive_limit': 4, 'mass': 1, 'position': [0, 0, 0.5], 'joint_position': [0, 0.5, 0.5], 'joint_axis': ' 0.6407 -0.8335  0.6951', 'connections': [1]}"
1,"{'dimensions': [1, 1, 1], 'recursive_limit': 3, 'mass': 1, 'position': [0.0, 0.5, 0.0], 'joint_position': [0.0, 1.0, 0.0], 'joint_axis': '0.5731 0.4601 0.0357', 'connections': [2]}"
2,"{'dimensions': [1, 1, 1], 'recursive_limit': 2, 'mass': 1, 'position': [0.0, 0.5, 0.0], 'joint_position': [0.0, 1.0, 0.0], 'joint_axis': '-0.8877  0.7418 -0.7527', 'connections': []}"

0,"{'dimensions': [1, 1, 1], 'recursive_limit': 4, 'mass': 1, 'position': [0, 0, 0.5], 'joint_position': [0, 0.5, 0.5], 'joint_axis': '-0.4493 -0.4449 -0.8416', 'connections': [1]}"
1,"{'dimensions': [1, 1, 1], 'recursive_limit': 3, 'mass': 1, 'position': [0.0, 0.5, 0.0], 'joint_position': [0.0, 1.0, 0.0], 'joint_axis': ' 0.1012 -0.8558 -0.8194', 'connections': [2]}"
2,"{'dimensions': [1, 1, 1], 'recursive_limit': 2, 'mass': 1, 'position': [0.0, 0.5, 0.0], 'joint_position': [0.0, 1.0, 0.0], 'joint_axis': ' 0.3854 -0.7949  0.5345', 'connections': []}"

0,"{'dimensions': [1, 1, 1], 'recursive_limit': 4, 'mass': 1, 'position': [0, 0, 0.5], 'joint_position': [0, 0.5, 0.5], 'joint_axis': '0.1021 0.0103 0.0044', 'connections': [1]}"
1,"{'dimensions': [1, 1, 1], 'recursive_limit': 3, 'mass': 1, 'position': [0.0, 0.5, 0.0], 'joint_position': [0.0, 1.0, 0.0], 'joint_axis': ' 0.5358  0.3636 -0.9202', 'connections': [2]}"
2,"{'dimensions': [1, 1, 1], 'recursive_limit': 2, 'mass': 1, 'position': [0.0, 0.5, 0.0], 'joint_position': [0.0, 1.0, 0.0], 'joint_axis': '-0.8365  0.6228 -0.9614', 'connections': [3]}"
3,"{'dimensions': [1, 1, 1], 'recursive_limit': 1, 'mass': 1, 'position': [0.0, 0.5, 0.0], 'joint_position': [0.0, 1.0, 0.0], 'joint_axis': '-0.4933  0.6138  0.3917', 'connections': []}"

0,"{'dimensions': [1, 1, 1], 'recursive_limit': 4, 'mass': 1, 'position': [0, 0, 0.5], 'joint_position': [0, 0.5, 0.5], 'joint_axis': '0.3134 0.538  0.471 ', 'connections': [1]}"
1,"{'dimensions': [1, 1, 1], 'recursive_limit': 3, 'mass': 1, 'position': [0.0, 0.5, 0.0], 'joint_position': [0.0, 1.0, 0.0], 'joint_axis': ' 0.6264  0.3053 -0.023 ', 'connections': [2]}"
2,"{'dimensions': [1, 1, 1], 'recursive_limit': 2, 'mass': 1, 'position': [0.0, 0.5, 0.0], 'joint_position': [0.0, 1.0, 0.0], 'joint_axis': '-0.4939 -0.461   0.3516', 'connections': []}"



0,"{'dimensions': [1, 1, 1], 'recursive_limit': 4, 'mass': 1, 'position': [0, 0, 0.5], 'joint_position': [0, 0.5, 0.5], 'joint_axis': ' 0.3938 -0.9881 -0.5564', 'connections': [1]}"
1,"{'dimensions': [1, 1, 1], 'recursive_limit': 3, 'mass': 1, 'position': [0.0, 0.5, 0.0], 'joint_position': [0.0, 1.0, 0.0], 'joint_axis': '-0.687  -0.044   0.4486', 'connections': [2]}"
2,"{'dimensions': [1, 1, 1], 'recursive_limit': 2, 'mass': 1, 'position': [0.0, 0.5, 0.0], 'joint_position': [0.0, 1.0, 0.0], 'joint_axis': ' 0.9209 -0.568   0.002 ', 'connections': [3]}"
3,"{'dimensions': [1, 1, 1], 'recursive_limit': 1, 'mass': 1, 'position': [0.0, 0.5, 0.0], 'joint_position': [0.0, 1.0, 0.0], 'joint_axis': '-0.9559 -0.1931 -0.9333', 'connections': []}"

0,"{'dimensions': [1, 1, 1], 'recursive_limit': 4, 'mass': 1, 'position': [0, 0, 0.5], 'joint_position': [0, 0.5, 0.5], 'joint_axis': ' 0.6407 -0.8335  0.6951', 'connections': [1]}"
1,"{'dimensions': [1, 1, 1], 'recursive_limit': 3, 'mass': 1, 'position': [0.0, 0.5, 0.0], 'joint_position': [0.0, 1.0, 0.0], 'joint_axis': '0.5731 0.4601 0.0357', 'connections': [2]}"
2,"{'dimensions': [1, 1, 1], 'recursive_limit': 2, 'mass': 1, 'position': [0.0, 0.5, 0.0], 'joint_position': [0.0, 1.0, 0.0], 'joint_axis': '-0.8877  0.7418 -0.7527', 'connections': []}"

0,"{'dimensions': [1, 1, 1], 'recursive_limit': 4, 'mass': 1, 'position': [0, 0, 0.5], 'joint_position': [0, 0.5, 0.5], 'joint_axis': '-0.4493 -0.4449 -0.8416', 'connections': [1]}"
1,"{'dimensions': [1, 1, 1], 'recursive_limit': 3, 'mass': 1, 'position': [0.0, 0.5, 0.0], 'joint_position': [0.0, 1.0, 0.0], 'joint_axis': ' 0.1012 -0.8558 -0.8194', 'connections': []}"

0,"{'dimensions': [1, 1, 1], 'recursive_limit': 4, 'mass': 1, 'position': [0, 0, 0.5], 'joint_position': [0, 0.5, 0.5], 'joint_axis': '0.1021 0.0103 0.0044', 'connections': [1]}"
1,"{'dimensions': [1, 1, 1], 'recursive_limit': 3, 'mass': 1, 'position': [0.0, 0.5, 0.0], 'joint_position': [0.0, 1.0, 0.0], 'joint_axis': ' 0.5358  0.3636 -0.9202', 'connections': [2]}"
2,"{'dimensions': [1, 1, 1], 'recursive_limit': 2, 'mass': 1, 'position': [0.0, 0.5, 0.0], 'joint_position': [0.0, 1.0, 0.0], 'joint_axis': '-0.8365  0.6228 -0.9614', 'connections': [3]}"
3,"{'dimensions': [1, 1, 1], 'recursive_limit': 1, 'mass': 1, 'position': [0.0, 0.5, 0.0], 'joint_position': [0.0, 1.0, 0.0], 'joint_axis': '-0.4933  0.6138  0.3917', 'connections': []}"

0,"{'dimensions': [1, 1, 1], 'recursive_limit': 4, 'mass': 1, 'position': [0, 0, 0.5], 'joint_position': [0, 0.5, 0.5], 'joint_axis': '0.3134 0.538  0.471 ', 'connections': [1]}"
1,"{'dimensions': [1, 1, 1], 'recursive_limit': 3, 'mass': 1, 'position': [0.0, 0.5, 0.0], 'joint_position': [0.0, 1.0, 0.0], 'joint_axis': ' 0.6264  0.3053 -0.023 ', 'connections': []}"



0,"{'dimensions': [1, 1, 1], 'recursive_limit': 4, 'mass': 1, 'position': [0, 0, 0.5], 'joint_position': [0, 0.5, 0.5], 'joint_axis': ' 0.3938 -0.9881 -0.5564', 'connections': [1]}"
1,"{'dimensions': [1, 1, 1], 'recursive_limit': 3, 'mass': 1, 'position': [0.0, 0.5, 0.0], 'joint_position': [0.0, 1.0, 0.0], 'joint_axis': '-0.687  -0.044   0.4486', 'connections': [2]}"
2,"{'dimensions': [1, 1, 1], 'recursive_limit': 2, 'mass': 1, 'position': [0.0, 0.5, 0.0], 'joint_position': [0.0, 1.0, 0.0], 'joint_axis': ' 0.9209 -0.568   0.002 ', 'connections': [3]}"
3,"{'dimensions': [1, 1, 1], 'recursive_limit': 1, 'mass': 1, 'position': [0.0, 0.5, 0.0], 'joint_position': [0.0, 1.0, 0.0], 'joint_axis': '-0.9559 -0.1931 -0.9333', 'connections': []}"

0,"{'dimensions': [1, 1, 1], 'recursive_limit': 4, 'mass': 1, 'position': [0, 0, 0.5], 'joint_position': [0, 0.5, 0.5], 'joint_axis': ' 0.6407 -0.8335  0.6951', 'connections': [1]}"
1,"{'dimensions': [1, 1, 1], 'recursive_limit': 3, 'mass': 1, 'position': [0.0, 0.5, 0.0], 'joint_position': [0.0, 1.0, 0.0], 'joint_axis': '0.5731 0.4601 0.0357', 'connections': [2]}"
2,"{'dimensions': [1, 1, 1], 'recursive_limit': 2, 'mass': 1, 'position': [0.0, 0.5, 0.0], 'joint_position': [0.0, 1.0, 0.0], 'joint_axis': '-0.8877  0.7418 -0.7527', 'connections': []}"

0,"{'dimensions': [1, 1, 1], 'recursive_limit': 4, 'mass': 1, 'position': [0, 0, 0.5], 'joint_position': [0, 0.5, 0.5], 'joint_axis': '-0.4493 -0.4449 -0.8416', 'connections': [1]}"
1,"{'dimensions': [1, 1, 1], 'recursive_limit': 3, 'mass': 1, 'position': [0.0, 0.5, 0.0], 'joint_position': [0.0, 1.0, 0.0], 'joint_axis': ' 0.1012 -0.8558 -0.8194', 'connections': []}"

0,"{'dimensions': [1, 1, 1], 'recursive_limit': 4, 'mass': 1, 'position': [0, 0, 0.5], 'joint_position': [0, 0.5, 0.5], 'joint_axis': '0.1021 0.0103 0.0044', 'connections': [1]}"
1,"{'dimensions': [1, 1, 1], 'recursive_limit': 3, 'mass': 1, 'position': [0.0, 0.5, 0.0], 'joint_position': [0.0, 1.0, 0.0], 'joint_axis': ' 0.5358  0.3636 -0.9202', 'connections': [2]}"
2,"{'dimensions': [1, 1, 1], 'recursive_limit': 2, 'mass': 1, 'position': [0.0, 0.5, 0.0], 'joint_position': [0.0, 1.0, 0.0], 'joint_axis': '-0.8365  0.6228 -0.9614', 'connections': [3]}"
3,"{'dimensions': [1, 1, 1], 'recursive_limit': 1, 'mass': 1, 'position': [0.0, 0.5, 0.0], 'joint_position': [0.0, 1.0, 0.0], 'joint_axis': '-0.4933  0.6138  0.3917', 'connections': []}"

0,"{'dimensions': [1, 1, 1], 'recursive_limit': 4, 'mass': 1, 'position': [0, 0, 0.5], 'joint_position': [0, 0.5, 0.5], 'joint_axis': '0.3134 0.538  0.471 ', 'connections': [1]}"
1,"{'dimensions': [1, 1, 1], 'recursive_limit': 3, 'mass': 1, 'position': [0.0, 0.5, 0.0], 'joint_position': [0.0, 1.0, 0.0], 'joint_axis': ' 0.6264  0.3053 -0.023 ', 'connections': []}"



0,"{'dimensions': [1, 1, 1], 'recursive_limit': 4, 'mass': 1, 'position': [0, 0, 0.5], 'joint_position': [0, 0.5, 0.5], 'joint_axis': ' 0.3938 -0.9881 -0.5564', 'connections': [1]}"
1,"{'dimensions': [1, 1, 1], 'recursive_limit': 3, 'mass': 1, 'position': [0.0, 0.5, 0.0], 'joint_position': [0.0, 1.0, 0.0], 'joint_axis': '-0.687  -0.044   0.4486', 'connections': [2]}"
2,"{'dimensions': [1, 1, 1], 'recursive_limit': 2, 'mass': 1, 'position': [0.0, 0.5, 0.0], 'joint_position': [0.0, 1.0, 0.0], 'joint_axis': ' 0.9209 -0.568   0.002 ', 'connections': [3]}"
3,"{'dimensions': [1, 1, 1], 'recursive_limit': 1, 'mass': 1, 'position': [0.0, 0.5, 0.0], 'joint_position': [0.0, 1.0, 0.0], 'joint_axis': '-0.9559 -0.1931 -0.9333', 'connections': []}"

0,"{'dimensions': [1, 1, 1], 'recursive_limit': 4, 'mass': 1, 'position': [0, 0, 0.5], 'joint_position': [0, 0.5, 0.5], 'joint_axis': ' 0.6407 -0.8335  0.6951', 'connections': [1]}"
1,"{'dimensions': [1, 1, 1], 'recursive_limit': 3, 'mass': 1, 'position': [0.0, 0.5, 0.0], 'joint_position': [0.0, 1.0, 0.0], 'joint_axis': '0.5731 0.4601 0.0357', 'connections': [2]}"
2,"{'dimensions': [1, 1, 1], 'recursive_limit': 2, 'mass': 1, 'position': [0.0, 0.5, 0.0], 'joint_position': [0.0, 1.0, 0.0], 'joint_axis': '-0.8877  0.7418 -0.7527', 'connections': []}"

0,"{'dimensions': [1, 1, 1], 'recursive_limit': 4, 'mass': 1, 'position': [0, 0, 0.5], 'joint_position': [0, 0.5, 0.5], 'joint_axis': '-0.4493 -0.4449 -0.8416', 'connections': [1]}"
1,"{'dimensions': [1, 1, 1], 'recursive_limit': 3, 'mass': 1, 'position': [0.0, 0.5, 0.0], 'joint_position': [0.0, 1.0, 0.0], 'joint_axis': ' 0.1012 -0.8558 -0.8194', 'connections': []}"

0,"{'dimensions': [1, 1, 1], 'recursive_limit': 4, 'mass': 1, 'position': [0, 0, 0.5], 'joint_position': [0, 0.5, 0.5], 'joint_axis': '0.1021 0.0103 0.0044', 'connections': [1]}"
1,"{'dimensions': [1, 1, 1], 'recursive_limit': 3, 'mass': 1, 'position': [0.0, 0.5, 0.0], 'joint_position': [0.0, 1.0, 0.0], 'joint_axis': ' 0.5358  0.3636 -0.9202', 'connections': [2]}"
2,"{'dimensions': [1, 1, 1], 'recursive_limit': 2, 'mass': 1, 'position': [0.0, 0.5, 0.0], 'joint_position': [0.0, 1.0, 0.0], 'joint_axis': '-0.8365  0.6228 -0.9614', 'connections': [3]}"
3,"{'dimensions': [1, 1, 1], 'recursive_limit': 1, 'mass': 1, 'position': [0.0, 0.5, 0.0], 'joint_position': [0.0, 1.0, 0.0], 'joint_axis': '-0.4933  0.6138  0.3917', 'connections': []}"

0,"{'dimensions': [1, 1, 1], 'recursive_limit': 4, 'mass': 1, 'position': [0, 0, 0.5], 'joint_position': [0, 0.5, 0.5], 'joint_axis': '0.3134 0.538  0.471 ', 'connections': [1]}"
1,"{'dimensions': [1, 1, 1], 'recursive_limit': 3, 'mass': 1, 'position': [0.0, 0.5, 0.0], 'joint_position': [0.0, 1.0, 0.0], 'joint_axis': ' 0.6264  0.3053 -0.023 ', 'connections': []}"



0,"{'dimensions': [1, 1, 1], 'recursive_limit': 4, 'mass': 1, 'position': [0, 0, 0.5], 'joint_position': [0, 0.5, 0.5], 'joint_axis': ' 0.3938 -0.9881 -0.5564', 'connections': [1]}"
1,"{'dimensions': [1, 1, 1], 'recursive_limit': 3, 'mass': 1, 'position': [0.0, 0.5, 0.0], 'joint_position': [0.0, 1.0, 0.0], 'joint_axis': '-0.687  -0.044   0.4486', 'connections': [2]}"
2,"{'dimensions': [1, 1, 1], 'recursive_limit': 2, 'mass': 1, 'position': [0.0, 0.5, 0.0], 'joint_position': [0.0, 1.0, 0.0], 'joint_axis': ' 0.9209 -0.568   0.002 ', 'connections': [3]}"
3,"{'dimensions': [1, 1, 1], 'recursive_limit': 1, 'mass': 1, 'position': [0.0, 0.5, 0.0], 'joint_position': [0.0, 1.0, 0.0], 'joint_axis': '-0.9559 -0.1931 -0.9333', 'connections': []}"

0,"{'dimensions': [1, 1, 1], 'recursive_limit': 4, 'mass': 1, 'position': [0, 0, 0.5], 'joint_position': [0, 0.5, 0.5], 'joint_axis': ' 0.6407 -0.8335  0.6951', 'connections': [1]}"
1,"{'dimensions': [1, 1, 1], 'recursive_limit': 3, 'mass': 1, 'position': [0.0, 0.5, 0.0], 'joint_position': [0.0, 1.0, 0.0], 'joint_axis': '0.5731 0.4601 0.0357', 'connections': [2]}"
2,"{'dimensions': [1, 1, 1], 'recursive_limit': 2, 'mass': 1, 'position': [0.0, 0.5, 0.0], 'joint_position': [0.0, 1.0, 0.0], 'joint_axis': '-0.8877  0.7418 -0.7527', 'connections': []}"

0,"{'dimensions': [1, 1, 1], 'recursive_limit': 4, 'mass': 1, 'position': [0, 0, 0.5], 'joint_position': [0, 0.5, 0.5], 'joint_axis': '-0.4493 -0.4449 -0.8416', 'connections': [1]}"
1,"{'dimensions': [1, 1, 1], 'recursive_limit': 3, 'mass': 1, 'position': [0.0, 0.5, 0.0], 'joint_position': [0.0, 1.0, 0.0], 'joint_axis': ' 0.1012 -0.8558 -0.8194', 'connections': []}"

0,"{'dimensions': [1, 1, 1], 'recursive_limit': 4, 'mass': 1, 'position': [0, 0, 0.5], 'joint_position': [0, 0.5, 0.5], 'joint_axis': '0.1021 0.0103 0.0044', 'connections': [1]}"
1,"{'dimensions': [1, 1, 1], 'recursive_limit': 3, 'mass': 1, 'position': [0.0, 0.5, 0.0], 'joint_position': [0.0, 1.0, 0.0], 'joint_axis': ' 0.5358  0.3636 -0.9202', 'connections': [2]}"
2,"{'dimensions': [1, 1, 1], 'recursive_limit': 2, 'mass': 1, 'position': [0.0, 0.5, 0.0], 'joint_position': [0.0, 1.0, 0.0], 'joint_axis': '-0.8365  0.6228 -0.9614', 'connections': [3]}"
3,"{'dimensions': [1, 1, 1], 'recursive_limit': 1, 'mass': 1, 'position': [0.0, 0.5, 0.0], 'joint_position': [0.0, 1.0, 0.0], 'joint_axis': '-0.4933  0.6138  0.3917', 'connections': []}"

0,"{'dimensions': [1, 1, 1], 'recursive_limit': 4, 'mass': 1, 'position': [0, 0, 0.5], 'joint_position': [0, 0.5, 0.5], 'joint_axis': '0.3134 0.538  0.471 ', 'connections': [1]}"
1,"{'dimensions': [1, 1, 1], 'recursive_limit': 3, 'mass': 1, 'position': [0.0, 0.5, 0.0], 'joint_position': [0.0, 1.0, 0.0], 'joint_axis': ' 0.6264  0.3053 -0.023 ', 'connections': []}"



0,"{'dimensions': [1, 1, 1], 'recursive_limit': 4, 'mass': 1, 'position': [0, 0, 0.5], 'joint_position': [0, 0.5, 0.5], 'joint_axis': ' 0.3938 -0.9881 -0.5564', 'connections': [1]}"
1,"{'dimensions': [1, 1, 1], 'recursive_limit': 3, 'mass': 1, 'position': [0.0, 0.5, 0.0], 'joint_position': [0.0, 1.0, 0.0], 'joint_axis': '-0.687  -0.044   0.4486', 'connections': [2]}"
2,"{'dimensions': [1, 1, 1], 'recursive_limit': 2, 'mass': 1, 'position': [0.0, 0.5, 0.0], 'joint_position': [0.0, 1.0, 0.0], 'joint_axis': ' 0.9209 -0.568   0.002 ', 'connections': [3]}"
3,"{'dimensions': [1, 1, 1], 'recursive_limit': 1, 'mass': 1, 'position': [0.0, 0.5, 0.0], 'joint_position': [0.0, 1.0, 0.0], 'joint_axis': '-0.9559 -0.1931 -0.9333', 'connections': []}"

0,"{'dimensions': [1, 1, 1], 'recursive_limit': 4, 'mass': 1, 'position': [0, 0, 0.5], 'joint_position': [0, 0.5, 0.5], 'joint_axis': ' 0.6407 -0.8335  0.6951', 'connections': [1]}"
1,"{'dimensions': [1, 1, 1], 'recursive_limit': 3, 'mass': 1, 'position': [0.0, 0.5, 0.0], 'joint_position': [0.0, 1.0, 0.0], 'joint_axis': '0.5731 0.4601 0.0357', 'connections': [2]}"
2,"{'dimensions': [1, 1, 1], 'recursive_limit': 2, 'mass': 1, 'position': [0.0, 0.5, 0.0], 'joint_position': [0.0, 1.0, 0.0], 'joint_axis': '-0.8877  0.7418 -0.7527', 'connections': []}"

0,"{'dimensions': [1, 1, 1], 'recursive_limit': 4, 'mass': 1, 'position': [0, 0, 0.5], 'joint_position': [0, 0.5, 0.5], 'joint_axis': '-0.4493 -0.4449 -0.8416', 'connections': [1]}"
1,"{'dimensions': [1, 1, 1], 'recursive_limit': 3, 'mass': 1, 'position': [0.0, 0.5, 0.0], 'joint_position': [0.0, 1.0, 0.0], 'joint_axis': ' 0.1012 -0.8558 -0.8194', 'connections': []}"

0,"{'dimensions': [1, 1, 1], 'recursive_limit': 4, 'mass': 1, 'position': [0, 0, 0.5], 'joint_position': [0, 0.5, 0.5], 'joint_axis': '0.1021 0.0103 0.0044', 'connections': [1]}"
1,"{'dimensions': [1, 1, 1], 'recursive_limit': 3, 'mass': 1, 'position': [0.0, 0.5, 0.0], 'joint_position': [0.0, 1.0, 0.0], 'joint_axis': ' 0.5358  0.3636 -0.9202', 'connections': [2]}"
2,"{'dimensions': [1, 1, 1], 'recursive_limit': 2, 'mass': 1, 'position': [0.0, 0.5, 0.0], 'joint_position': [0.0, 1.0, 0.0], 'joint_axis': '-0.8365  0.6228 -0.9614', 'connections': [3]}"
3,"{'dimensions': [1, 1, 1], 'recursive_limit': 1, 'mass': 1, 'position': [0.0, 0.5, 0.0], 'joint_position': [0.0, 1.0, 0.0], 'joint_axis': '-0.4933  0.6138  0.3917', 'connections': []}"

0,"{'dimensions': [1, 1, 1], 'recursive_limit': 4, 'mass': 1, 'position': [0, 0, 0.5], 'joint_position': [0, 0.5, 0.5], 'joint_axis': '0.3134 0.538  0.471 ', 'connections': [1]}"
1,"{'dimensions': [1, 1, 1], 'recursive_limit': 3, 'mass': 1, 'position': [0.0, 0.5, 0.0], 'joint_position': [0.0, 1.0, 0.0], 'joint_axis': ' 0.6264  0.3053 -0.023 ', 'connections': []}"



0,"{'dimensions': [1, 1, 1], 'recursive_limit': 4, 'mass': 1, 'position': [0, 0, 0.5], 'joint_position': [0, 0.5, 0.5], 'joint_axis': ' 0.3938 -0.9881 -0.5564', 'connections': [1]}"
1,"{'dimensions': [1, 1, 1], 'recursive_limit': 3, 'mass': 1, 'position': [0.0, 0.5, 0.0], 'joint_position': [0.0, 1.0, 0.0], 'joint_axis': '-0.687  -0.044   0.4486', 'connections': [2]}"
2,"{'dimensions': [1, 1, 1], 'recursive_limit': 2, 'mass': 1, 'position': [0.0, 0.5, 0.0], 'joint_position': [0.0, 1.0, 0.0], 'joint_axis': ' 0.9209 -0.568   0.002 ', 'connections': [3]}"
3,"{'dimensions': [1, 1, 1], 'recursive_limit': 1, 'mass': 1, 'position': [0.0, 0.5, 0.0], 'joint_position': [0.0, 1.0, 0.0], 'joint_axis': '-0.9559 -0.1931 -0.9333', 'connections': []}"

0,"{'dimensions': [1, 1, 1], 'recursive_limit': 4, 'mass': 1, 'position': [0, 0, 0.5], 'joint_position': [0, 0.5, 0.5], 'joint_axis': ' 0.6407 -0.8335  0.6951', 'connections': [1]}"
1,"{'dimensions': [1, 1, 1], 'recursive_limit': 3, 'mass': 1, 'position': [0.0, 0.5, 0.0], 'joint_position': [0.0, 1.0, 0.0], 'joint_axis': '0.5731 0.4601 0.0357', 'connections': [2]}"
2,"{'dimensions': [1, 1, 1], 'recursive_limit': 2, 'mass': 1, 'position': [0.0, 0.5, 0.0], 'joint_position': [0.0, 1.0, 0.0], 'joint_axis': '-0.8877  0.7418 -0.7527', 'connections': []}"

0,"{'dimensions': [1, 1, 1], 'recursive_limit': 4, 'mass': 1, 'position': [0, 0, 0.5], 'joint_position': [0, 0.5, 0.5], 'joint_axis': '-0.4493 -0.4449 -0.8416', 'connections': [1]}"
1,"{'dimensions': [1, 1, 1], 'recursive_limit': 3, 'mass': 1, 'position': [0.0, 0.5, 0.0], 'joint_position': [0.0, 1.0, 0.0], 'joint_axis': ' 0.1012 -0.8558 -0.8194', 'connections': []}"

0,"{'dimensions': [1, 1, 1], 'recursive_limit': 4, 'mass': 1, 'position': [0, 0, 0.5], 'joint_position': [0, 0.5, 0.5], 'joint_axis': '0.1021 0.0103 0.0044', 'connections': [1]}"
1,"{'dimensions': [1, 1, 1], 'recursive_limit': 3, 'mass': 1, 'position': [0.0, 0.5, 0.0], 'joint_position': [0.0, 1.0, 0.0], 'joint_axis': ' 0.5358  0.3636 -0.9202', 'connections': [2]}"
2,"{'dimensions': [1, 1, 1], 'recursive_limit': 2, 'mass': 1, 'position': [0.0, 0.5, 0.0], 'joint_position': [0.0, 1.0, 0.0], 'joint_axis': '-0.8365  0.6228 -0.9614', 'connections': [3]}"
3,"{'dimensions': [1, 1, 1], 'recursive_limit': 1, 'mass': 1, 'position': [0.0, 0.5, 0.0], 'joint_position': [0.0, 1.0, 0.0], 'joint_axis': '-0.4933  0.6138  0.3917', 'connections': []}"

0,"{'dimensions': [1, 1, 1], 'recursive_limit': 4, 'mass': 1, 'position': [0, 0, 0.5], 'joint_position': [0, 0.5, 0.5], 'joint_axis': '0.3134 0.538  0.471 ', 'connections': [1]}"
1,"{'dimensions': [1, 1, 1], 'recursive_limit': 3, 'mass': 1, 'position': [0.0, 0.5, 0.0], 'joint_position': [0.0, 1.0, 0.0], 'joint_axis': ' 0.6264  0.3053 -0.023 ', 'connections': []}"



0,"{'dimensions': [1, 1, 1], 'recursive_limit': 4, 'mass': 1, 'position': [0, 0, 0.5], 'joint_position': [0, 0.5, 0.5], 'joint_axis': ' 0.3938 -0.9881 -0.5564', 'connections': [1]}"
1,"{'dimensions': [1, 1, 1], 'recursive_limit': 3, 'mass': 1, 'position': [0.0, 0.5, 0.0], 'joint_position': [0.0, 1.0, 0.0], 'joint_axis': '-0.687  -0.044   0.4486', 'connections': [2]}"
2,"{'dimensions': [1, 1, 1], 'recursive_limit': 2, 'mass': 1, 'position': [0.0, 0.5, 0.0], 'joint_position': [0.0, 1.0, 0.0], 'joint_axis': ' 0.9209 -0.568   0.002 ', 'connections': [3]}"
3,"{'dimensions': [1, 1, 1], 'recursive_limit': 1, 'mass': 1, 'position': [0.0, 0.5, 0.0], 'joint_position': [0.0, 1.0, 0.0], 'joint_axis': '-0.9559 -0.1931 -0.9333', 'connections': []}"

0,"{'dimensions': [1, 1, 1], 'recursive_limit': 4, 'mass': 1, 'position': [0, 0, 0.5], 'joint_position': [0, 0.5, 0.5], 'joint_axis': ' 0.6407 -0.8335  0.6951', 'connections': [1]}"
1,"{'dimensions': [1, 1, 1], 'recursive_limit': 3, 'mass': 1, 'position': [0.0, 0.5, 0.0], 'joint_position': [0.0, 1.0, 0.0], 'joint_axis': '0.5731 0.4601 0.0357', 'connections': [2]}"
2,"{'dimensions': [1, 1, 1], 'recursive_limit': 2, 'mass': 1, 'position': [0.0, 0.5, 0.0], 'joint_position': [0.0, 1.0, 0.0], 'joint_axis': '-0.8877  0.7418 -0.7527', 'connections': []}"

0,"{'dimensions': [1, 1, 1], 'recursive_limit': 4, 'mass': 1, 'position': [0, 0, 0.5], 'joint_position': [0, 0.5, 0.5], 'joint_axis': '-0.4493 -0.4449 -0.8416', 'connections': [1]}"
1,"{'dimensions': [1, 1, 1], 'recursive_limit': 3, 'mass': 0, 'position': [0.0, 0.5, 0.0], 'joint_position': [0.0, 1.0, 0.0], 'joint_axis': ' 0.1012 -0.8558 -0.8194', 'connections': []}"

0,"{'dimensions': [1, 1, 1], 'recursive_limit': 4, 'mass': 1, 'position': [0, 0, 0.5], 'joint_position': [0, 0.5, 0.5], 'joint_axis': '0.1021 0.0103 0.0044', 'connections': [1]}"
1,"{'dimensions': [1, 1, 1], 'recursive_limit': 3, 'mass': 1, 'position': [0.0, 0.5, 0.0], 'joint_position': [0.0, 1.0, 0.0], 'joint_axis': ' 0.5358  0.3636 -0.9202', 'connections': [2]}"
2,"{'dimensions': [1, 1, 1], 'recursive_limit': 2, 'mass': 1, 'position': [0.0, 0.5, 0.0], 'joint_position': [0.0, 1.0, 0.0], 'joint_axis': '-0.8365  0.6228 -0.9614', 'connections': [3]}"
3,"{'dimensions': [1, 1, 1], 'recursive_limit': 1, 'mass': 1, 'position': [0.0, 0.5, 0.0], 'joint_position': [0.0, 1.0, 0.0], 'joint_axis': '-0.4933  0.6138  0.3917', 'connections': []}"

0,"{'dimensions': [1, 1, 1], 'recursive_limit': 4, 'mass': 1, 'position': [0, 0, 0.5], 'joint_position': [0, 0.5, 0.5], 'joint_axis': '0.3134 0.538  0.471 ', 'connections': [1]}"
1,"{'dimensions': [1, 1, 1], 'recursive_limit': 3, 'mass': 1, 'position': [0.0, 0.5, 0.0], 'joint_position': [0.0, 1.0, 0.0], 'joint_axis': ' 0.6264  0.3053 -0.023 ', 'connections': []}"



0,"{'dimensions': [1, 1, 1], 'recursive_limit': 4, 'mass': 1, 'position': [0, 0, 0.5], 'joint_position': [0, 0.5, 0.5], 'joint_axis': ' 0.3938 -0.9881 -0.5564', 'connections': [1]}"
1,"{'dimensions': [1, 1, 1], 'recursive_limit': 3, 'mass': 1, 'position': [0.0, 0.5, 0.0], 'joint_position': [0.0, 1.0, 0.0], 'joint_axis': '-0.687  -0.044   0.4486', 'connections': [2]}"
2,"{'dimensions': [1, 1, 1], 'recursive_limit': 2, 'mass': 1, 'position': [0.0, 0.5, 0.0], 'joint_position': [0.0, 1.0, 0.0], 'joint_axis': ' 0.9209 -0.568   0.002 ', 'connections': [3]}"
3,"{'dimensions': [1, 1, 1], 'recursive_limit': 1, 'mass': 1, 'position': [0.0, 0.5, 0.0], 'joint_position': [0.0, 1.0, 0.0], 'joint_axis': '-0.9559 -0.1931 -0.9333', 'connections': []}"

0,"{'dimensions': [1, 1, 1], 'recursive_limit': 4, 'mass': 1, 'position': [0, 0, 0.5], 'joint_position': [0, 0.5, 0.5], 'joint_axis': ' 0.6407 -0.8335  0.6951', 'connections': [1]}"
1,"{'dimensions': [1, 1, 1], 'recursive_limit': 3, 'mass': 1, 'position': [0.0, 0.5, 0.0], 'joint_position': [0.0, 1.0, 0.0], 'joint_axis': '0.5731 0.4601 0.0357', 'connections': [2]}"
2,"{'dimensions': [1, 1, 1], 'recursive_limit': 2, 'mass': 1, 'position': [0.0, 0.5, 0.0], 'joint_position': [0.0, 1.0, 0.0], 'joint_axis': '-0.8877  0.7418 -0.7527', 'connections': []}"

0,"{'dimensions': [1, 1, 1], 'recursive_limit': 4, 'mass': 1, 'position': [0, 0, 0.5], 'joint_position': [0, 0.5, 0.5], 'joint_axis': '-0.4493 -0.4449 -0.8416', 'connections': [1]}"
1,"{'dimensions': [1, 1, 1], 'recursive_limit': 3, 'mass': 0, 'position': [0.0, 0.5, 0.0], 'joint_position': [0.0, 1.0, 0.0], 'joint_axis': ' 0.1012 -0.8558 -0.8194', 'connections': []}"

0,"{'dimensions': [1, 1, 1], 'recursive_limit': 4, 'mass': 1, 'position': [0, 0, 0.5], 'joint_position': [0, 0.5, 0.5], 'joint_axis': '0.1021 0.0103 0.0044', 'connections': [1]}"
1,"{'dimensions': [1, 1, 1], 'recursive_limit': 3, 'mass': 1, 'position': [0.0, 0.5, 0.0], 'joint_position': [0.0, 1.0, 0.0], 'joint_axis': ' 0.5358  0.3636 -0.9202', 'connections': [2]}"
2,"{'dimensions': [1, 1, 1], 'recursive_limit': 2, 'mass': 1, 'position': [0.0, 0.5, 0.0], 'joint_position': [0.0, 1.0, 0.0], 'joint_axis': '-0.8365  0.6228 -0.9614', 'connections': [3]}"
3,"{'dimensions': [1, 1, 1], 'recursive_limit': 1, 'mass': 1, 'position': [0.0, 0.5, 0.0], 'joint_position': [0.0, 1.0, 0.0], 'joint_axis': '-0.4933  0.6138  0.3917', 'connections': []}"

0,"{'dimensions': [1, 1, 1], 'recursive_limit': 4, 'mass': 1, 'position': [0, 0, 0.5], 'joint_position': [0, 0.5, 0.5], 'joint_axis': '0.3134 0.538  0.471 ', 'connections': [1]}"
1,"{'dimensions': [1, 1, 1], 'recursive_limit': 3, 'mass': 1, 'position': [0.0, 0.5, 0.0], 'joint_position': [0.0, 1.0, 0.0], 'joint_axis': ' 0.6264  0.3053 -0.023 ', 'connections': []}"



0,"{'dimensions': [1, 1, 1], 'recursive_limit': 4, 'mass': 1, 'position': [0, 0, 0.5], 'joint_position': [0, 0.5, 0.5], 'joint_axis': ' 0.3938 -0.9881 -0.5564', 'connections': [1]}"
1,"{'dimensions': [1, 1, 1], 'recursive_limit': 3, 'mass': 1, 'position': [0.0, 0.5, 0.0], 'joint_position': [0.0, 1.0, 0.0], 'joint_axis': '-0.687  -0.044   0.4486', 'connections': [2]}"
2,"{'dimensions': [1, 1, 1], 'recursive_limit': 2, 'mass': 1, 'position': [0.0, 0.5, 0.0], 'joint_position': [0.0, 1.0, 0.0], 'joint_axis': ' 0.9209 -0.568   0.002 ', 'connections': [3]}"
3,"{'dimensions': [1, 1, 1], 'recursive_limit': 1, 'mass': 1, 'position': [0.0, 0.5, 0.0], 'joint_position': [0.0, 1.0, 0.0], 'joint_axis': '-0.9559 -0.1931 -0.9333', 'connections': []}"

0,"{'dimensions': [1, 1, 1], 'recursive_limit': 4, 'mass': 1, 'position': [0, 0, 0.5], 'joint_position': [0, 0.5, 0.5], 'joint_axis': ' 0.6407 -0.8335  0.6951', 'connections': [1]}"
1,"{'dimensions': [1, 1, 1], 'recursive_limit': 3, 'mass': 1, 'position': [0.0, 0.5, 0.0], 'joint_position': [0.0, 1.0, 0.0], 'joint_axis': '0.5731 0.4601 0.0357', 'connections': [2]}"
2,"{'dimensions': [1, 1, 1], 'recursive_limit': 2, 'mass': 1, 'position': [0.0, 0.5, 0.0], 'joint_position': [0.0, 1.0, 0.0], 'joint_axis': '-0.8877  0.7418 -0.7527', 'connections': []}"

0,"{'dimensions': [1, 1, 1], 'recursive_limit': 4, 'mass': 1, 'position': [0, 0, 0.5], 'joint_position': [0, 0.5, 0.5], 'joint_axis': '-0.4493 -0.4449 -0.8416', 'connections': [1]}"
1,"{'dimensions': [1, 1, 1], 'recursive_limit': 3, 'mass': 0, 'position': [0.0, 0.5, 0.0], 'joint_position': [0.0, 1.0, 0.0], 'joint_axis': ' 0.1012 -0.8558 -0.8194', 'connections': []}"

0,"{'dimensions': [1, 1, 1], 'recursive_limit': 4, 'mass': 1, 'position': [0, 0, 0.5], 'joint_position': [0, 0.5, 0.5], 'joint_axis': '0.1021 0.0103 0.0044', 'connections': [1]}"
1,"{'dimensions': [1, 1, 1], 'recursive_limit': 3, 'mass': 1, 'position': [0.0, 0.5, 0.0], 'joint_position': [0.0, 1.0, 0.0], 'joint_axis': ' 0.5358  0.3636 -0.9202', 'connections': [2]}"
2,"{'dimensions': [1, 1, 1], 'recursive_limit': 2, 'mass': 1, 'position': [0.0, 0.5, 0.0], 'joint_position': [0.0, 1.0, 0.0], 'joint_axis': '-0.8365  0.6228 -0.9614', 'connections': [3]}"
3,"{'dimensions': [1, 1, 1], 'recursive_limit': 1, 'mass': 1, 'position': [0.0, 0.5, 0.0], 'joint_position': [0.0, 1.0, 0.0], 'joint_axis': '-0.4933  0.6138  0.3917', 'connections': []}"

0,"{'dimensions': [1, 1, 1], 'recursive_limit': 4, 'mass': 1, 'position': [0, 0, 0.5], 'joint_position': [0, 0.5, 0.5], 'joint_axis': '0.3134 0.538  0.471 ', 'connections': [1]}"
1,"{'dimensions': [1, 1, 1], 'recursive_limit': 3, 'mass': 1, 'position': [0.0, 0.5, 0.0], 'joint_position': [0.0, 1.0, 0.0], 'joint_axis': ' 0.6264  0.3053 -0.023 ', 'connections': []}"



0,"{'dimensions': [1, 1, 1], 'recursive_limit': 4, 'mass': 1, 'position': [0, 0, 0.5], 'joint_position': [0, 0.5, 0.5], 'joint_axis': ' 0.3938 -0.9881 -0.5564', 'connections': [1]}"
1,"{'dimensions': [1, 1, 1], 'recursive_limit': 3, 'mass': 1, 'position': [0.0, 0.5, 0.0], 'joint_position': [0.0, 1.0, 0.0], 'joint_axis': '-0.687  -0.044   0.4486', 'connections': [2]}"
2,"{'dimensions': [1, 1, 1], 'recursive_limit': 2, 'mass': 1, 'position': [0.0, 0.5, 0.0], 'joint_position': [0.0, 1.0, 0.0], 'joint_axis': ' 0.9209 -0.568   0.002 ', 'connections': [3]}"
3,"{'dimensions': [1, 1, 1], 'recursive_limit': 1, 'mass': 1, 'position': [0.0, 0.5, 0.0], 'joint_position': [0.0, 1.0, 0.0], 'joint_axis': '-0.9559 -0.1931 -0.9333', 'connections': []}"

0,"{'dimensions': [1, 1, 1], 'recursive_limit': 4, 'mass': 1, 'position': [0, 0, 0.5], 'joint_position': [0, 0.5, 0.5], 'joint_axis': ' 0.6407 -0.8335  0.6951', 'connections': [1]}"
1,"{'dimensions': [1, 1, 1], 'recursive_limit': 3, 'mass': 1, 'position': [0.0, 0.5, 0.0], 'joint_position': [0.0, 1.0, 0.0], 'joint_axis': '0.5731 0.4601 0.0357', 'connections': [2]}"
2,"{'dimensions': [1, 1, 1], 'recursive_limit': 2, 'mass': 1, 'position': [0.0, 0.5, 0.0], 'joint_position': [0.0, 1.0, 0.0], 'joint_axis': '-0.8877  0.7418 -0.7527', 'connections': []}"

0,"{'dimensions': [1, 1, 1], 'recursive_limit': 4, 'mass': 1, 'position': [0, 0, 0.5], 'joint_position': [0, 0.5, 0.5], 'joint_axis': '-0.4493 -0.4449 -0.8416', 'connections': [1]}"
1,"{'dimensions': [1, 1, 1], 'recursive_limit': 3, 'mass': 0, 'position': [0.0, 0.5, 0.0], 'joint_position': [0.0, 1.0, 0.0], 'joint_axis': ' 0.1012 -0.8558 -0.8194', 'connections': []}"

0,"{'dimensions': [1, 1, 1], 'recursive_limit': 4, 'mass': 1, 'position': [0, 0, 0.5], 'joint_position': [0, 0.5, 0.5], 'joint_axis': '0.1021 0.0103 0.0044', 'connections': [1]}"
1,"{'dimensions': [1, 1, 1], 'recursive_limit': 3, 'mass': 1, 'position': [0.0, 0.5, 0.0], 'joint_position': [0.0, 1.0, 0.0], 'joint_axis': ' 0.5358  0.3636 -0.9202', 'connections': [2]}"
2,"{'dimensions': [1, 1, 1], 'recursive_limit': 2, 'mass': 1, 'position': [0.0, 0.5, 0.0], 'joint_position': [0.0, 1.0, 0.0], 'joint_axis': '-0.8365  0.6228 -0.9614', 'connections': [3]}"
3,"{'dimensions': [1, 1, 1], 'recursive_limit': 1, 'mass': 1, 'position': [0.0, 0.5, 0.0], 'joint_position': [0.0, 1.0, 0.0], 'joint_axis': '-0.4933  0.6138  0.3917', 'connections': []}"

0,"{'dimensions': [1, 1, 1], 'recursive_limit': 4, 'mass': 1, 'position': [0, 0, 0.5], 'joint_position': [0, 0.5, 0.5], 'joint_axis': '0.3134 0.538  0.471 ', 'connections': [1]}"
1,"{'dimensions': [1, 1, 1], 'recursive_limit': 3, 'mass': 1, 'position': [0.0, 0.5, 0.0], 'joint_position': [0.0, 1.0, 0.0], 'joint_axis': ' 0.6264  0.3053 -0.023 ', 'connections': []}"



0,"{'dimensions': [1, 1, 1], 'recursive_limit': 4, 'mass': 1, 'position': [0, 0, 0.5], 'joint_position': [0, 0.5, 0.5], 'joint_axis': ' 0.3938 -0.9881 -0.5564', 'connections': [1]}"
1,"{'dimensions': [1, 1, 1], 'recursive_limit': 3, 'mass': 1, 'position': [0.0, 0.5, 0.0], 'joint_position': [0.0, 1.0, 0.0], 'joint_axis': '-0.687  -0.044   0.4486', 'connections': [2]}"
2,"{'dimensions': [1, 1, 1], 'recursive_limit': 2, 'mass': 1, 'position': [0.0, 0.5, 0.0], 'joint_position': [0.0, 1.0, 0.0], 'joint_axis': ' 0.9209 -0.568   0.002 ', 'connections': [3]}"
3,"{'dimensions': [1, 1, 1], 'recursive_limit': 1, 'mass': 1, 'position': [0.0, 0.5, 0.0], 'joint_position': [0.0, 1.0, 0.0], 'joint_axis': '-0.9559 -0.1931 -0.9333', 'connections': []}"

0,"{'dimensions': [1, 1, 1], 'recursive_limit': 4, 'mass': 1, 'position': [0, 0, 0.5], 'joint_position': [0, 0.5, 0.5], 'joint_axis': ' 0.6407 -0.8335  0.6951', 'connections': [1]}"
1,"{'dimensions': [1, 1, 1], 'recursive_limit': 3, 'mass': 1, 'position': [0.0, 0.5, 0.0], 'joint_position': [0.0, 1.0, 0.0], 'joint_axis': '0.5731 0.4601 0.0357', 'connections': [2]}"
2,"{'dimensions': [1, 1, 1], 'recursive_limit': 2, 'mass': 1, 'position': [0.0, 0.5, 0.0], 'joint_position': [0.0, 1.0, 0.0], 'joint_axis': '-0.8877  0.7418 -0.7527', 'connections': []}"

0,"{'dimensions': [1, 1, 1], 'recursive_limit': 4, 'mass': 1, 'position': [0, 0, 0.5], 'joint_position': [0, 0.5, 0.5], 'joint_axis': '-0.4493 -0.4449 -0.8416', 'connections': [1]}"
1,"{'dimensions': [1, 1, 1], 'recursive_limit': 3, 'mass': 0, 'position': [0.0, 0.5, 0.0], 'joint_position': [0.0, 1.0, 0.0], 'joint_axis': ' 0.1012 -0.8558 -0.8194', 'connections': []}"

0,"{'dimensions': [1, 1, 1], 'recursive_limit': 4, 'mass': 1, 'position': [0, 0, 0.5], 'joint_position': [0, 0.5, 0.5], 'joint_axis': '0.1021 0.0103 0.0044', 'connections': [1]}"
1,"{'dimensions': [1, 1, 1], 'recursive_limit': 3, 'mass': 1, 'position': [0.0, 0.5, 0.0], 'joint_position': [0.0, 1.0, 0.0], 'joint_axis': ' 0.5358  0.3636 -0.9202', 'connections': [2]}"
2,"{'dimensions': [1, 1, 1], 'recursive_limit': 2, 'mass': 1, 'position': [0.0, 0.5, 0.0], 'joint_position': [0.0, 1.0, 0.0], 'joint_axis': '-0.8365  0.6228 -0.9614', 'connections': [3]}"
3,"{'dimensions': [1, 1, 1], 'recursive_limit': 1, 'mass': 1, 'position': [0.0, 0.5, 0.0], 'joint_position': [0.0, 1.0, 0.0], 'joint_axis': '-0.4933  0.6138  0.3917', 'connections': []}"

0,"{'dimensions': [1, 1, 1], 'recursive_limit': 4, 'mass': 1, 'position': [0, 0, 0.5], 'joint_position': [0, 0.5, 0.5], 'joint_axis': '0.3134 0.538  0.471 ', 'connections': [1]}"
1,"{'dimensions': [1, 1, 1], 'recursive_limit': 3, 'mass': 1, 'position': [0.0, 0.5, 0.0], 'joint_position': [0.0, 1.0, 0.0], 'joint_axis': ' 0.6264  0.3053 -0.023 ', 'connections': []}"



0,"{'dimensions': [1, 1, 1], 'recursive_limit': 4, 'mass': 1, 'position': [0, 0, 0.5], 'joint_position': [0, 0.5, 0.5], 'joint_axis': ' 0.3938 -0.9881 -0.5564', 'connections': [1]}"
1,"{'dimensions': [1, 1, 1], 'recursive_limit': 3, 'mass': 1, 'position': [0.0, 0.5, 0.0], 'joint_position': [0.0, 1.0, 0.0], 'joint_axis': '-0.687  -0.044   0.4486', 'connections': [2]}"
2,"{'dimensions': [1, 1, 1], 'recursive_limit': 2, 'mass': 1, 'position': [0.0, 0.5, 0.0], 'joint_position': [0.0, 1.0, 0.0], 'joint_axis': ' 0.9209 -0.568   0.002 ', 'connections': [3]}"
3,"{'dimensions': [1, 1, 1], 'recursive_limit': 1, 'mass': 1, 'position': [0.0, 0.5, 0.0], 'joint_position': [0.0, 1.0, 0.0], 'joint_axis': '-0.9559 -0.1931 -0.9333', 'connections': []}"

0,"{'dimensions': [1, 1, 1], 'recursive_limit': 4, 'mass': 1, 'position': [0, 0, 0.5], 'joint_position': [0, 0.5, 0.5], 'joint_axis': ' 0.6407 -0.8335  0.6951', 'connections': [1]}"
1,"{'dimensions': [1, 1, 1], 'recursive_limit': 3, 'mass': 1, 'position': [0.0, 0.5, 0.0], 'joint_position': [0.0, 1.0, 0.0], 'joint_axis': '0.5731 0.4601 0.0357', 'connections': [2]}"
2,"{'dimensions': [1, 1, 1], 'recursive_limit': 2, 'mass': 1, 'position': [0.0, 0.5, 0.0], 'joint_position': [0.0, 1.0, 0.0], 'joint_axis': '-0.8877  0.7418 -0.7527', 'connections': []}"

0,"{'dimensions': [1, 1, 1], 'recursive_limit': 4, 'mass': 1, 'position': [0, 0, 0.5], 'joint_position': [0, 0.5, 0.5], 'joint_axis': '-0.4493 -0.4449 -0.8416', 'connections': [1]}"
1,"{'dimensions': [1, 1, 1], 'recursive_limit': 3, 'mass': 0, 'position': [0.0, 0.5, 0.0], 'joint_position': [0.0, 1.0, 0.0], 'joint_axis': ' 0.1012 -0.8558 -0.8194', 'connections': []}"

0,"{'dimensions': [1, 1, 1], 'recursive_limit': 4, 'mass': 1, 'position': [0, 0, 0.5], 'joint_position': [0, 0.5, 0.5], 'joint_axis': '0.1021 0.0103 0.0044', 'connections': [1]}"
1,"{'dimensions': [1, 1, 1], 'recursive_limit': 3, 'mass': 1, 'position': [0.0, 0.5, 0.0], 'joint_position': [0.0, 1.0, 0.0], 'joint_axis': ' 0.5358  0.3636 -0.9202', 'connections': [2]}"
2,"{'dimensions': [1, 1, 1], 'recursive_limit': 2, 'mass': 1, 'position': [0.0, 0.5, 0.0], 'joint_position': [0.0, 1.0, 0.0], 'joint_axis': '-0.8365  0.6228 -0.9614', 'connections': [3]}"
3,"{'dimensions': [1, 1, 1], 'recursive_limit': 1, 'mass': 1, 'position': [0.0, 0.5, 0.0], 'joint_position': [0.0, 1.0, 0.0], 'joint_axis': '-0.4933  0.6138  0.3917', 'connections': []}"

0,"{'dimensions': [1, 1, 1], 'recursive_limit': 4, 'mass': 1, 'position': [0, 0, 0.5], 'joint_position': [0, 0.5, 0.5], 'joint_axis': '0.3134 0.538  0.471 ', 'connections': [1]}"
1,"{'dimensions': [1, 1, 1], 'recursive_limit': 3, 'mass': 1, 'position': [0.0, 0.5, 0.0], 'joint_position': [0.0, 1.0, 0.0], 'joint_axis': ' 0.6264  0.3053 -0.023 ', 'connections': []}"



0,"{'dimensions': [1, 1, 1], 'recursive_limit': 4, 'mass': 1, 'position': [0, 0, 0.5], 'joint_position': [0, 0.5, 0.5], 'joint_axis': ' 0.3938 -0.9881 -0.5564', 'connections': [1]}"
1,"{'dimensions': [1, 1, 1], 'recursive_limit': 3, 'mass': 1, 'position': [0.0, 0.5, 0.0], 'joint_position': [0.0, 1.0, 0.0], 'joint_axis': '-0.687  -0.044   0.4486', 'connections': [2]}"
2,"{'dimensions': [1, 1, 1], 'recursive_limit': 2, 'mass': 1, 'position': [0.0, 0.5, 0.0], 'joint_position': [0.0, 1.0, 0.0], 'joint_axis': ' 0.9209 -0.568   0.002 ', 'connections': [3]}"
3,"{'dimensions': [1, 1, 1], 'recursive_limit': 1, 'mass': 1, 'position': [0.0, 0.5, 0.0], 'joint_position': [0.0, 1.0, 0.0], 'joint_axis': '-0.9559 -0.1931 -0.9333', 'connections': []}"

0,"{'dimensions': [1, 1, 1], 'recursive_limit': 4, 'mass': 1, 'position': [0, 0, 0.5], 'joint_position': [0, 0.5, 0.5], 'joint_axis': ' 0.6407 -0.8335  0.6951', 'connections': [1]}"
1,"{'dimensions': [1, 1, 1], 'recursive_limit': 3, 'mass': 1, 'position': [0.0, 0.5, 0.0], 'joint_position': [0.0, 1.0, 0.0], 'joint_axis': '0.5731 0.4601 0.0357', 'connections': [2]}"
2,"{'dimensions': [1, 1, 1], 'recursive_limit': 2, 'mass': 1, 'position': [0.0, 0.5, 0.0], 'joint_position': [0.0, 1.0, 0.0], 'joint_axis': '-0.8877  0.7418 -0.7527', 'connections': []}"

0,"{'dimensions': [1, 1, 1], 'recursive_limit': 4, 'mass': 1, 'position': [0, 0, 0.5], 'joint_position': [0, 0.5, 0.5], 'joint_axis': '-0.4493 -0.4449 -0.8416', 'connections': [1]}"
1,"{'dimensions': [1, 1, 1], 'recursive_limit': 3, 'mass': 0, 'position': [0.0, 0.5, 0.0], 'joint_position': [0.0, 1.0, 0.0], 'joint_axis': ' 0.1012 -0.8558 -0.8194', 'connections': []}"

0,"{'dimensions': [1, 1, 1], 'recursive_limit': 4, 'mass': 1, 'position': [0, 0, 0.5], 'joint_position': [0, 0.5, 0.5], 'joint_axis': '0.1021 0.0103 0.0044', 'connections': [1]}"
1,"{'dimensions': [1, 1, 1], 'recursive_limit': 3, 'mass': 1, 'position': [0.0, 0.5, 0.0], 'joint_position': [0.0, 1.0, 0.0], 'joint_axis': ' 0.5358  0.3636 -0.9202', 'connections': [2]}"
2,"{'dimensions': [1, 1, 1], 'recursive_limit': 2, 'mass': 1, 'position': [0.0, 0.5, 0.0], 'joint_position': [0.0, 1.0, 0.0], 'joint_axis': '-0.8365  0.6228 -0.9614', 'connections': [3]}"
3,"{'dimensions': [1, 1, 1], 'recursive_limit': 1, 'mass': 1, 'position': [0.0, 0.5, 0.0], 'joint_position': [0.0, 1.0, 0.0], 'joint_axis': '-0.4933  0.6138  0.3917', 'connections': []}"

0,"{'dimensions': [1, 1, 1], 'recursive_limit': 4, 'mass': 1, 'position': [0, 0, 0.5], 'joint_position': [0, 0.5, 0.5], 'joint_axis': '0.3134 0.538  0.471 ', 'connections': [1]}"
1,"{'dimensions': [1, 1, 1], 'recursive_limit': 3, 'mass': 1, 'position': [0.0, 0.5, 0.0], 'joint_position': [0.0, 1.0, 0.0], 'joint_axis': ' 0.6264  0.3053 -0.023 ', 'connections': []}"



0,"{'dimensions': [1, 1, 1], 'recursive_limit': 4, 'mass': 1, 'position': [0, 0, 0.5], 'joint_position': [0, 0.5, 0.5], 'joint_axis': ' 0.3938 -0.9881 -0.5564', 'connections': [1]}"
1,"{'dimensions': [1, 1, 1], 'recursive_limit': 3, 'mass': 1, 'position': [0.0, 0.5, 0.0], 'joint_position': [0.0, 1.0, 0.0], 'joint_axis': '-0.687  -0.044   0.4486', 'connections': [2]}"
2,"{'dimensions': [1, 1, 1], 'recursive_limit': 2, 'mass': 1, 'position': [0.0, 0.5, 0.0], 'joint_position': [0.0, 1.0, 0.0], 'joint_axis': ' 0.9209 -0.568   0.002 ', 'connections': [3]}"
3,"{'dimensions': [1, 1, 1], 'recursive_limit': 1, 'mass': 1, 'position': [0.0, 0.5, 0.0], 'joint_position': [0.0, 1.0, 0.0], 'joint_axis': '-0.9559 -0.1931 -0.9333', 'connections': []}"

0,"{'dimensions': [1, 1, 1], 'recursive_limit': 4, 'mass': 1, 'position': [0, 0, 0.5], 'joint_position': [0, 0.5, 0.5], 'joint_axis': ' 0.6407 -0.8335  0.6951', 'connections': [1]}"
1,"{'dimensions': [1, 1, 1], 'recursive_limit': 3, 'mass': 1, 'position': [0.0, 0.5, 0.0], 'joint_position': [0.0, 1.0, 0.0], 'joint_axis': '0.5731 0.4601 0.0357', 'connections': [2]}"
2,"{'dimensions': [1, 1, 1], 'recursive_limit': 2, 'mass': 1, 'position': [0.0, 0.5, 0.0], 'joint_position': [0.0, 1.0, 0.0], 'joint_axis': '-0.8877  0.7418 -0.7527', 'connections': []}"

0,"{'dimensions': [1, 1, 1], 'recursive_limit': 4, 'mass': 1, 'position': [0, 0, 0.5], 'joint_position': [0, 0.5, 0.5], 'joint_axis': '-0.4493 -0.4449 -0.8416', 'connections': [1]}"
1,"{'dimensions': [1, 1, 1], 'recursive_limit': 3, 'mass': -1, 'position': [0.0, 0.5, 0.0], 'joint_position': [0.0, 1.0, 0.0], 'joint_axis': ' 0.1012 -0.8558 -0.8194', 'connections': []}"

0,"{'dimensions': [1, 1, 1], 'recursive_limit': 4, 'mass': 1, 'position': [0, 0, 0.5], 'joint_position': [0, 0.5, 0.5], 'joint_axis': '0.1021 0.0103 0.0044', 'connections': [1]}"
1,"{'dimensions': [1, 1, 1], 'recursive_limit': 3, 'mass': 1, 'position': [0.0, 0.5, 0.0], 'joint_position': [0.0, 1.0, 0.0], 'joint_axis': ' 0.5358  0.3636 -0.9202', 'connections': [2]}"
2,"{'dimensions': [1, 1, 1], 'recursive_limit': 2, 'mass': 1, 'position': [0.0, 0.5, 0.0], 'joint_position': [0.0, 1.0, 0.0], 'joint_axis': '-0.8365  0.6228 -0.9614', 'connections': [3]}"
3,"{'dimensions': [1, 1, 1], 'recursive_limit': 1, 'mass': 1, 'position': [0.0, 0.5, 0.0], 'joint_position': [0.0, 1.0, 0.0], 'joint_axis': '-0.4933  0.6138  0.3917', 'connections': []}"

0,"{'dimensions': [1, 1, 1], 'recursive_limit': 4, 'mass': 1, 'position': [0, 0, 0.5], 'joint_position': [0, 0.5, 0.5], 'joint_axis': '0.3134 0.538  0.471 ', 'connections': [1]}"
1,"{'dimensions': [1, 1, 1], 'recursive_limit': 3, 'mass': 1, 'position': [0.0, 0.5, 0.0], 'joint_position': [0.0, 1.0, 0.0], 'joint_axis': ' 0.6264  0.3053 -0.023 ', 'connections': []}"



0,"{'dimensions': [1, 1, 1], 'recursive_limit': 4, 'mass': 1, 'position': [0, 0, 0.5], 'joint_position': [0, 0.5, 0.5], 'joint_axis': ' 0.3938 -0.9881 -0.5564', 'connections': [1]}"
1,"{'dimensions': [1, 1, 1], 'recursive_limit': 3, 'mass': 1, 'position': [0.0, 0.5, 0.0], 'joint_position': [0.0, 1.0, 0.0], 'joint_axis': '-0.687  -0.044   0.4486', 'connections': [2]}"
2,"{'dimensions': [1, 1, 1], 'recursive_limit': 2, 'mass': 1, 'position': [0.0, 0.5, 0.0], 'joint_position': [0.0, 1.0, 0.0], 'joint_axis': ' 0.9209 -0.568   0.002 ', 'connections': [3]}"
3,"{'dimensions': [1, 1, 1], 'recursive_limit': 1, 'mass': 1, 'position': [0.0, 0.5, 0.0], 'joint_position': [0.0, 1.0, 0.0], 'joint_axis': '-0.9559 -0.1931 -0.9333', 'connections': []}"

0,"{'dimensions': [1, 1, 1], 'recursive_limit': 4, 'mass': 1, 'position': [0, 0, 0.5], 'joint_position': [0, 0.5, 0.5], 'joint_axis': ' 0.6407 -0.8335  0.6951', 'connections': [1]}"
1,"{'dimensions': [1, 1, 1], 'recursive_limit': 3, 'mass': 1, 'position': [0.0, 0.5, 0.0], 'joint_position': [0.0, 1.0, 0.0], 'joint_axis': '0.5731 0.4601 0.0357', 'connections': [2]}"
2,"{'dimensions': [1, 1, 1], 'recursive_limit': 2, 'mass': 1, 'position': [0.0, 0.5, 0.0], 'joint_position': [0.0, 1.0, 0.0], 'joint_axis': '-0.8877  0.7418 -0.7527', 'connections': []}"

0,"{'dimensions': [1, 1, 1], 'recursive_limit': 4, 'mass': 1, 'position': [0, 0, 0.5], 'joint_position': [0, 0.5, 0.5], 'joint_axis': '-0.4493 -0.4449 -0.8416', 'connections': [1]}"
1,"{'dimensions': [1, 1, 1], 'recursive_limit': 3, 'mass': -1, 'position': [0.0, 0.5, 0.0], 'joint_position': [0.0, 1.0, 0.0], 'joint_axis': ' 0.1012 -0.8558 -0.8194', 'connections': []}"

0,"{'dimensions': [1, 1, 1], 'recursive_limit': 4, 'mass': 1, 'position': [0, 0, 0.5], 'joint_position': [0, 0.5, 0.5], 'joint_axis': '0.1021 0.0103 0.0044', 'connections': [1]}"
1,"{'dimensions': [1, 1, 1], 'recursive_limit': 3, 'mass': 1, 'position': [0.0, 0.5, 0.0], 'joint_position': [0.0, 1.0, 0.0], 'joint_axis': ' 0.5358  0.3636 -0.9202', 'connections': [2]}"
2,"{'dimensions': [1, 1, 1], 'recursive_limit': 2, 'mass': 1, 'position': [0.0, 0.5, 0.0], 'joint_position': [0.0, 1.0, 0.0], 'joint_axis': '-0.8365  0.6228 -0.9614', 'connections': [3]}"
3,"{'dimensions': [1, 1, 1], 'recursive_limit': 1, 'mass': 1, 'position': [0.0, 0.5, 0.0], 'joint_position': [0.0, 1.0, 0.0], 'joint_axis': '-0.4933  0.6138  0.3917', 'connections': []}"

0,"{'dimensions': [1, 1, 1], 'recursive_limit': 4, 'mass': 1, 'position': [0, 0, 0.5], 'joint_position': [0, 0.5, 0.5], 'joint_axis': '0.3134 0.538  0.471 ', 'connections': [1]}"
1,"{'dimensions': [1, 1, 1], 'recursive_limit': 3, 'mass': 1, 'position': [0.0, 0.5, 0.0], 'joint_position': [0.0, 1.0, 0.0], 'joint_axis': ' 0.6264  0.3053 -0.023 ', 'connections': []}"



0,"{'dimensions': [1, 1, 1], 'recursive_limit': 4, 'mass': 1, 'position': [0, 0, 0.5], 'joint_position': [0, 0.5, 0.5], 'joint_axis': ' 0.3938 -0.9881 -0.5564', 'connections': [1]}"
1,"{'dimensions': [1, 1, 1], 'recursive_limit': 3, 'mass': 1, 'position': [0.0, 0.5, 0.0], 'joint_position': [0.0, 1.0, 0.0], 'joint_axis': '-0.687  -0.044   0.4486', 'connections': [2]}"
2,"{'dimensions': [1, 1, 1], 'recursive_limit': 2, 'mass': 1, 'position': [0.0, 0.5, 0.0], 'joint_position': [0.0, 1.0, 0.0], 'joint_axis': ' 0.9209 -0.568   0.002 ', 'connections': [3]}"
3,"{'dimensions': [1, 1, 1], 'recursive_limit': 1, 'mass': 1, 'position': [0.0, 0.5, 0.0], 'joint_position': [0.0, 1.0, 0.0], 'joint_axis': '-0.9559 -0.1931 -0.9333', 'connections': []}"

0,"{'dimensions': [1, 1, 1], 'recursive_limit': 4, 'mass': 1, 'position': [0, 0, 0.5], 'joint_position': [0, 0.5, 0.5], 'joint_axis': ' 0.6407 -0.8335  0.6951', 'connections': [1]}"
1,"{'dimensions': [1, 1, 1], 'recursive_limit': 3, 'mass': 1, 'position': [0.0, 0.5, 0.0], 'joint_position': [0.0, 1.0, 0.0], 'joint_axis': '0.5731 0.4601 0.0357', 'connections': [2]}"
2,"{'dimensions': [1, 1, 1], 'recursive_limit': 2, 'mass': 1, 'position': [0.0, 0.5, 0.0], 'joint_position': [0.0, 1.0, 0.0], 'joint_axis': '-0.8877  0.7418 -0.7527', 'connections': []}"

0,"{'dimensions': [1, 1, 1], 'recursive_limit': 4, 'mass': 1, 'position': [0, 0, 0.5], 'joint_position': [0, 0.5, 0.5], 'joint_axis': '-0.4493 -0.4449 -0.8416', 'connections': [1]}"
1,"{'dimensions': [1, 1, 1], 'recursive_limit': 3, 'mass': -1, 'position': [0.0, 0.5, 0.0], 'joint_position': [0.0, 1.0, 0.0], 'joint_axis': ' 0.1012 -0.8558 -0.8194', 'connections': []}"

0,"{'dimensions': [1, 1, 1], 'recursive_limit': 4, 'mass': 1, 'position': [0, 0, 0.5], 'joint_position': [0, 0.5, 0.5], 'joint_axis': '0.1021 0.0103 0.0044', 'connections': [1]}"
1,"{'dimensions': [1, 1, 1], 'recursive_limit': 3, 'mass': 1, 'position': [0.0, 0.5, 0.0], 'joint_position': [0.0, 1.0, 0.0], 'joint_axis': ' 0.5358  0.3636 -0.9202', 'connections': [2]}"
2,"{'dimensions': [1, 1, 1], 'recursive_limit': 2, 'mass': 1, 'position': [0.0, 0.5, 0.0], 'joint_position': [0.0, 1.0, 0.0], 'joint_axis': '-0.8365  0.6228 -0.9614', 'connections': [3]}"
3,"{'dimensions': [1, 1, 1], 'recursive_limit': 1, 'mass': 1, 'position': [0.0, 0.5, 0.0], 'joint_position': [0.0, 1.0, 0.0], 'joint_axis': '-0.4933  0.6138  0.3917', 'connections': []}"

0,"{'dimensions': [1, 1, 1], 'recursive_limit': 4, 'mass': 1, 'position': [0, 0, 0.5], 'joint_position': [0, 0.5, 0.5], 'joint_axis': '0.3134 0.538  0.471 ', 'connections': [1]}"
1,"{'dimensions': [1, 1, 1], 'recursive_limit': 3, 'mass': 1, 'position': [0.0, 0.5, 0.0], 'joint_position': [0.0, 1.0, 0.0], 'joint_axis': ' 0.6264  0.3053 -0.023 ', 'connections': []}"



0,"{'dimensions': [1, 1, 1], 'recursive_limit': 4, 'mass': 1, 'position': [0, 0, 0.5], 'joint_position': [0, 0.5, 0.5], 'joint_axis': ' 0.3938 -0.9881 -0.5564', 'connections': [1]}"
1,"{'dimensions': [1, 1, 1], 'recursive_limit': 3, 'mass': 1, 'position': [0.0, 0.5, 0.0], 'joint_position': [0.0, 1.0, 0.0], 'joint_axis': '-0.687  -0.044   0.4486', 'connections': [2]}"
2,"{'dimensions': [1, 1, 1], 'recursive_limit': 2, 'mass': 1, 'position': [0.0, 0.5, 0.0], 'joint_position': [0.0, 1.0, 0.0], 'joint_axis': ' 0.9209 -0.568   0.002 ', 'connections': [3]}"
3,"{'dimensions': [1, 1, 1], 'recursive_limit': 1, 'mass': 1, 'position': [0.0, 0.5, 0.0], 'joint_position': [0.0, 1.0, 0.0], 'joint_axis': '-0.9559 -0.1931 -0.9333', 'connections': []}"

0,"{'dimensions': [1, 1, 1], 'recursive_limit': 4, 'mass': 1, 'position': [0, 0, 0.5], 'joint_position': [0, 0.5, 0.5], 'joint_axis': ' 0.6407 -0.8335  0.6951', 'connections': [1]}"
1,"{'dimensions': [1, 1, 1], 'recursive_limit': 3, 'mass': 1, 'position': [0.0, 0.5, 0.0], 'joint_position': [0.0, 1.0, 0.0], 'joint_axis': '0.5731 0.4601 0.0357', 'connections': [2]}"
2,"{'dimensions': [1, 1, 1], 'recursive_limit': 2, 'mass': 1, 'position': [0.0, 0.5, 0.0], 'joint_position': [0.0, 1.0, 0.0], 'joint_axis': '-0.8877  0.7418 -0.7527', 'connections': []}"

0,"{'dimensions': [1, 1, 1], 'recursive_limit': 4, 'mass': 1, 'position': [0, 0, 0.5], 'joint_position': [0, 0.5, 0.5], 'joint_axis': '-0.4493 -0.4449 -0.8416', 'connections': [1]}"
1,"{'dimensions': [1, 1, 1], 'recursive_limit': 3, 'mass': -1, 'position': [0.0, 0.5, 0.0], 'joint_position': [0.0, 1.0, 0.0], 'joint_axis': ' 0.1012 -0.8558 -0.8194', 'connections': []}"

0,"{'dimensions': [1, 1, 1], 'recursive_limit': 4, 'mass': 1, 'position': [0, 0, 0.5], 'joint_position': [0, 0.5, 0.5], 'joint_axis': '0.1021 0.0103 0.0044', 'connections': [1]}"
1,"{'dimensions': [1, 1, 1], 'recursive_limit': 3, 'mass': 1, 'position': [0.0, 0.5, 0.0], 'joint_position': [0.0, 1.0, 0.0], 'joint_axis': ' 0.5358  0.3636 -0.9202', 'connections': [2]}"
2,"{'dimensions': [1, 1, 1], 'recursive_limit': 2, 'mass': 1, 'position': [0.0, 0.5, 0.0], 'joint_position': [0.0, 1.0, 0.0], 'joint_axis': '-0.8365  0.6228 -0.9614', 'connections': [3]}"
3,"{'dimensions': [1, 1, 1], 'recursive_limit': 1, 'mass': 1, 'position': [0.0, 0.5, 0.0], 'joint_position': [0.0, 1.0, 0.0], 'joint_axis': '-0.4933  0.6138  0.3917', 'connections': []}"

0,"{'dimensions': [1, 1, 1], 'recursive_limit': 4, 'mass': 1, 'position': [0, 0, 0.5], 'joint_position': [0, 0.5, 0.5], 'joint_axis': '0.3134 0.538  0.471 ', 'connections': [1]}"
1,"{'dimensions': [1, 1, 1], 'recursive_limit': 3, 'mass': 1, 'position': [0.0, 0.5, 0.0], 'joint_position': [0.0, 1.0, 0.0], 'joint_axis': ' 0.6264  0.3053 -0.023 ', 'connections': []}"



0,"{'dimensions': [1, 1, 1], 'recursive_limit': 4, 'mass': 1, 'position': [0, 0, 0.5], 'joint_position': [0, 0.5, 0.5], 'joint_axis': ' 0.3938 -0.9881 -0.5564', 'connections': [1]}"
1,"{'dimensions': [1, 1, 1], 'recursive_limit': 3, 'mass': 1, 'position': [0.0, 0.5, 0.0], 'joint_position': [0.0, 1.0, 0.0], 'joint_axis': '-0.687  -0.044   0.4486', 'connections': [2]}"
2,"{'dimensions': [1, 1, 1], 'recursive_limit': 2, 'mass': 1, 'position': [0.0, 0.5, 0.0], 'joint_position': [0.0, 1.0, 0.0], 'joint_axis': ' 0.9209 -0.568   0.002 ', 'connections': [3]}"
3,"{'dimensions': [1, 1, 1], 'recursive_limit': 1, 'mass': 1, 'position': [0.0, 0.5, 0.0], 'joint_position': [0.0, 1.0, 0.0], 'joint_axis': '-0.9559 -0.1931 -0.9333', 'connections': []}"

0,"{'dimensions': [1, 1, 1], 'recursive_limit': 4, 'mass': 1, 'position': [0, 0, 0.5], 'joint_position': [0, 0.5, 0.5], 'joint_axis': ' 0.6407 -0.8335  0.6951', 'connections': [1]}"
1,"{'dimensions': [1, 1, 1], 'recursive_limit': 3, 'mass': 1, 'position': [0.0, 0.5, 0.0], 'joint_position': [0.0, 1.0, 0.0], 'joint_axis': '0.5731 0.4601 0.0357', 'connections': [2]}"
2,"{'dimensions': [1, 1, 1], 'recursive_limit': 2, 'mass': 1, 'position': [0.0, 0.5, 0.0], 'joint_position': [0.0, 1.0, 0.0], 'joint_axis': '-0.8877  0.7418 -0.7527', 'connections': []}"

0,"{'dimensions': [1, 1, 1], 'recursive_limit': 4, 'mass': 1, 'position': [0, 0, 0.5], 'joint_position': [0, 0.5, 0.5], 'joint_axis': '-0.4493 -0.4449 -0.8416', 'connections': [1]}"
1,"{'dimensions': [1, 1, 1], 'recursive_limit': 3, 'mass': -1, 'position': [0.0, 0.5, 0.0], 'joint_position': [0.0, 1.0, 0.0], 'joint_axis': ' 0.1012 -0.8558 -0.8194', 'connections': []}"

0,"{'dimensions': [1, 1, 1], 'recursive_limit': 4, 'mass': 1, 'position': [0, 0, 0.5], 'joint_position': [0, 0.5, 0.5], 'joint_axis': '0.1021 0.0103 0.0044', 'connections': [1]}"
1,"{'dimensions': [1, 1, 1], 'recursive_limit': 3, 'mass': 1, 'position': [0.0, 0.5, 0.0], 'joint_position': [0.0, 1.0, 0.0], 'joint_axis': ' 0.5358  0.3636 -0.9202', 'connections': [2]}"
2,"{'dimensions': [1, 1, 1], 'recursive_limit': 2, 'mass': 1, 'position': [0.0, 0.5, 0.0], 'joint_position': [0.0, 1.0, 0.0], 'joint_axis': '-0.8365  0.6228 -0.9614', 'connections': [3]}"
3,"{'dimensions': [1, 1, 1], 'recursive_limit': 1, 'mass': 1, 'position': [0.0, 0.5, 0.0], 'joint_position': [0.0, 1.0, 0.0], 'joint_axis': '-0.4933  0.6138  0.3917', 'connections': []}"

0,"{'dimensions': [1, 1, 1], 'recursive_limit': 4, 'mass': 1, 'position': [0, 0, 0.5], 'joint_position': [0, 0.5, 0.5], 'joint_axis': '0.3134 0.538  0.471 ', 'connections': [1]}"
1,"{'dimensions': [1, 1, 1], 'recursive_limit': 3, 'mass': 1, 'position': [0.0, 0.5, 0.0], 'joint_position': [0.0, 1.0, 0.0], 'joint_axis': ' 0.6264  0.3053 -0.023 ', 'connections': []}"



0,"{'dimensions': [1, 1, 1], 'recursive_limit': 4, 'mass': 1, 'position': [0, 0, 0.5], 'joint_position': [0, 0.5, 0.5], 'joint_axis': ' 0.3938 -0.9881 -0.5564', 'connections': [1]}"
1,"{'dimensions': [1, 1, 1], 'recursive_limit': 3, 'mass': 1, 'position': [0.0, 0.5, 0.0], 'joint_position': [0.0, 1.0, 0.0], 'joint_axis': '-0.687  -0.044   0.4486', 'connections': [2]}"
2,"{'dimensions': [1, 1, 1], 'recursive_limit': 2, 'mass': 1, 'position': [0.0, 0.5, 0.0], 'joint_position': [0.0, 1.0, 0.0], 'joint_axis': ' 0.9209 -0.568   0.002 ', 'connections': [3]}"
3,"{'dimensions': [1, 1, 1], 'recursive_limit': 1, 'mass': 1, 'position': [0.0, 0.5, 0.0], 'joint_position': [0.0, 1.0, 0.0], 'joint_axis': '-0.9559 -0.1931 -0.9333', 'connections': []}"

0,"{'dimensions': [1, 1, 1], 'recursive_limit': 4, 'mass': 1, 'position': [0, 0, 0.5], 'joint_position': [0, 0.5, 0.5], 'joint_axis': ' 0.6407 -0.8335  0.6951', 'connections': [1]}"
1,"{'dimensions': [1, 1, 1], 'recursive_limit': 3, 'mass': 1, 'position': [0.0, 0.5, 0.0], 'joint_position': [0.0, 1.0, 0.0], 'joint_axis': '0.5731 0.4601 0.0357', 'connections': [2]}"
2,"{'dimensions': [1, 1, 1], 'recursive_limit': 2, 'mass': 1, 'position': [0.0, 0.5, 0.0], 'joint_position': [0.0, 1.0, 0.0], 'joint_axis': '-0.8877  0.7418 -0.7527', 'connections': []}"

0,"{'dimensions': [1, 1, 1], 'recursive_limit': 4, 'mass': 1, 'position': [0, 0, 0.5], 'joint_position': [0, 0.5, 0.5], 'joint_axis': '-0.4493 -0.4449 -0.8416', 'connections': [1]}"
1,"{'dimensions': [1, 1, 1], 'recursive_limit': 3, 'mass': -1, 'position': [0.0, 0.5, 0.0], 'joint_position': [0.0, 1.0, 0.0], 'joint_axis': ' 0.1012 -0.8558 -0.8194', 'connections': []}"

0,"{'dimensions': [1, 1, 1], 'recursive_limit': 4, 'mass': 1, 'position': [0, 0, 0.5], 'joint_position': [0, 0.5, 0.5], 'joint_axis': '0.1021 0.0103 0.0044', 'connections': [1]}"
1,"{'dimensions': [1, 1, 1], 'recursive_limit': 3, 'mass': 1, 'position': [0.0, 0.5, 0.0], 'joint_position': [0.0, 1.0, 0.0], 'joint_axis': ' 0.5358  0.3636 -0.9202', 'connections': [2]}"
2,"{'dimensions': [1, 1, 1], 'recursive_limit': 2, 'mass': 1, 'position': [0.0, 0.5, 0.0], 'joint_position': [0.0, 1.0, 0.0], 'joint_axis': '-0.8365  0.6228 -0.9614', 'connections': [3]}"
3,"{'dimensions': [1, 1, 1], 'recursive_limit': 1, 'mass': 1, 'position': [0.0, 0.5, 0.0], 'joint_position': [0.0, 1.0, 0.0], 'joint_axis': '-0.4933  0.6138  0.3917', 'connections': []}"

0,"{'dimensions': [1, 1, 1], 'recursive_limit': 4, 'mass': 1, 'position': [0, 0, 0.5], 'joint_position': [0, 0.5, 0.5], 'joint_axis': '0.3134 0.538  0.471 ', 'connections': [1]}"
1,"{'dimensions': [1, 1, 1], 'recursive_limit': 3, 'mass': 1, 'position': [0.0, 0.5, 0.0], 'joint_position': [0.0, 1.0, 0.0], 'joint_axis': ' 0.6264  0.3053 -0.023 ', 'connections': []}"



0,"{'dimensions': [1, 1, 1], 'recursive_limit': 4, 'mass': 1, 'position': [0, 0, 0.5], 'joint_position': [0, 0.5, 0.5], 'joint_axis': ' 0.3938 -0.9881 -0.5564', 'connections': [1]}"
1,"{'dimensions': [1, 1, 1], 'recursive_limit': 3, 'mass': 1, 'position': [0.0, 0.5, 0.0], 'joint_position': [0.0, 1.0, 0.0], 'joint_axis': '-0.687  -0.044   0.4486', 'connections': [2]}"
2,"{'dimensions': [1, 1, 1], 'recursive_limit': 2, 'mass': 1, 'position': [0.0, 0.5, 0.0], 'joint_position': [0.0, 1.0, 0.0], 'joint_axis': ' 0.9209 -0.568   0.002 ', 'connections': [3]}"
3,"{'dimensions': [1, 1, 1], 'recursive_limit': 1, 'mass': 1, 'position': [0.0, 0.5, 0.0], 'joint_position': [0.0, 1.0, 0.0], 'joint_axis': '-0.9559 -0.1931 -0.9333', 'connections': []}"

0,"{'dimensions': [1, 1, 1], 'recursive_limit': 4, 'mass': 1, 'position': [0, 0, 0.5], 'joint_position': [0, 0.5, 0.5], 'joint_axis': ' 0.6407 -0.8335  0.6951', 'connections': [1]}"
1,"{'dimensions': [1, 1, 1], 'recursive_limit': 3, 'mass': 1, 'position': [0.0, 0.5, 0.0], 'joint_position': [0.0, 1.0, 0.0], 'joint_axis': '0.5731 0.4601 0.0357', 'connections': [2]}"
2,"{'dimensions': [1, 1, 1], 'recursive_limit': 2, 'mass': 1, 'position': [0.0, 0.5, 0.0], 'joint_position': [0.0, 1.0, 0.0], 'joint_axis': '-0.8877  0.7418 -0.7527', 'connections': []}"

0,"{'dimensions': [1, 1, 1], 'recursive_limit': 4, 'mass': 1, 'position': [0, 0, 0.5], 'joint_position': [0, 0.5, 0.5], 'joint_axis': '-0.4493 -0.4449 -0.8416', 'connections': [1]}"
1,"{'dimensions': [1, 1, 1], 'recursive_limit': 3, 'mass': -1, 'position': [0.0, 0.5, 0.0], 'joint_position': [0.0, 1.0, 0.0], 'joint_axis': ' 0.1012 -0.8558 -0.8194', 'connections': []}"

0,"{'dimensions': [1, 1, 1], 'recursive_limit': 4, 'mass': 1, 'position': [0, 0, 0.5], 'joint_position': [0, 0.5, 0.5], 'joint_axis': '0.1021 0.0103 0.0044', 'connections': [1]}"
1,"{'dimensions': [1, 1, 1], 'recursive_limit': 3, 'mass': 1, 'position': [0.0, 0.5, 0.0], 'joint_position': [0.0, 1.0, 0.0], 'joint_axis': ' 0.5358  0.3636 -0.9202', 'connections': [2]}"
2,"{'dimensions': [1, 1, 1], 'recursive_limit': 2, 'mass': 1, 'position': [0.0, 0.5, 0.0], 'joint_position': [0.0, 1.0, 0.0], 'joint_axis': '-0.8365  0.6228 -0.9614', 'connections': [3]}"
3,"{'dimensions': [1, 1, 1], 'recursive_limit': 1, 'mass': 1, 'position': [0.0, 0.5, 0.0], 'joint_position': [0.0, 1.0, 0.0], 'joint_axis': '-0.4933  0.6138  0.3917', 'connections': []}"

0,"{'dimensions': [1, 1, 1], 'recursive_limit': 4, 'mass': 1, 'position': [0, 0, 0.5], 'joint_position': [0, 0.5, 0.5], 'joint_axis': '0.3134 0.538  0.471 ', 'connections': [1]}"
1,"{'dimensions': [1, 1, 1], 'recursive_limit': 3, 'mass': 1, 'position': [0.0, 0.5, 0.0], 'joint_position': [0.0, 1.0, 0.0], 'joint_axis': ' 0.6264  0.3053 -0.023 ', 'connections': []}"



0,"{'dimensions': [1, 1, 1], 'recursive_limit': 4, 'mass': 1, 'position': [0, 0, 0.5], 'joint_position': [0, 0.5, 0.5], 'joint_axis': ' 0.3938 -0.9881 -0.5564', 'connections': [1]}"
1,"{'dimensions': [1, 1, 1], 'recursive_limit': 3, 'mass': 1, 'position': [0.0, 0.5, 0.0], 'joint_position': [0.0, 1.0, 0.0], 'joint_axis': '-0.687  -0.044   0.4486', 'connections': [2]}"
2,"{'dimensions': [1, 1, 1], 'recursive_limit': 2, 'mass': 1, 'position': [0.0, 0.5, 0.0], 'joint_position': [0.0, 1.0, 0.0], 'joint_axis': ' 0.9209 -0.568   0.002 ', 'connections': [3]}"
3,"{'dimensions': [1, 1, 1], 'recursive_limit': 1, 'mass': 1, 'position': [0.0, 0.5, 0.0], 'joint_position': [0.0, 1.0, 0.0], 'joint_axis': '-0.9559 -0.1931 -0.9333', 'connections': []}"

0,"{'dimensions': [1, 1, 1], 'recursive_limit': 4, 'mass': 1, 'position': [0, 0, 0.5], 'joint_position': [0, 0.5, 0.5], 'joint_axis': ' 0.6407 -0.8335  0.6951', 'connections': [1]}"
1,"{'dimensions': [1, 1, 1], 'recursive_limit': 3, 'mass': 1, 'position': [0.0, 0.5, 0.0], 'joint_position': [0.0, 1.0, 0.0], 'joint_axis': '0.5731 0.4601 0.0357', 'connections': [2]}"
2,"{'dimensions': [1, 1, 1], 'recursive_limit': 2, 'mass': 1, 'position': [0.0, 0.5, 0.0], 'joint_position': [0.0, 1.0, 0.0], 'joint_axis': '-0.8877  0.7418 -0.7527', 'connections': []}"

0,"{'dimensions': [1, 1, 1], 'recursive_limit': 4, 'mass': 1, 'position': [0, 0, 0.5], 'joint_position': [0, 0.5, 0.5], 'joint_axis': '-0.4493 -0.4449 -0.8416', 'connections': [1]}"
1,"{'dimensions': [1, 1, 1], 'recursive_limit': 3, 'mass': -1, 'position': [0.0, 0.5, 0.0], 'joint_position': [0.0, 1.0, 0.0], 'joint_axis': ' 0.1012 -0.8558 -0.8194', 'connections': []}"

0,"{'dimensions': [1, 1, 1], 'recursive_limit': 4, 'mass': 1, 'position': [0, 0, 0.5], 'joint_position': [0, 0.5, 0.5], 'joint_axis': '0.1021 0.0103 0.0044', 'connections': [1]}"
1,"{'dimensions': [1, 1, 1], 'recursive_limit': 3, 'mass': 1, 'position': [0.0, 0.5, 0.0], 'joint_position': [0.0, 1.0, 0.0], 'joint_axis': ' 0.5358  0.3636 -0.9202', 'connections': [2]}"
2,"{'dimensions': [1, 1, 1], 'recursive_limit': 2, 'mass': 1, 'position': [0.0, 0.5, 0.0], 'joint_position': [0.0, 1.0, 0.0], 'joint_axis': '-0.8365  0.6228 -0.9614', 'connections': [3]}"
3,"{'dimensions': [1, 1, 1], 'recursive_limit': 1, 'mass': 1, 'position': [0.0, 0.5, 0.0], 'joint_position': [0.0, 1.0, 0.0], 'joint_axis': '-0.4933  0.6138  0.3917', 'connections': []}"

0,"{'dimensions': [1, 1, 1], 'recursive_limit': 4, 'mass': 1, 'position': [0, 0, 0.5], 'joint_position': [0, 0.5, 0.5], 'joint_axis': '0.3134 0.538  0.471 ', 'connections': [1]}"
1,"{'dimensions': [1, 1, 1], 'recursive_limit': 3, 'mass': 0, 'position': [0.0, 0.5, 0.0], 'joint_position': [0.0, 1.0, 0.0], 'joint_axis': ' 0.6264  0.3053 -0.023 ', 'connections': []}"



0,"{'dimensions': [1, 1, 1], 'recursive_limit': 4, 'mass': 1, 'position': [0, 0, 0.5], 'joint_position': [0, 0.5, 0.5], 'joint_axis': ' 0.3938 -0.9881 -0.5564', 'connections': [1]}"
1,"{'dimensions': [1, 1, 1], 'recursive_limit': 3, 'mass': 1, 'position': [0.0, 0.5, 0.0], 'joint_position': [0.0, 1.0, 0.0], 'joint_axis': '-0.687  -0.044   0.4486', 'connections': [2]}"
2,"{'dimensions': [1, 1, 1], 'recursive_limit': 2, 'mass': 1, 'position': [0.0, 0.5, 0.0], 'joint_position': [0.0, 1.0, 0.0], 'joint_axis': ' 0.9209 -0.568   0.002 ', 'connections': [3]}"
3,"{'dimensions': [1, 1, 1], 'recursive_limit': 1, 'mass': 1, 'position': [0.0, 0.5, 0.0], 'joint_position': [0.0, 1.0, 0.0], 'joint_axis': '-0.9559 -0.1931 -0.9333', 'connections': []}"

0,"{'dimensions': [1, 1, 1], 'recursive_limit': 4, 'mass': 1, 'position': [0, 0, 0.5], 'joint_position': [0, 0.5, 0.5], 'joint_axis': ' 0.6407 -0.8335  0.6951', 'connections': [1]}"
1,"{'dimensions': [1, 1, 1], 'recursive_limit': 3, 'mass': 1, 'position': [0.0, 0.5, 0.0], 'joint_position': [0.0, 1.0, 0.0], 'joint_axis': '0.5731 0.4601 0.0357', 'connections': [2]}"
2,"{'dimensions': [1, 1, 1], 'recursive_limit': 2, 'mass': 1, 'position': [0.0, 0.5, 0.0], 'joint_position': [0.0, 1.0, 0.0], 'joint_axis': '-0.8877  0.7418 -0.7527', 'connections': []}"

0,"{'dimensions': [1, 1, 1], 'recursive_limit': 4, 'mass': 1, 'position': [0, 0, 0.5], 'joint_position': [0, 0.5, 0.5], 'joint_axis': '-0.4493 -0.4449 -0.8416', 'connections': [1]}"
1,"{'dimensions': [1, 1, 1], 'recursive_limit': 3, 'mass': -1, 'position': [0.0, 0.5, 0.0], 'joint_position': [0.0, 1.0, 0.0], 'joint_axis': ' 0.1012 -0.8558 -0.8194', 'connections': []}"

0,"{'dimensions': [1, 1, 1], 'recursive_limit': 4, 'mass': 1, 'position': [0, 0, 0.5], 'joint_position': [0, 0.5, 0.5], 'joint_axis': '0.1021 0.0103 0.0044', 'connections': [1]}"
1,"{'dimensions': [1, 1, 1], 'recursive_limit': 3, 'mass': 1, 'position': [0.0, 0.5, 0.0], 'joint_position': [0.0, 1.0, 0.0], 'joint_axis': ' 0.5358  0.3636 -0.9202', 'connections': [2]}"
2,"{'dimensions': [1, 1, 1], 'recursive_limit': 2, 'mass': 1, 'position': [0.0, 0.5, 0.0], 'joint_position': [0.0, 1.0, 0.0], 'joint_axis': '-0.8365  0.6228 -0.9614', 'connections': [3]}"
3,"{'dimensions': [1, 1, 1], 'recursive_limit': 1, 'mass': 1, 'position': [0.0, 0.5, 0.0], 'joint_position': [0.0, 1.0, 0.0], 'joint_axis': '-0.4933  0.6138  0.3917', 'connections': []}"

0,"{'dimensions': [1, 1, 1], 'recursive_limit': 4, 'mass': 1, 'position': [0, 0, 0.5], 'joint_position': [0, 0.5, 0.5], 'joint_axis': '0.3134 0.538  0.471 ', 'connections': [1]}"
1,"{'dimensions': [1, 1, 1], 'recursive_limit': 3, 'mass': -1, 'position': [0.0, 0.5, 0.0], 'joint_position': [0.0, 1.0, 0.0], 'joint_axis': ' 0.6264  0.3053 -0.023 ', 'connections': []}"



0,"{'dimensions': [1, 1, 1], 'recursive_limit': 4, 'mass': 1, 'position': [0, 0, 0.5], 'joint_position': [0, 0.5, 0.5], 'joint_axis': ' 0.3938 -0.9881 -0.5564', 'connections': [1]}"
1,"{'dimensions': [1, 1, 1], 'recursive_limit': 3, 'mass': 1, 'position': [0.0, 0.5, 0.0], 'joint_position': [0.0, 1.0, 0.0], 'joint_axis': '-0.687  -0.044   0.4486', 'connections': [2]}"
2,"{'dimensions': [1, 1, 1], 'recursive_limit': 2, 'mass': 1, 'position': [0.0, 0.5, 0.0], 'joint_position': [0.0, 1.0, 0.0], 'joint_axis': ' 0.9209 -0.568   0.002 ', 'connections': [3]}"
3,"{'dimensions': [1, 1, 1], 'recursive_limit': 1, 'mass': 1, 'position': [0.0, 0.5, 0.0], 'joint_position': [0.0, 1.0, 0.0], 'joint_axis': '-0.9559 -0.1931 -0.9333', 'connections': []}"

0,"{'dimensions': [1, 1, 1], 'recursive_limit': 4, 'mass': 1, 'position': [0, 0, 0.5], 'joint_position': [0, 0.5, 0.5], 'joint_axis': ' 0.6407 -0.8335  0.6951', 'connections': [1]}"
1,"{'dimensions': [1, 1, 1], 'recursive_limit': 3, 'mass': 1, 'position': [0.0, 0.5, 0.0], 'joint_position': [0.0, 1.0, 0.0], 'joint_axis': '0.5731 0.4601 0.0357', 'connections': [2]}"
2,"{'dimensions': [1, 1, 1], 'recursive_limit': 2, 'mass': 1, 'position': [0.0, 0.5, 0.0], 'joint_position': [0.0, 1.0, 0.0], 'joint_axis': '-0.8877  0.7418 -0.7527', 'connections': []}"

0,"{'dimensions': [1, 1, 1], 'recursive_limit': 4, 'mass': 1, 'position': [0, 0, 0.5], 'joint_position': [0, 0.5, 0.5], 'joint_axis': '-0.4493 -0.4449 -0.8416', 'connections': [1]}"
1,"{'dimensions': [1, 1, 1], 'recursive_limit': 3, 'mass': -1, 'position': [0.0, 0.5, 0.0], 'joint_position': [0.0, 1.0, 0.0], 'joint_axis': ' 0.1012 -0.8558 -0.8194', 'connections': []}"

0,"{'dimensions': [1, 1, 1], 'recursive_limit': 4, 'mass': 1, 'position': [0, 0, 0.5], 'joint_position': [0, 0.5, 0.5], 'joint_axis': '0.1021 0.0103 0.0044', 'connections': [1]}"
1,"{'dimensions': [1, 1, 1], 'recursive_limit': 3, 'mass': 1, 'position': [0.0, 0.5, 0.0], 'joint_position': [0.0, 1.0, 0.0], 'joint_axis': ' 0.5358  0.3636 -0.9202', 'connections': [2]}"
2,"{'dimensions': [1, 1, 1], 'recursive_limit': 2, 'mass': 1, 'position': [0.0, 0.5, 0.0], 'joint_position': [0.0, 1.0, 0.0], 'joint_axis': '-0.8365  0.6228 -0.9614', 'connections': [3]}"
3,"{'dimensions': [1, 1, 1], 'recursive_limit': 1, 'mass': 1, 'position': [0.0, 0.5, 0.0], 'joint_position': [0.0, 1.0, 0.0], 'joint_axis': '-0.4933  0.6138  0.3917', 'connections': []}"

0,"{'dimensions': [1, 1, 1], 'recursive_limit': 4, 'mass': 1, 'position': [0, 0, 0.5], 'joint_position': [0, 0.5, 0.5], 'joint_axis': '0.3134 0.538  0.471 ', 'connections': [1]}"
1,"{'dimensions': [1, 1, 1], 'recursive_limit': 3, 'mass': -2, 'position': [0.0, 0.5, 0.0], 'joint_position': [0.0, 1.0, 0.0], 'joint_axis': ' 0.6264  0.3053 -0.023 ', 'connections': []}"



0,"{'dimensions': [1, 1, 1], 'recursive_limit': 4, 'mass': 1, 'position': [0, 0, 0.5], 'joint_position': [0, 0.5, 0.5], 'joint_axis': ' 0.3938 -0.9881 -0.5564', 'connections': [1]}"
1,"{'dimensions': [1, 1, 1], 'recursive_limit': 3, 'mass': 1, 'position': [0.0, 0.5, 0.0], 'joint_position': [0.0, 1.0, 0.0], 'joint_axis': '-0.687  -0.044   0.4486', 'connections': [2]}"
2,"{'dimensions': [1, 1, 1], 'recursive_limit': 2, 'mass': 1, 'position': [0.0, 0.5, 0.0], 'joint_position': [0.0, 1.0, 0.0], 'joint_axis': ' 0.9209 -0.568   0.002 ', 'connections': [3]}"
3,"{'dimensions': [1, 1, 1], 'recursive_limit': 1, 'mass': 1, 'position': [0.0, 0.5, 0.0], 'joint_position': [0.0, 1.0, 0.0], 'joint_axis': '-0.9559 -0.1931 -0.9333', 'connections': []}"

0,"{'dimensions': [1, 1, 1], 'recursive_limit': 4, 'mass': 1, 'position': [0, 0, 0.5], 'joint_position': [0, 0.5, 0.5], 'joint_axis': ' 0.6407 -0.8335  0.6951', 'connections': [1]}"
1,"{'dimensions': [1, 1, 1], 'recursive_limit': 3, 'mass': 1, 'position': [0.0, 0.5, 0.0], 'joint_position': [0.0, 1.0, 0.0], 'joint_axis': '0.5731 0.4601 0.0357', 'connections': [2]}"
2,"{'dimensions': [1, 1, 1], 'recursive_limit': 2, 'mass': 1, 'position': [0.0, 0.5, 0.0], 'joint_position': [0.0, 1.0, 0.0], 'joint_axis': '-0.8877  0.7418 -0.7527', 'connections': []}"

0,"{'dimensions': [1, 1, 1], 'recursive_limit': 4, 'mass': 1, 'position': [0, 0, 0.5], 'joint_position': [0, 0.5, 0.5], 'joint_axis': '-0.4493 -0.4449 -0.8416', 'connections': [1]}"
1,"{'dimensions': [1, 1, 1], 'recursive_limit': 3, 'mass': -1, 'position': [0.0, 0.5, 0.0], 'joint_position': [0.0, 1.0, 0.0], 'joint_axis': ' 0.1012 -0.8558 -0.8194', 'connections': []}"

0,"{'dimensions': [1, 1, 1], 'recursive_limit': 4, 'mass': 1, 'position': [0, 0, 0.5], 'joint_position': [0, 0.5, 0.5], 'joint_axis': '0.1021 0.0103 0.0044', 'connections': [1]}"
1,"{'dimensions': [1, 1, 1], 'recursive_limit': 3, 'mass': 1, 'position': [0.0, 0.5, 0.0], 'joint_position': [0.0, 1.0, 0.0], 'joint_axis': ' 0.5358  0.3636 -0.9202', 'connections': [2]}"
2,"{'dimensions': [1, 1, 1], 'recursive_limit': 2, 'mass': 1, 'position': [0.0, 0.5, 0.0], 'joint_position': [0.0, 1.0, 0.0], 'joint_axis': '-0.8365  0.6228 -0.9614', 'connections': [3]}"
3,"{'dimensions': [1, 1, 1], 'recursive_limit': 1, 'mass': 1, 'position': [0.0, 0.5, 0.0], 'joint_position': [0.0, 1.0, 0.0], 'joint_axis': '-0.4933  0.6138  0.3917', 'connections': []}"

0,"{'dimensions': [1, 1, 1], 'recursive_limit': 4, 'mass': 1, 'position': [0, 0, 0.5], 'joint_position': [0, 0.5, 0.5], 'joint_axis': '0.3134 0.538  0.471 ', 'connections': [1]}"
1,"{'dimensions': [1, 1, 1], 'recursive_limit': 3, 'mass': -2, 'position': [0.0, 0.5, 0.0], 'joint_position': [0.0, 1.0, 0.0], 'joint_axis': ' 0.6264  0.3053 -0.023 ', 'connections': []}"



0,"{'dimensions': [1, 1, 1], 'recursive_limit': 4, 'mass': 1, 'position': [0, 0, 0.5], 'joint_position': [0, 0.5, 0.5], 'joint_axis': ' 0.3938 -0.9881 -0.5564', 'connections': [1]}"
1,"{'dimensions': [1, 1, 1], 'recursive_limit': 3, 'mass': 1, 'position': [0.0, 0.5, 0.0], 'joint_position': [0.0, 1.0, 0.0], 'joint_axis': '-0.687  -0.044   0.4486', 'connections': [2]}"
2,"{'dimensions': [1, 1, 1], 'recursive_limit': 2, 'mass': 1, 'position': [0.0, 0.5, 0.0], 'joint_position': [0.0, 1.0, 0.0], 'joint_axis': ' 0.9209 -0.568   0.002 ', 'connections': [3]}"
3,"{'dimensions': [1, 1, 1], 'recursive_limit': 1, 'mass': 1, 'position': [0.0, 0.5, 0.0], 'joint_position': [0.0, 1.0, 0.0], 'joint_axis': '-0.9559 -0.1931 -0.9333', 'connections': []}"

0,"{'dimensions': [1, 1, 1], 'recursive_limit': 4, 'mass': 1, 'position': [0, 0, 0.5], 'joint_position': [0, 0.5, 0.5], 'joint_axis': ' 0.6407 -0.8335  0.6951', 'connections': [1]}"
1,"{'dimensions': [1, 1, 1], 'recursive_limit': 3, 'mass': 1, 'position': [0.0, 0.5, 0.0], 'joint_position': [0.0, 1.0, 0.0], 'joint_axis': '0.5731 0.4601 0.0357', 'connections': [2]}"
2,"{'dimensions': [1, 1, 1], 'recursive_limit': 2, 'mass': 1, 'position': [0.0, 0.5, 0.0], 'joint_position': [0.0, 1.0, 0.0], 'joint_axis': '-0.8877  0.7418 -0.7527', 'connections': []}"

0,"{'dimensions': [1, 1, 1], 'recursive_limit': 4, 'mass': 1, 'position': [0, 0, 0.5], 'joint_position': [0, 0.5, 0.5], 'joint_axis': '-0.4493 -0.4449 -0.8416', 'connections': [1]}"
1,"{'dimensions': [1, 1, 1], 'recursive_limit': 3, 'mass': -2, 'position': [0.0, 0.5, 0.0], 'joint_position': [0.0, 1.0, 0.0], 'joint_axis': ' 0.1012 -0.8558 -0.8194', 'connections': []}"

0,"{'dimensions': [1, 1, 1], 'recursive_limit': 4, 'mass': 1, 'position': [0, 0, 0.5], 'joint_position': [0, 0.5, 0.5], 'joint_axis': '0.1021 0.0103 0.0044', 'connections': [1]}"
1,"{'dimensions': [1, 1, 1], 'recursive_limit': 3, 'mass': 1, 'position': [0.0, 0.5, 0.0], 'joint_position': [0.0, 1.0, 0.0], 'joint_axis': ' 0.5358  0.3636 -0.9202', 'connections': [2]}"
2,"{'dimensions': [1, 1, 1], 'recursive_limit': 2, 'mass': 1, 'position': [0.0, 0.5, 0.0], 'joint_position': [0.0, 1.0, 0.0], 'joint_axis': '-0.8365  0.6228 -0.9614', 'connections': [3]}"
3,"{'dimensions': [1, 1, 1], 'recursive_limit': 1, 'mass': 1, 'position': [0.0, 0.5, 0.0], 'joint_position': [0.0, 1.0, 0.0], 'joint_axis': '-0.4933  0.6138  0.3917', 'connections': []}"

0,"{'dimensions': [1, 1, 1], 'recursive_limit': 4, 'mass': 1, 'position': [0, 0, 0.5], 'joint_position': [0, 0.5, 0.5], 'joint_axis': '0.3134 0.538  0.471 ', 'connections': [1]}"
1,"{'dimensions': [1, 1, 1], 'recursive_limit': 3, 'mass': -3, 'position': [0.0, 0.5, 0.0], 'joint_position': [0.0, 1.0, 0.0], 'joint_axis': ' 0.6264  0.3053 -0.023 ', 'connections': []}"



0,"{'dimensions': [1, 1, 1], 'recursive_limit': 4, 'mass': 1, 'position': [0, 0, 0.5], 'joint_position': [0, 0.5, 0.5], 'joint_axis': ' 0.3938 -0.9881 -0.5564', 'connections': [1]}"
1,"{'dimensions': [1, 1, 1], 'recursive_limit': 3, 'mass': 1, 'position': [0.0, 0.5, 0.0], 'joint_position': [0.0, 1.0, 0.0], 'joint_axis': '-0.687  -0.044   0.4486', 'connections': [2]}"
2,"{'dimensions': [1, 1, 1], 'recursive_limit': 2, 'mass': 1, 'position': [0.0, 0.5, 0.0], 'joint_position': [0.0, 1.0, 0.0], 'joint_axis': ' 0.9209 -0.568   0.002 ', 'connections': [3]}"
3,"{'dimensions': [1, 1, 1], 'recursive_limit': 1, 'mass': 1, 'position': [0.0, 0.5, 0.0], 'joint_position': [0.0, 1.0, 0.0], 'joint_axis': '-0.9559 -0.1931 -0.9333', 'connections': []}"

0,"{'dimensions': [1, 1, 1], 'recursive_limit': 4, 'mass': 1, 'position': [0, 0, 0.5], 'joint_position': [0, 0.5, 0.5], 'joint_axis': ' 0.6407 -0.8335  0.6951', 'connections': [1]}"
1,"{'dimensions': [1, 1, 1], 'recursive_limit': 3, 'mass': 1, 'position': [0.0, 0.5, 0.0], 'joint_position': [0.0, 1.0, 0.0], 'joint_axis': '0.5731 0.4601 0.0357', 'connections': [2]}"
2,"{'dimensions': [1, 1, 1], 'recursive_limit': 2, 'mass': 1, 'position': [0.0, 0.5, 0.0], 'joint_position': [0.0, 1.0, 0.0], 'joint_axis': '-0.8877  0.7418 -0.7527', 'connections': []}"

0,"{'dimensions': [1, 1, 1], 'recursive_limit': 4, 'mass': 1, 'position': [0, 0, 0.5], 'joint_position': [0, 0.5, 0.5], 'joint_axis': '-0.4493 -0.4449 -0.8416', 'connections': [1]}"
1,"{'dimensions': [1, 1, 1], 'recursive_limit': 3, 'mass': -2, 'position': [0.0, 0.5, 0.0], 'joint_position': [0.0, 1.0, 0.0], 'joint_axis': ' 0.1012 -0.8558 -0.8194', 'connections': []}"

0,"{'dimensions': [1, 1, 1], 'recursive_limit': 4, 'mass': 1, 'position': [0, 0, 0.5], 'joint_position': [0, 0.5, 0.5], 'joint_axis': '0.1021 0.0103 0.0044', 'connections': [1]}"
1,"{'dimensions': [1, 1, 1], 'recursive_limit': 3, 'mass': 1, 'position': [0.0, 0.5, 0.0], 'joint_position': [0.0, 1.0, 0.0], 'joint_axis': ' 0.5358  0.3636 -0.9202', 'connections': [2]}"
2,"{'dimensions': [1, 1, 1], 'recursive_limit': 2, 'mass': 1, 'position': [0.0, 0.5, 0.0], 'joint_position': [0.0, 1.0, 0.0], 'joint_axis': '-0.8365  0.6228 -0.9614', 'connections': [3]}"
3,"{'dimensions': [1, 1, 1], 'recursive_limit': 1, 'mass': 1, 'position': [0.0, 0.5, 0.0], 'joint_position': [0.0, 1.0, 0.0], 'joint_axis': '-0.4933  0.6138  0.3917', 'connections': []}"

0,"{'dimensions': [1, 1, 1], 'recursive_limit': 4, 'mass': 1, 'position': [0, 0, 0.5], 'joint_position': [0, 0.5, 0.5], 'joint_axis': '0.3134 0.538  0.471 ', 'connections': [1]}"
1,"{'dimensions': [1, 1, 1], 'recursive_limit': 3, 'mass': -3, 'position': [0.0, 0.5, 0.0], 'joint_position': [0.0, 1.0, 0.0], 'joint_axis': ' 0.6264  0.3053 -0.023 ', 'connections': []}"



0,"{'dimensions': [1, 1, 1], 'recursive_limit': 4, 'mass': 1, 'position': [0, 0, 0.5], 'joint_position': [0, 0.5, 0.5], 'joint_axis': ' 0.3938 -0.9881 -0.5564', 'connections': [1]}"
1,"{'dimensions': [1, 1, 1], 'recursive_limit': 3, 'mass': 1, 'position': [0.0, 0.5, 0.0], 'joint_position': [0.0, 1.0, 0.0], 'joint_axis': '-0.687  -0.044   0.4486', 'connections': [2]}"
2,"{'dimensions': [1, 1, 1], 'recursive_limit': 2, 'mass': 1, 'position': [0.0, 0.5, 0.0], 'joint_position': [0.0, 1.0, 0.0], 'joint_axis': ' 0.9209 -0.568   0.002 ', 'connections': [3]}"
3,"{'dimensions': [1, 1, 1], 'recursive_limit': 1, 'mass': 1, 'position': [0.0, 0.5, 0.0], 'joint_position': [0.0, 1.0, 0.0], 'joint_axis': '-0.9559 -0.1931 -0.9333', 'connections': []}"

0,"{'dimensions': [1, 1, 1], 'recursive_limit': 4, 'mass': 1, 'position': [0, 0, 0.5], 'joint_position': [0, 0.5, 0.5], 'joint_axis': ' 0.6407 -0.8335  0.6951', 'connections': [1]}"
1,"{'dimensions': [1, 1, 1], 'recursive_limit': 3, 'mass': 1, 'position': [0.0, 0.5, 0.0], 'joint_position': [0.0, 1.0, 0.0], 'joint_axis': '0.5731 0.4601 0.0357', 'connections': [2]}"
2,"{'dimensions': [1, 1, 1], 'recursive_limit': 2, 'mass': 1, 'position': [0.0, 0.5, 0.0], 'joint_position': [0.0, 1.0, 0.0], 'joint_axis': '-0.8877  0.7418 -0.7527', 'connections': []}"

0,"{'dimensions': [1, 1, 1], 'recursive_limit': 4, 'mass': 1, 'position': [0, 0, 0.5], 'joint_position': [0, 0.5, 0.5], 'joint_axis': '-0.4493 -0.4449 -0.8416', 'connections': [1]}"
1,"{'dimensions': [1, 1, 1], 'recursive_limit': 3, 'mass': -2, 'position': [0.0, 0.5, 0.0], 'joint_position': [0.0, 1.0, 0.0], 'joint_axis': ' 0.1012 -0.8558 -0.8194', 'connections': []}"

0,"{'dimensions': [1, 1, 1], 'recursive_limit': 4, 'mass': 1, 'position': [0, 0, 0.5], 'joint_position': [0, 0.5, 0.5], 'joint_axis': '0.1021 0.0103 0.0044', 'connections': [1]}"
1,"{'dimensions': [1, 1, 1], 'recursive_limit': 3, 'mass': 1, 'position': [0.0, 0.5, 0.0], 'joint_position': [0.0, 1.0, 0.0], 'joint_axis': ' 0.5358  0.3636 -0.9202', 'connections': [2]}"
2,"{'dimensions': [1, 1, 1], 'recursive_limit': 2, 'mass': 1, 'position': [0.0, 0.5, 0.0], 'joint_position': [0.0, 1.0, 0.0], 'joint_axis': '-0.8365  0.6228 -0.9614', 'connections': [3]}"
3,"{'dimensions': [1, 1, 1], 'recursive_limit': 1, 'mass': 1, 'position': [0.0, 0.5, 0.0], 'joint_position': [0.0, 1.0, 0.0], 'joint_axis': '-0.4933  0.6138  0.3917', 'connections': []}"

0,"{'dimensions': [1, 1, 1], 'recursive_limit': 4, 'mass': 1, 'position': [0, 0, 0.5], 'joint_position': [0, 0.5, 0.5], 'joint_axis': '0.3134 0.538  0.471 ', 'connections': [1]}"
1,"{'dimensions': [1, 1, 1], 'recursive_limit': 3, 'mass': -3, 'position': [0.0, 0.5, 0.0], 'joint_position': [0.0, 1.0, 0.0], 'joint_axis': ' 0.6264  0.3053 -0.023 ', 'connections': []}"



0,"{'dimensions': [1, 1, 1], 'recursive_limit': 4, 'mass': 1, 'position': [0, 0, 0.5], 'joint_position': [0, 0.5, 0.5], 'joint_axis': ' 0.3938 -0.9881 -0.5564', 'connections': [1]}"
1,"{'dimensions': [1, 1, 1], 'recursive_limit': 3, 'mass': 1, 'position': [0.0, 0.5, 0.0], 'joint_position': [0.0, 1.0, 0.0], 'joint_axis': '-0.687  -0.044   0.4486', 'connections': [2]}"
2,"{'dimensions': [1, 1, 1], 'recursive_limit': 2, 'mass': 1, 'position': [0.0, 0.5, 0.0], 'joint_position': [0.0, 1.0, 0.0], 'joint_axis': ' 0.9209 -0.568   0.002 ', 'connections': [3]}"
3,"{'dimensions': [1, 1, 1], 'recursive_limit': 1, 'mass': 1, 'position': [0.0, 0.5, 0.0], 'joint_position': [0.0, 1.0, 0.0], 'joint_axis': '-0.9559 -0.1931 -0.9333', 'connections': []}"

0,"{'dimensions': [1, 1, 1], 'recursive_limit': 4, 'mass': 1, 'position': [0, 0, 0.5], 'joint_position': [0, 0.5, 0.5], 'joint_axis': ' 0.6407 -0.8335  0.6951', 'connections': [1]}"
1,"{'dimensions': [1, 1, 1], 'recursive_limit': 3, 'mass': 1, 'position': [0.0, 0.5, 0.0], 'joint_position': [0.0, 1.0, 0.0], 'joint_axis': '0.5731 0.4601 0.0357', 'connections': [2]}"
2,"{'dimensions': [1, 1, 1], 'recursive_limit': 2, 'mass': 1, 'position': [0.0, 0.5, 0.0], 'joint_position': [0.0, 1.0, 0.0], 'joint_axis': '-0.8877  0.7418 -0.7527', 'connections': []}"

0,"{'dimensions': [1, 1, 1], 'recursive_limit': 4, 'mass': 1, 'position': [0, 0, 0.5], 'joint_position': [0, 0.5, 0.5], 'joint_axis': '-0.4493 -0.4449 -0.8416', 'connections': [1]}"
1,"{'dimensions': [1, 1, 1], 'recursive_limit': 3, 'mass': -2, 'position': [0.0, 0.5, 0.0], 'joint_position': [0.0, 1.0, 0.0], 'joint_axis': ' 0.1012 -0.8558 -0.8194', 'connections': []}"

0,"{'dimensions': [1, 1, 1], 'recursive_limit': 4, 'mass': 1, 'position': [0, 0, 0.5], 'joint_position': [0, 0.5, 0.5], 'joint_axis': '0.1021 0.0103 0.0044', 'connections': [1]}"
1,"{'dimensions': [1, 1, 1], 'recursive_limit': 3, 'mass': 1, 'position': [0.0, 0.5, 0.0], 'joint_position': [0.0, 1.0, 0.0], 'joint_axis': ' 0.5358  0.3636 -0.9202', 'connections': [2]}"
2,"{'dimensions': [1, 1, 1], 'recursive_limit': 2, 'mass': 1, 'position': [0.0, 0.5, 0.0], 'joint_position': [0.0, 1.0, 0.0], 'joint_axis': '-0.8365  0.6228 -0.9614', 'connections': [3]}"
3,"{'dimensions': [1, 1, 1], 'recursive_limit': 1, 'mass': 1, 'position': [0.0, 0.5, 0.0], 'joint_position': [0.0, 1.0, 0.0], 'joint_axis': '-0.4933  0.6138  0.3917', 'connections': []}"

0,"{'dimensions': [1, 1, 1], 'recursive_limit': 4, 'mass': 1, 'position': [0, 0, 0.5], 'joint_position': [0, 0.5, 0.5], 'joint_axis': '0.3134 0.538  0.471 ', 'connections': [1]}"
1,"{'dimensions': [1, 1, 1], 'recursive_limit': 3, 'mass': -3, 'position': [0.0, 0.5, 0.0], 'joint_position': [0.0, 1.0, 0.0], 'joint_axis': ' 0.6264  0.3053 -0.023 ', 'connections': []}"



