0,"{'dimensions': [1, 1, 1], 'recursive_limit': 4, 'mass': 1, 'position': [0, 0, 0.5], 'joint_position': [0, 0.5, 0.5], 'joint_axis': '-0.4912  0.1703 -0.7885', 'connections': [1]}"
1,"{'dimensions': [1, 1, 1], 'recursive_limit': 3, 'mass': 1, 'position': [0.0, 0.5, 0.0], 'joint_position': [0.0, 1.0, 0.0], 'joint_axis': ' 0.4839 -0.2126 -0.9336', 'connections': [2]}"
2,"{'dimensions': [1, 1, 1], 'recursive_limit': 2, 'mass': 1, 'position': [0.0, 0.5, 0.0], 'joint_position': [0.0, 1.0, 0.0], 'joint_axis': ' 0.9531  0.2349 -0.9909', 'connections': [3]}"
3,"{'dimensions': [1, 1, 1], 'recursive_limit': 1, 'mass': 1, 'position': [0.0, 0.5, 0.0], 'joint_position': [0.0, 1.0, 0.0], 'joint_axis': ' 0.4438  0.2232 -0.3688', 'connections': []}"

0,"{'dimensions': [1, 1, 1], 'recursive_limit': 4, 'mass': 1, 'position': [0, 0, 0.5], 'joint_position': [0, 0.5, 0.5], 'joint_axis': '-0.6514  0.9745  0.9267', 'connections': [1]}"
1,"{'dimensions': [1, 1, 1], 'recursive_limit': 3, 'mass': 1, 'position': [0.0, 0.5, 0.0], 'joint_position': [0.0, 1.0, 0.0], 'joint_axis': '-0.8609 -0.2405  0.2609', 'connections': [2]}"
2,"{'dimensions': [1, 1, 1], 'recursive_limit': 2, 'mass': 1, 'position': [0.0, 0.5, 0.0], 'joint_position': [0.0, 1.0, 0.0], 'joint_axis': ' 0.6714 -0.7389  0.3904', 'connections': [3]}"
3,"{'dimensions': [1, 1, 1], 'recursive_limit': 1, 'mass': 1, 'position': [0.0, 0.5, 0.0], 'joint_position': [0.0, 1.0, 0.0], 'joint_axis': '-0.4731 -0.028  -0.3464', 'connections': []}"

0,"{'dimensions': [1, 1, 1], 'recursive_limit': 4, 'mass': 1, 'position': [0, 0, 0.5], 'joint_position': [0, 0.5, 0.5], 'joint_axis': '-0.6536  0.2868 -0.9957', 'connections': [1]}"
1,"{'dimensions': [1, 1, 1], 'recursive_limit': 3, 'mass': 1, 'position': [0.0, 0.5, 0.0], 'joint_position': [0.0, 1.0, 0.0], 'joint_axis': '-0.9978 -0.6249 -0.4375', 'connections': [2]}"
2,"{'dimensions': [1, 1, 1], 'recursive_limit': 2, 'mass': 1, 'position': [0.0, 0.5, 0.0], 'joint_position': [0.0, 1.0, 0.0], 'joint_axis': '-0.0131  0.9835  0.3554', 'connections': [3]}"
3,"{'dimensions': [1, 1, 1], 'recursive_limit': 1, 'mass': 1, 'position': [0.0, 0.5, 0.0], 'joint_position': [0.0, 1.0, 0.0], 'joint_axis': ' 0.6293 -0.7334 -0.5207', 'connections': []}"

0,"{'dimensions': [1, 1, 1], 'recursive_limit': 4, 'mass': 1, 'position': [0, 0, 0.5], 'joint_position': [0, 0.5, 0.5], 'joint_axis': '-0.4732  0.2527 -0.1556', 'connections': [1]}"
1,"{'dimensions': [1, 1, 1], 'recursive_limit': 3, 'mass': 1, 'position': [0.0, 0.5, 0.0], 'joint_position': [0.0, 1.0, 0.0], 'joint_axis': ' 0.1524 -0.3519 -0.2027', 'connections': [2]}"
2,"{'dimensions': [1, 1, 1], 'recursive_limit': 2, 'mass': 1, 'position': [0.0, 0.5, 0.0], 'joint_position': [0.0, 1.0, 0.0], 'joint_axis': '-0.1637  0.2828  0.5158', 'connections': [3]}"
3,"{'dimensions': [1, 1, 1], 'recursive_limit': 1, 'mass': 1, 'position': [0.0, 0.5, 0.0], 'joint_position': [0.0, 1.0, 0.0], 'joint_axis': '-0.3598  0.5138 -0.8524', 'connections': []}"

0,"{'dimensions': [1, 1, 1], 'recursive_limit': 4, 'mass': 1, 'position': [0, 0, 0.5], 'joint_position': [0, 0.5, 0.5], 'joint_axis': ' 0.2952  0.556  -0.1933', 'connections': [1]}"
1,"{'dimensions': [1, 1, 1], 'recursive_limit': 3, 'mass': 1, 'position': [0.0, 0.5, 0.0], 'joint_position': [0.0, 1.0, 0.0], 'joint_axis': '0.4328 0.8801 0.9087', 'connections': [2]}"
2,"{'dimensions': [1, 1, 1], 'recursive_limit': 2, 'mass': 1, 'position': [0.0, 0.5, 0.0], 'joint_position': [0.0, 1.0, 0.0], 'joint_axis': ' 0.5671 -0.4169  0.7828', 'connections': [3]}"
3,"{'dimensions': [1, 1, 1], 'recursive_limit': 1, 'mass': 1, 'position': [0.0, 0.5, 0.0], 'joint_position': [0.0, 1.0, 0.0], 'joint_axis': '-0.2447  0.4243 -0.419 ', 'connections': []}"



0,"{'dimensions': [1, 1, 1], 'recursive_limit': 4, 'mass': 1, 'position': [0, 0, 0.5], 'joint_position': [0, 0.5, 0.5], 'joint_axis': '-0.4912  0.1703 -0.7885', 'connections': [1]}"
1,"{'dimensions': [1, 1, 1], 'recursive_limit': 3, 'mass': 1, 'position': [0.0, 0.5, 0.0], 'joint_position': [0.0, 1.0, 0.0], 'joint_axis': ' 0.4839 -0.2126 -0.9336', 'connections': [2]}"
2,"{'dimensions': [1, 1, 1], 'recursive_limit': 2, 'mass': 1, 'position': [0.0, 0.5, 0.0], 'joint_position': [0.0, 1.0, 0.0], 'joint_axis': ' 0.9531  0.2349 -0.9909', 'connections': [3]}"
3,"{'dimensions': [1, 1, 1], 'recursive_limit': 1, 'mass': 1, 'position': [0.0, 0.5, 0.0], 'joint_position': [0.0, 1.0, 0.0], 'joint_axis': ' 0.4438  0.2232 -0.3688', 'connections': []}"

0,"{'dimensions': [1, 1, 1], 'recursive_limit': 4, 'mass': 1, 'position': [0, 0, 0.5], 'joint_position': [0, 0.5, 0.5], 'joint_axis': '-0.6514  0.9745  0.9267', 'connections': [1]}"
1,"{'dimensions': [1, 1, 1], 'recursive_limit': 3, 'mass': 1, 'position': [0.0, 0.5, 0.0], 'joint_position': [0.0, 1.0, 0.0], 'joint_axis': '-0.8609 -0.2405  0.2609', 'connections': [2]}"
2,"{'dimensions': [1, 1, 1], 'recursive_limit': 2, 'mass': 1, 'position': [0.0, 0.5, 0.0], 'joint_position': [0.0, 1.0, 0.0], 'joint_axis': ' 0.6714 -0.7389  0.3904', 'connections': [3]}"
3,"{'dimensions': [1, 1, 1], 'recursive_limit': 1, 'mass': 1, 'position': [0.0, 0.5, 0.0], 'joint_position': [0.0, 1.0, 0.0], 'joint_axis': '-0.4731 -0.028  -0.3464', 'connections': []}"

0,"{'dimensions': [1, 1, 1], 'recursive_limit': 4, 'mass': 1, 'position': [0, 0, 0.5], 'joint_position': [0, 0.5, 0.5], 'joint_axis': '-0.6536  0.2868 -0.9957', 'connections': [1]}"
1,"{'dimensions': [1, 1, 1], 'recursive_limit': 3, 'mass': 1, 'position': [0.0, 0.5, 0.0], 'joint_position': [0.0, 1.0, 0.0], 'joint_axis': '-0.9978 -0.6249 -0.4375', 'connections': [2]}"
2,"{'dimensions': [1, 1, 1], 'recursive_limit': 2, 'mass': 1, 'position': [0.0, 0.5, 0.0], 'joint_position': [0.0, 1.0, 0.0], 'joint_axis': '-0.0131  0.9835  0.3554', 'connections': [3]}"
3,"{'dimensions': [1, 1, 1], 'recursive_limit': 1, 'mass': 1, 'position': [0.0, 0.5, 0.0], 'joint_position': [0.0, 1.0, 0.0], 'joint_axis': ' 0.6293 -0.7334 -0.5207', 'connections': []}"

0,"{'dimensions': [1, 1, 1], 'recursive_limit': 4, 'mass': 1, 'position': [0, 0, 0.5], 'joint_position': [0, 0.5, 0.5], 'joint_axis': '-0.4732  0.2527 -0.1556', 'connections': [1]}"
1,"{'dimensions': [1, 1, 1], 'recursive_limit': 3, 'mass': 1, 'position': [0.0, 0.5, 0.0], 'joint_position': [0.0, 1.0, 0.0], 'joint_axis': ' 0.1524 -0.3519 -0.2027', 'connections': [2]}"
2,"{'dimensions': [1, 1, 1], 'recursive_limit': 2, 'mass': 1, 'position': [0.0, 0.5, 0.0], 'joint_position': [0.0, 1.0, 0.0], 'joint_axis': '-0.1637  0.2828  0.5158', 'connections': [3]}"
3,"{'dimensions': [1, 1, 1], 'recursive_limit': 1, 'mass': 1, 'position': [0.0, 0.5, 0.0], 'joint_position': [0.0, 1.0, 0.0], 'joint_axis': '-0.3598  0.5138 -0.8524', 'connections': []}"

0,"{'dimensions': [1, 1, 1], 'recursive_limit': 4, 'mass': 1, 'position': [0, 0, 0.5], 'joint_position': [0, 0.5, 0.5], 'joint_axis': ' 0.2952  0.556  -0.1933', 'connections': [1]}"
1,"{'dimensions': [1, 1, 1], 'recursive_limit': 3, 'mass': 1, 'position': [0.0, 0.5, 0.0], 'joint_position': [0.0, 1.0, 0.0], 'joint_axis': '0.4328 0.8801 0.9087', 'connections': [2]}"
2,"{'dimensions': [1, 1, 1], 'recursive_limit': 2, 'mass': 1, 'position': [0.0, 0.5, 0.0], 'joint_position': [0.0, 1.0, 0.0], 'joint_axis': ' 0.5671 -0.4169  0.7828', 'connections': [3]}"
3,"{'dimensions': [1, 1, 1], 'recursive_limit': 1, 'mass': 1, 'position': [0.0, 0.5, 0.0], 'joint_position': [0.0, 1.0, 0.0], 'joint_axis': '-0.2447  0.4243 -0.419 ', 'connections': []}"



0,"{'dimensions': [1, 1, 1], 'recursive_limit': 4, 'mass': 1, 'position': [0, 0, 0.5], 'joint_position': [0, 0.5, 0.5], 'joint_axis': '-0.4912  0.1703 -0.7885', 'connections': [1]}"
1,"{'dimensions': [1, 1, 1], 'recursive_limit': 3, 'mass': 1, 'position': [0.0, 0.5, 0.0], 'joint_position': [0.0, 1.0, 0.0], 'joint_axis': ' 0.4839 -0.2126 -0.9336', 'connections': [2]}"
2,"{'dimensions': [1, 1, 1], 'recursive_limit': 2, 'mass': 1, 'position': [0.0, 0.5, 0.0], 'joint_position': [0.0, 1.0, 0.0], 'joint_axis': ' 0.9531  0.2349 -0.9909', 'connections': []}"

0,"{'dimensions': [1, 1, 1], 'recursive_limit': 4, 'mass': 1, 'position': [0, 0, 0.5], 'joint_position': [0, 0.5, 0.5], 'joint_axis': '-0.6514  0.9745  0.9267', 'connections': [1]}"
1,"{'dimensions': [1, 1, 1], 'recursive_limit': 3, 'mass': 1, 'position': [0.0, 0.5, 0.0], 'joint_position': [0.0, 1.0, 0.0], 'joint_axis': '-0.8609 -0.2405  0.2609', 'connections': [2]}"
2,"{'dimensions': [1, 1, 1], 'recursive_limit': 2, 'mass': 1, 'position': [0.0, 0.5, 0.0], 'joint_position': [0.0, 1.0, 0.0], 'joint_axis': ' 0.6714 -0.7389  0.3904', 'connections': [3]}"
3,"{'dimensions': [1, 1, 1], 'recursive_limit': 1, 'mass': 1, 'position': [0.0, 0.5, 0.0], 'joint_position': [0.0, 1.0, 0.0], 'joint_axis': '-0.4731 -0.028  -0.3464', 'connections': []}"

0,"{'dimensions': [1, 1, 1], 'recursive_limit': 4, 'mass': 1, 'position': [0, 0, 0.5], 'joint_position': [0, 0.5, 0.5], 'joint_axis': '-0.6536  0.2868 -0.9957', 'connections': [1]}"
1,"{'dimensions': [1, 1, 1], 'recursive_limit': 3, 'mass': 1, 'position': [0.0, 0.5, 0.0], 'joint_position': [0.0, 1.0, 0.0], 'joint_axis': '-0.9978 -0.6249 -0.4375', 'connections': [2]}"
2,"{'dimensions': [1, 1, 1], 'recursive_limit': 2, 'mass': 1, 'position': [0.0, 0.5, 0.0], 'joint_position': [0.0, 1.0, 0.0], 'joint_axis': '-0.0131  0.9835  0.3554', 'connections': [3]}"
3,"{'dimensions': [1, 1, 1], 'recursive_limit': 1, 'mass': 1, 'position': [0.0, 0.5, 0.0], 'joint_position': [0.0, 1.0, 0.0], 'joint_axis': ' 0.6293 -0.7334 -0.5207', 'connections': []}"

0,"{'dimensions': [1, 1, 1], 'recursive_limit': 4, 'mass': 1, 'position': [0, 0, 0.5], 'joint_position': [0, 0.5, 0.5], 'joint_axis': '-0.4732  0.2527 -0.1556', 'connections': [1]}"
1,"{'dimensions': [1, 1, 1], 'recursive_limit': 3, 'mass': 1, 'position': [0.0, 0.5, 0.0], 'joint_position': [0.0, 1.0, 0.0], 'joint_axis': ' 0.1524 -0.3519 -0.2027', 'connections': [2]}"
2,"{'dimensions': [1, 1, 1], 'recursive_limit': 2, 'mass': 1, 'position': [0.0, 0.5, 0.0], 'joint_position': [0.0, 1.0, 0.0], 'joint_axis': '-0.1637  0.2828  0.5158', 'connections': [3]}"
3,"{'dimensions': [1, 1, 1], 'recursive_limit': 1, 'mass': 1, 'position': [0.0, 0.5, 0.0], 'joint_position': [0.0, 1.0, 0.0], 'joint_axis': '-0.3598  0.5138 -0.8524', 'connections': []}"

0,"{'dimensions': [1, 1, 1], 'recursive_limit': 4, 'mass': 1, 'position': [0, 0, 0.5], 'joint_position': [0, 0.5, 0.5], 'joint_axis': ' 0.2952  0.556  -0.1933', 'connections': [1]}"
1,"{'dimensions': [1, 1, 1], 'recursive_limit': 3, 'mass': 1, 'position': [0.0, 0.5, 0.0], 'joint_position': [0.0, 1.0, 0.0], 'joint_axis': '0.4328 0.8801 0.9087', 'connections': [2]}"
2,"{'dimensions': [1, 1, 1], 'recursive_limit': 2, 'mass': 1, 'position': [0.0, 0.5, 0.0], 'joint_position': [0.0, 1.0, 0.0], 'joint_axis': ' 0.5671 -0.4169  0.7828', 'connections': []}"



0,"{'dimensions': [1, 1, 1], 'recursive_limit': 4, 'mass': 1, 'position': [0, 0, 0.5], 'joint_position': [0, 0.5, 0.5], 'joint_axis': '-0.4912  0.1703 -0.7885', 'connections': [1]}"
1,"{'dimensions': [1, 1, 1], 'recursive_limit': 3, 'mass': 1, 'position': [0.0, 0.5, 0.0], 'joint_position': [0.0, 1.0, 0.0], 'joint_axis': ' 0.4839 -0.2126 -0.9336', 'connections': []}"

0,"{'dimensions': [1, 1, 1], 'recursive_limit': 4, 'mass': 1, 'position': [0, 0, 0.5], 'joint_position': [0, 0.5, 0.5], 'joint_axis': '-0.6514  0.9745  0.9267', 'connections': [1]}"
1,"{'dimensions': [1, 1, 1], 'recursive_limit': 3, 'mass': 1, 'position': [0.0, 0.5, 0.0], 'joint_position': [0.0, 1.0, 0.0], 'joint_axis': '-0.8609 -0.2405  0.2609', 'connections': [2]}"
2,"{'dimensions': [1, 1, 1], 'recursive_limit': 2, 'mass': 1, 'position': [0.0, 0.5, 0.0], 'joint_position': [0.0, 1.0, 0.0], 'joint_axis': ' 0.6714 -0.7389  0.3904', 'connections': [3]}"
3,"{'dimensions': [1, 1, 1], 'recursive_limit': 1, 'mass': 1, 'position': [0.0, 0.5, 0.0], 'joint_position': [0.0, 1.0, 0.0], 'joint_axis': '-0.4731 -0.028  -0.3464', 'connections': []}"

0,"{'dimensions': [1, 1, 1], 'recursive_limit': 4, 'mass': 1, 'position': [0, 0, 0.5], 'joint_position': [0, 0.5, 0.5], 'joint_axis': '-0.6536  0.2868 -0.9957', 'connections': [1]}"
1,"{'dimensions': [1, 1, 1], 'recursive_limit': 3, 'mass': 1, 'position': [0.0, 0.5, 0.0], 'joint_position': [0.0, 1.0, 0.0], 'joint_axis': '-0.9978 -0.6249 -0.4375', 'connections': [2]}"
2,"{'dimensions': [1, 1, 1], 'recursive_limit': 2, 'mass': 1, 'position': [0.0, 0.5, 0.0], 'joint_position': [0.0, 1.0, 0.0], 'joint_axis': '-0.0131  0.9835  0.3554', 'connections': [3]}"
3,"{'dimensions': [1, 1, 1], 'recursive_limit': 1, 'mass': 1, 'position': [0.0, 0.5, 0.0], 'joint_position': [0.0, 1.0, 0.0], 'joint_axis': ' 0.6293 -0.7334 -0.5207', 'connections': []}"

0,"{'dimensions': [1, 1, 1], 'recursive_limit': 4, 'mass': 1, 'position': [0, 0, 0.5], 'joint_position': [0, 0.5, 0.5], 'joint_axis': '-0.4732  0.2527 -0.1556', 'connections': [1]}"
1,"{'dimensions': [1, 1, 1], 'recursive_limit': 3, 'mass': 1, 'position': [0.0, 0.5, 0.0], 'joint_position': [0.0, 1.0, 0.0], 'joint_axis': ' 0.1524 -0.3519 -0.2027', 'connections': [2]}"
2,"{'dimensions': [1, 1, 1], 'recursive_limit': 2, 'mass': 1, 'position': [0.0, 0.5, 0.0], 'joint_position': [0.0, 1.0, 0.0], 'joint_axis': '-0.1637  0.2828  0.5158', 'connections': [3]}"
3,"{'dimensions': [1, 1, 1], 'recursive_limit': 1, 'mass': 1, 'position': [0.0, 0.5, 0.0], 'joint_position': [0.0, 1.0, 0.0], 'joint_axis': '-0.3598  0.5138 -0.8524', 'connections': []}"

0,"{'dimensions': [1, 1, 1], 'recursive_limit': 4, 'mass': 1, 'position': [0, 0, 0.5], 'joint_position': [0, 0.5, 0.5], 'joint_axis': ' 0.2952  0.556  -0.1933', 'connections': [1]}"
1,"{'dimensions': [1, 1, 1], 'recursive_limit': 3, 'mass': 1, 'position': [0.0, 0.5, 0.0], 'joint_position': [0.0, 1.0, 0.0], 'joint_axis': '0.4328 0.8801 0.9087', 'connections': []}"



0,"{'dimensions': [1, 1, 1], 'recursive_limit': 4, 'mass': 1, 'position': [0, 0, 0.5], 'joint_position': [0, 0.5, 0.5], 'joint_axis': '-0.4912  0.1703 -0.7885', 'connections': [1]}"
1,"{'dimensions': [1, 1, 1], 'recursive_limit': 3, 'mass': 1, 'position': [0.0, 0.5, 0.0], 'joint_position': [0.0, 1.0, 0.0], 'joint_axis': ' 0.4839 -0.2126 -0.9336', 'connections': []}"

0,"{'dimensions': [1, 1, 1], 'recursive_limit': 4, 'mass': 1, 'position': [0, 0, 0.5], 'joint_position': [0, 0.5, 0.5], 'joint_axis': '-0.6514  0.9745  0.9267', 'connections': [1]}"
1,"{'dimensions': [1, 1, 1], 'recursive_limit': 3, 'mass': 1, 'position': [0.0, 0.5, 0.0], 'joint_position': [0.0, 1.0, 0.0], 'joint_axis': '-0.8609 -0.2405  0.2609', 'connections': [2]}"
2,"{'dimensions': [1, 1, 1], 'recursive_limit': 2, 'mass': 1, 'position': [0.0, 0.5, 0.0], 'joint_position': [0.0, 1.0, 0.0], 'joint_axis': ' 0.6714 -0.7389  0.3904', 'connections': [3]}"
3,"{'dimensions': [1, 1, 1], 'recursive_limit': 1, 'mass': 1, 'position': [0.0, 0.5, 0.0], 'joint_position': [0.0, 1.0, 0.0], 'joint_axis': '-0.4731 -0.028  -0.3464', 'connections': []}"

0,"{'dimensions': [1, 1, 1], 'recursive_limit': 4, 'mass': 1, 'position': [0, 0, 0.5], 'joint_position': [0, 0.5, 0.5], 'joint_axis': '-0.6536  0.2868 -0.9957', 'connections': [1]}"
1,"{'dimensions': [1, 1, 1], 'recursive_limit': 3, 'mass': 1, 'position': [0.0, 0.5, 0.0], 'joint_position': [0.0, 1.0, 0.0], 'joint_axis': '-0.9978 -0.6249 -0.4375', 'connections': [2]}"
2,"{'dimensions': [1, 1, 1], 'recursive_limit': 2, 'mass': 1, 'position': [0.0, 0.5, 0.0], 'joint_position': [0.0, 1.0, 0.0], 'joint_axis': '-0.0131  0.9835  0.3554', 'connections': [3]}"
3,"{'dimensions': [1, 1, 1], 'recursive_limit': 1, 'mass': 1, 'position': [0.0, 0.5, 0.0], 'joint_position': [0.0, 1.0, 0.0], 'joint_axis': ' 0.6293 -0.7334 -0.5207', 'connections': []}"

0,"{'dimensions': [1, 1, 1], 'recursive_limit': 4, 'mass': 1, 'position': [0, 0, 0.5], 'joint_position': [0, 0.5, 0.5], 'joint_axis': '-0.4732  0.2527 -0.1556', 'connections': [1]}"
1,"{'dimensions': [1, 1, 1], 'recursive_limit': 3, 'mass': 1, 'position': [0.0, 0.5, 0.0], 'joint_position': [0.0, 1.0, 0.0], 'joint_axis': ' 0.1524 -0.3519 -0.2027', 'connections': [2]}"
2,"{'dimensions': [1, 1, 1], 'recursive_limit': 2, 'mass': 1, 'position': [0.0, 0.5, 0.0], 'joint_position': [0.0, 1.0, 0.0], 'joint_axis': '-0.1637  0.2828  0.5158', 'connections': [3]}"
3,"{'dimensions': [1, 1, 1], 'recursive_limit': 1, 'mass': 1, 'position': [0.0, 0.5, 0.0], 'joint_position': [0.0, 1.0, 0.0], 'joint_axis': '-0.3598  0.5138 -0.8524', 'connections': []}"

0,"{'dimensions': [1, 1, 1], 'recursive_limit': 4, 'mass': 1, 'position': [0, 0, 0.5], 'joint_position': [0, 0.5, 0.5], 'joint_axis': ' 0.2952  0.556  -0.1933', 'connections': [1]}"
1,"{'dimensions': [1, 1, 1], 'recursive_limit': 3, 'mass': 1, 'position': [0.0, 0.5, 0.0], 'joint_position': [0.0, 1.0, 0.0], 'joint_axis': '0.4328 0.8801 0.9087', 'connections': []}"



0,"{'dimensions': [1, 1, 1], 'recursive_limit': 4, 'mass': 1, 'position': [0, 0, 0.5], 'joint_position': [0, 0.5, 0.5], 'joint_axis': '-0.4912  0.1703 -0.7885', 'connections': [1]}"
1,"{'dimensions': [1, 1, 1], 'recursive_limit': 3, 'mass': 1, 'position': [0.0, 0.5, 0.0], 'joint_position': [0.0, 1.0, 0.0], 'joint_axis': ' 0.4839 -0.2126 -0.9336', 'connections': []}"

0,"{'dimensions': [1, 1, 1], 'recursive_limit': 4, 'mass': 1, 'position': [0, 0, 0.5], 'joint_position': [0, 0.5, 0.5], 'joint_axis': '-0.6514  0.9745  0.9267', 'connections': [1]}"
1,"{'dimensions': [1, 1, 1], 'recursive_limit': 3, 'mass': 1, 'position': [0.0, 0.5, 0.0], 'joint_position': [0.0, 1.0, 0.0], 'joint_axis': '-0.8609 -0.2405  0.2609', 'connections': [2]}"
2,"{'dimensions': [1, 1, 1], 'recursive_limit': 2, 'mass': 1, 'position': [0.0, 0.5, 0.0], 'joint_position': [0.0, 1.0, 0.0], 'joint_axis': ' 0.6714 -0.7389  0.3904', 'connections': [3]}"
3,"{'dimensions': [1, 1, 1], 'recursive_limit': 1, 'mass': 1, 'position': [0.0, 0.5, 0.0], 'joint_position': [0.0, 1.0, 0.0], 'joint_axis': '-0.4731 -0.028  -0.3464', 'connections': []}"

0,"{'dimensions': [1, 1, 1], 'recursive_limit': 4, 'mass': 1, 'position': [0, 0, 0.5], 'joint_position': [0, 0.5, 0.5], 'joint_axis': '-0.6536  0.2868 -0.9957', 'connections': [1]}"
1,"{'dimensions': [1, 1, 1], 'recursive_limit': 3, 'mass': 1, 'position': [0.0, 0.5, 0.0], 'joint_position': [0.0, 1.0, 0.0], 'joint_axis': '-0.9978 -0.6249 -0.4375', 'connections': [2]}"
2,"{'dimensions': [1, 1, 1], 'recursive_limit': 2, 'mass': 1, 'position': [0.0, 0.5, 0.0], 'joint_position': [0.0, 1.0, 0.0], 'joint_axis': '-0.0131  0.9835  0.3554', 'connections': [3]}"
3,"{'dimensions': [1, 1, 1], 'recursive_limit': 1, 'mass': 1, 'position': [0.0, 0.5, 0.0], 'joint_position': [0.0, 1.0, 0.0], 'joint_axis': ' 0.6293 -0.7334 -0.5207', 'connections': []}"

0,"{'dimensions': [1, 1, 1], 'recursive_limit': 4, 'mass': 1, 'position': [0, 0, 0.5], 'joint_position': [0, 0.5, 0.5], 'joint_axis': '-0.4732  0.2527 -0.1556', 'connections': [1]}"
1,"{'dimensions': [1, 1, 1], 'recursive_limit': 3, 'mass': 1, 'position': [0.0, 0.5, 0.0], 'joint_position': [0.0, 1.0, 0.0], 'joint_axis': ' 0.1524 -0.3519 -0.2027', 'connections': [2]}"
2,"{'dimensions': [1, 1, 1], 'recursive_limit': 2, 'mass': 1, 'position': [0.0, 0.5, 0.0], 'joint_position': [0.0, 1.0, 0.0], 'joint_axis': '-0.1637  0.2828  0.5158', 'connections': [3]}"
3,"{'dimensions': [1, 1, 1], 'recursive_limit': 1, 'mass': 1, 'position': [0.0, 0.5, 0.0], 'joint_position': [0.0, 1.0, 0.0], 'joint_axis': '-0.3598  0.5138 -0.8524', 'connections': []}"

0,"{'dimensions': [1, 1, 1], 'recursive_limit': 4, 'mass': 1, 'position': [0, 0, 0.5], 'joint_position': [0, 0.5, 0.5], 'joint_axis': ' 0.2952  0.556  -0.1933', 'connections': [1]}"
1,"{'dimensions': [1, 1, 1], 'recursive_limit': 3, 'mass': 1, 'position': [0.0, 0.5, 0.0], 'joint_position': [0.0, 1.0, 0.0], 'joint_axis': '0.4328 0.8801 0.9087', 'connections': []}"



0,"{'dimensions': [1, 1, 1], 'recursive_limit': 4, 'mass': 1, 'position': [0, 0, 0.5], 'joint_position': [0, 0.5, 0.5], 'joint_axis': '-0.4912  0.1703 -0.7885', 'connections': [1]}"
1,"{'dimensions': [1, 1, 1], 'recursive_limit': 3, 'mass': 1, 'position': [0.0, 0.5, 0.0], 'joint_position': [0.0, 1.0, 0.0], 'joint_axis': ' 0.4839 -0.2126 -0.9336', 'connections': []}"

0,"{'dimensions': [1, 1, 1], 'recursive_limit': 4, 'mass': 1, 'position': [0, 0, 0.5], 'joint_position': [0, 0.5, 0.5], 'joint_axis': '-0.6514  0.9745  0.9267', 'connections': [1]}"
1,"{'dimensions': [1, 1, 1], 'recursive_limit': 3, 'mass': 1, 'position': [0.0, 0.5, 0.0], 'joint_position': [0.0, 1.0, 0.0], 'joint_axis': '-0.8609 -0.2405  0.2609', 'connections': [2]}"
2,"{'dimensions': [1, 1, 1], 'recursive_limit': 2, 'mass': 1, 'position': [0.0, 0.5, 0.0], 'joint_position': [0.0, 1.0, 0.0], 'joint_axis': ' 0.6714 -0.7389  0.3904', 'connections': [3]}"
3,"{'dimensions': [1, 1, 1], 'recursive_limit': 1, 'mass': 1, 'position': [0.0, 0.5, 0.0], 'joint_position': [0.0, 1.0, 0.0], 'joint_axis': '-0.4731 -0.028  -0.3464', 'connections': []}"

0,"{'dimensions': [1, 1, 1], 'recursive_limit': 4, 'mass': 1, 'position': [0, 0, 0.5], 'joint_position': [0, 0.5, 0.5], 'joint_axis': '-0.6536  0.2868 -0.9957', 'connections': [1]}"
1,"{'dimensions': [1, 1, 1], 'recursive_limit': 3, 'mass': 1, 'position': [0.0, 0.5, 0.0], 'joint_position': [0.0, 1.0, 0.0], 'joint_axis': '-0.9978 -0.6249 -0.4375', 'connections': [2]}"
2,"{'dimensions': [1, 1, 1], 'recursive_limit': 2, 'mass': 1, 'position': [0.0, 0.5, 0.0], 'joint_position': [0.0, 1.0, 0.0], 'joint_axis': '-0.0131  0.9835  0.3554', 'connections': [3]}"
3,"{'dimensions': [1, 1, 1], 'recursive_limit': 1, 'mass': 1, 'position': [0.0, 0.5, 0.0], 'joint_position': [0.0, 1.0, 0.0], 'joint_axis': ' 0.6293 -0.7334 -0.5207', 'connections': []}"

0,"{'dimensions': [1, 1, 1], 'recursive_limit': 4, 'mass': 1, 'position': [0, 0, 0.5], 'joint_position': [0, 0.5, 0.5], 'joint_axis': '-0.4732  0.2527 -0.1556', 'connections': [1]}"
1,"{'dimensions': [1, 1, 1], 'recursive_limit': 3, 'mass': 1, 'position': [0.0, 0.5, 0.0], 'joint_position': [0.0, 1.0, 0.0], 'joint_axis': ' 0.1524 -0.3519 -0.2027', 'connections': [2]}"
2,"{'dimensions': [1, 1, 1], 'recursive_limit': 2, 'mass': 1, 'position': [0.0, 0.5, 0.0], 'joint_position': [0.0, 1.0, 0.0], 'joint_axis': '-0.1637  0.2828  0.5158', 'connections': [3]}"
3,"{'dimensions': [1, 1, 1], 'recursive_limit': 1, 'mass': 1, 'position': [0.0, 0.5, 0.0], 'joint_position': [0.0, 1.0, 0.0], 'joint_axis': '-0.3598  0.5138 -0.8524', 'connections': []}"

0,"{'dimensions': [1, 1, 1], 'recursive_limit': 4, 'mass': 1, 'position': [0, 0, 0.5], 'joint_position': [0, 0.5, 0.5], 'joint_axis': ' 0.2952  0.556  -0.1933', 'connections': [1]}"
1,"{'dimensions': [1, 1, 1], 'recursive_limit': 3, 'mass': 1, 'position': [0.0, 0.5, 0.0], 'joint_position': [0.0, 1.0, 0.0], 'joint_axis': '0.4328 0.8801 0.9087', 'connections': []}"



0,"{'dimensions': [1, 1, 1], 'recursive_limit': 4, 'mass': 1, 'position': [0, 0, 0.5], 'joint_position': [0, 0.5, 0.5], 'joint_axis': '-0.4912  0.1703 -0.7885', 'connections': [1]}"
1,"{'dimensions': [1, 1, 1], 'recursive_limit': 3, 'mass': 1, 'position': [0.0, 0.5, 0.0], 'joint_position': [0.0, 1.0, 0.0], 'joint_axis': ' 0.4839 -0.2126 -0.9336', 'connections': []}"

0,"{'dimensions': [1, 1, 1], 'recursive_limit': 4, 'mass': 1, 'position': [0, 0, 0.5], 'joint_position': [0, 0.5, 0.5], 'joint_axis': '-0.6514  0.9745  0.9267', 'connections': [1]}"
1,"{'dimensions': [1, 1, 1], 'recursive_limit': 3, 'mass': 1, 'position': [0.0, 0.5, 0.0], 'joint_position': [0.0, 1.0, 0.0], 'joint_axis': '-0.8609 -0.2405  0.2609', 'connections': [2]}"
2,"{'dimensions': [1, 1, 1], 'recursive_limit': 2, 'mass': 1, 'position': [0.0, 0.5, 0.0], 'joint_position': [0.0, 1.0, 0.0], 'joint_axis': ' 0.6714 -0.7389  0.3904', 'connections': [3]}"
3,"{'dimensions': [1, 1, 1], 'recursive_limit': 1, 'mass': 1, 'position': [0.0, 0.5, 0.0], 'joint_position': [0.0, 1.0, 0.0], 'joint_axis': '-0.4731 -0.028  -0.3464', 'connections': []}"

0,"{'dimensions': [1, 1, 1], 'recursive_limit': 4, 'mass': 1, 'position': [0, 0, 0.5], 'joint_position': [0, 0.5, 0.5], 'joint_axis': '-0.6536  0.2868 -0.9957', 'connections': [1]}"
1,"{'dimensions': [1, 1, 1], 'recursive_limit': 3, 'mass': 1, 'position': [0.0, 0.5, 0.0], 'joint_position': [0.0, 1.0, 0.0], 'joint_axis': '-0.9978 -0.6249 -0.4375', 'connections': [2]}"
2,"{'dimensions': [1, 1, 1], 'recursive_limit': 2, 'mass': 1, 'position': [0.0, 0.5, 0.0], 'joint_position': [0.0, 1.0, 0.0], 'joint_axis': '-0.0131  0.9835  0.3554', 'connections': [3]}"
3,"{'dimensions': [1, 1, 1], 'recursive_limit': 1, 'mass': 1, 'position': [0.0, 0.5, 0.0], 'joint_position': [0.0, 1.0, 0.0], 'joint_axis': ' 0.6293 -0.7334 -0.5207', 'connections': []}"

0,"{'dimensions': [1, 1, 1], 'recursive_limit': 4, 'mass': 1, 'position': [0, 0, 0.5], 'joint_position': [0, 0.5, 0.5], 'joint_axis': '-0.4732  0.2527 -0.1556', 'connections': [1]}"
1,"{'dimensions': [1, 1, 1], 'recursive_limit': 3, 'mass': 1, 'position': [0.0, 0.5, 0.0], 'joint_position': [0.0, 1.0, 0.0], 'joint_axis': ' 0.1524 -0.3519 -0.2027', 'connections': [2]}"
2,"{'dimensions': [1, 1, 1], 'recursive_limit': 2, 'mass': 1, 'position': [0.0, 0.5, 0.0], 'joint_position': [0.0, 1.0, 0.0], 'joint_axis': '-0.1637  0.2828  0.5158', 'connections': [3]}"
3,"{'dimensions': [1, 1, 1], 'recursive_limit': 1, 'mass': 1, 'position': [0.0, 0.5, 0.0], 'joint_position': [0.0, 1.0, 0.0], 'joint_axis': '-0.3598  0.5138 -0.8524', 'connections': []}"

0,"{'dimensions': [1, 1, 1], 'recursive_limit': 4, 'mass': 1, 'position': [0, 0, 0.5], 'joint_position': [0, 0.5, 0.5], 'joint_axis': ' 0.2952  0.556  -0.1933', 'connections': [1]}"
1,"{'dimensions': [1, 1, 1], 'recursive_limit': 3, 'mass': 1, 'position': [0.0, 0.5, 0.0], 'joint_position': [0.0, 1.0, 0.0], 'joint_axis': '0.4328 0.8801 0.9087', 'connections': []}"



0,"{'dimensions': [1, 1, 1], 'recursive_limit': 4, 'mass': 1, 'position': [0, 0, 0.5], 'joint_position': [0, 0.5, 0.5], 'joint_axis': '-0.4912  0.1703 -0.7885', 'connections': [1]}"
1,"{'dimensions': [1, 1, 1], 'recursive_limit': 3, 'mass': 1, 'position': [0.0, 0.5, 0.0], 'joint_position': [0.0, 1.0, 0.0], 'joint_axis': ' 0.4839 -0.2126 -0.9336', 'connections': []}"

0,"{'dimensions': [1, 1, 1], 'recursive_limit': 4, 'mass': 1, 'position': [0, 0, 0.5], 'joint_position': [0, 0.5, 0.5], 'joint_axis': '-0.6514  0.9745  0.9267', 'connections': [1]}"
1,"{'dimensions': [1, 1, 1], 'recursive_limit': 3, 'mass': 1, 'position': [0.0, 0.5, 0.0], 'joint_position': [0.0, 1.0, 0.0], 'joint_axis': '-0.8609 -0.2405  0.2609', 'connections': [2]}"
2,"{'dimensions': [1, 1, 1], 'recursive_limit': 2, 'mass': 1, 'position': [0.0, 0.5, 0.0], 'joint_position': [0.0, 1.0, 0.0], 'joint_axis': ' 0.6714 -0.7389  0.3904', 'connections': [3]}"
3,"{'dimensions': [1, 1, 1], 'recursive_limit': 1, 'mass': 1, 'position': [0.0, 0.5, 0.0], 'joint_position': [0.0, 1.0, 0.0], 'joint_axis': '-0.4731 -0.028  -0.3464', 'connections': []}"

0,"{'dimensions': [1, 1, 1], 'recursive_limit': 4, 'mass': 1, 'position': [0, 0, 0.5], 'joint_position': [0, 0.5, 0.5], 'joint_axis': '-0.6536  0.2868 -0.9957', 'connections': [1]}"
1,"{'dimensions': [1, 1, 1], 'recursive_limit': 3, 'mass': 1, 'position': [0.0, 0.5, 0.0], 'joint_position': [0.0, 1.0, 0.0], 'joint_axis': '-0.9978 -0.6249 -0.4375', 'connections': [2]}"
2,"{'dimensions': [1, 1, 1], 'recursive_limit': 2, 'mass': 1, 'position': [0.0, 0.5, 0.0], 'joint_position': [0.0, 1.0, 0.0], 'joint_axis': '-0.0131  0.9835  0.3554', 'connections': [3]}"
3,"{'dimensions': [1, 1, 1], 'recursive_limit': 1, 'mass': 1, 'position': [0.0, 0.5, 0.0], 'joint_position': [0.0, 1.0, 0.0], 'joint_axis': ' 0.6293 -0.7334 -0.5207', 'connections': []}"

0,"{'dimensions': [1, 1, 1], 'recursive_limit': 4, 'mass': 1, 'position': [0, 0, 0.5], 'joint_position': [0, 0.5, 0.5], 'joint_axis': '-0.4732  0.2527 -0.1556', 'connections': [1]}"
1,"{'dimensions': [1, 1, 1], 'recursive_limit': 3, 'mass': 1, 'position': [0.0, 0.5, 0.0], 'joint_position': [0.0, 1.0, 0.0], 'joint_axis': ' 0.1524 -0.3519 -0.2027', 'connections': [2]}"
2,"{'dimensions': [1, 1, 1], 'recursive_limit': 2, 'mass': 1, 'position': [0.0, 0.5, 0.0], 'joint_position': [0.0, 1.0, 0.0], 'joint_axis': '-0.1637  0.2828  0.5158', 'connections': [3]}"
3,"{'dimensions': [1, 1, 1], 'recursive_limit': 1, 'mass': 1, 'position': [0.0, 0.5, 0.0], 'joint_position': [0.0, 1.0, 0.0], 'joint_axis': '-0.3598  0.5138 -0.8524', 'connections': []}"

0,"{'dimensions': [1, 1, 1], 'recursive_limit': 4, 'mass': 1, 'position': [0, 0, 0.5], 'joint_position': [0, 0.5, 0.5], 'joint_axis': ' 0.2952  0.556  -0.1933', 'connections': [1]}"
1,"{'dimensions': [1, 1, 1], 'recursive_limit': 3, 'mass': 1, 'position': [0.0, 0.5, 0.0], 'joint_position': [0.0, 1.0, 0.0], 'joint_axis': '0.4328 0.8801 0.9087', 'connections': []}"



0,"{'dimensions': [1, 1, 1], 'recursive_limit': 4, 'mass': 1, 'position': [0, 0, 0.5], 'joint_position': [0, 0.5, 0.5], 'joint_axis': '-0.4912  0.1703 -0.7885', 'connections': [1]}"
1,"{'dimensions': [1, 1, 1], 'recursive_limit': 3, 'mass': 1, 'position': [0.0, 0.5, 0.0], 'joint_position': [0.0, 1.0, 0.0], 'joint_axis': ' 0.4839 -0.2126 -0.9336', 'connections': []}"

0,"{'dimensions': [1, 1, 1], 'recursive_limit': 4, 'mass': 1, 'position': [0, 0, 0.5], 'joint_position': [0, 0.5, 0.5], 'joint_axis': '-0.6514  0.9745  0.9267', 'connections': [1]}"
1,"{'dimensions': [1, 1, 1], 'recursive_limit': 3, 'mass': 1, 'position': [0.0, 0.5, 0.0], 'joint_position': [0.0, 1.0, 0.0], 'joint_axis': '-0.8609 -0.2405  0.2609', 'connections': [2]}"
2,"{'dimensions': [1, 1, 1], 'recursive_limit': 2, 'mass': 1, 'position': [0.0, 0.5, 0.0], 'joint_position': [0.0, 1.0, 0.0], 'joint_axis': ' 0.6714 -0.7389  0.3904', 'connections': [3]}"
3,"{'dimensions': [1, 1, 1], 'recursive_limit': 1, 'mass': 1, 'position': [0.0, 0.5, 0.0], 'joint_position': [0.0, 1.0, 0.0], 'joint_axis': '-0.4731 -0.028  -0.3464', 'connections': []}"

0,"{'dimensions': [1, 1, 1], 'recursive_limit': 4, 'mass': 1, 'position': [0, 0, 0.5], 'joint_position': [0, 0.5, 0.5], 'joint_axis': '-0.6536  0.2868 -0.9957', 'connections': [1]}"
1,"{'dimensions': [1, 1, 1], 'recursive_limit': 3, 'mass': 1, 'position': [0.0, 0.5, 0.0], 'joint_position': [0.0, 1.0, 0.0], 'joint_axis': '-0.9978 -0.6249 -0.4375', 'connections': [2]}"
2,"{'dimensions': [1, 1, 1], 'recursive_limit': 2, 'mass': 1, 'position': [0.0, 0.5, 0.0], 'joint_position': [0.0, 1.0, 0.0], 'joint_axis': '-0.0131  0.9835  0.3554', 'connections': [3]}"
3,"{'dimensions': [1, 1, 1], 'recursive_limit': 1, 'mass': 1, 'position': [0.0, 0.5, 0.0], 'joint_position': [0.0, 1.0, 0.0], 'joint_axis': ' 0.6293 -0.7334 -0.5207', 'connections': []}"

0,"{'dimensions': [1, 1, 1], 'recursive_limit': 4, 'mass': 1, 'position': [0, 0, 0.5], 'joint_position': [0, 0.5, 0.5], 'joint_axis': '-0.4732  0.2527 -0.1556', 'connections': [1]}"
1,"{'dimensions': [1, 1, 1], 'recursive_limit': 3, 'mass': 1, 'position': [0.0, 0.5, 0.0], 'joint_position': [0.0, 1.0, 0.0], 'joint_axis': ' 0.1524 -0.3519 -0.2027', 'connections': [2]}"
2,"{'dimensions': [1, 1, 1], 'recursive_limit': 2, 'mass': 1, 'position': [0.0, 0.5, 0.0], 'joint_position': [0.0, 1.0, 0.0], 'joint_axis': '-0.1637  0.2828  0.5158', 'connections': [3]}"
3,"{'dimensions': [1, 1, 1], 'recursive_limit': 1, 'mass': 1, 'position': [0.0, 0.5, 0.0], 'joint_position': [0.0, 1.0, 0.0], 'joint_axis': '-0.3598  0.5138 -0.8524', 'connections': []}"

0,"{'dimensions': [1, 1, 1], 'recursive_limit': 4, 'mass': 1, 'position': [0, 0, 0.5], 'joint_position': [0, 0.5, 0.5], 'joint_axis': ' 0.2952  0.556  -0.1933', 'connections': [1]}"
1,"{'dimensions': [1, 1, 1], 'recursive_limit': 3, 'mass': 1, 'position': [0.0, 0.5, 0.0], 'joint_position': [0.0, 1.0, 0.0], 'joint_axis': '0.4328 0.8801 0.9087', 'connections': []}"



0,"{'dimensions': [1, 1, 1], 'recursive_limit': 4, 'mass': 1, 'position': [0, 0, 0.5], 'joint_position': [0, 0.5, 0.5], 'joint_axis': '-0.4912  0.1703 -0.7885', 'connections': [1]}"
1,"{'dimensions': [1, 1, 1], 'recursive_limit': 3, 'mass': 1, 'position': [0.0, 0.5, 0.0], 'joint_position': [0.0, 1.0, 0.0], 'joint_axis': ' 0.4839 -0.2126 -0.9336', 'connections': []}"

0,"{'dimensions': [1, 1, 1], 'recursive_limit': 4, 'mass': 1, 'position': [0, 0, 0.5], 'joint_position': [0, 0.5, 0.5], 'joint_axis': '-0.6514  0.9745  0.9267', 'connections': [1]}"
1,"{'dimensions': [1, 1, 1], 'recursive_limit': 3, 'mass': 1, 'position': [0.0, 0.5, 0.0], 'joint_position': [0.0, 1.0, 0.0], 'joint_axis': '-0.8609 -0.2405  0.2609', 'connections': [2]}"
2,"{'dimensions': [1, 1, 1], 'recursive_limit': 2, 'mass': 1, 'position': [0.0, 0.5, 0.0], 'joint_position': [0.0, 1.0, 0.0], 'joint_axis': ' 0.6714 -0.7389  0.3904', 'connections': [3]}"
3,"{'dimensions': [1, 1, 1], 'recursive_limit': 1, 'mass': 1, 'position': [0.0, 0.5, 0.0], 'joint_position': [0.0, 1.0, 0.0], 'joint_axis': '-0.4731 -0.028  -0.3464', 'connections': []}"

0,"{'dimensions': [1, 1, 1], 'recursive_limit': 4, 'mass': 1, 'position': [0, 0, 0.5], 'joint_position': [0, 0.5, 0.5], 'joint_axis': '-0.6536  0.2868 -0.9957', 'connections': [1]}"
1,"{'dimensions': [1, 1, 1], 'recursive_limit': 3, 'mass': 1, 'position': [0.0, 0.5, 0.0], 'joint_position': [0.0, 1.0, 0.0], 'joint_axis': '-0.9978 -0.6249 -0.4375', 'connections': [2]}"
2,"{'dimensions': [1, 1, 1], 'recursive_limit': 2, 'mass': 1, 'position': [0.0, 0.5, 0.0], 'joint_position': [0.0, 1.0, 0.0], 'joint_axis': '-0.0131  0.9835  0.3554', 'connections': [3]}"
3,"{'dimensions': [1, 1, 1], 'recursive_limit': 1, 'mass': 1, 'position': [0.0, 0.5, 0.0], 'joint_position': [0.0, 1.0, 0.0], 'joint_axis': ' 0.6293 -0.7334 -0.5207', 'connections': []}"

0,"{'dimensions': [1, 1, 1], 'recursive_limit': 4, 'mass': 1, 'position': [0, 0, 0.5], 'joint_position': [0, 0.5, 0.5], 'joint_axis': '-0.4732  0.2527 -0.1556', 'connections': [1]}"
1,"{'dimensions': [1, 1, 1], 'recursive_limit': 3, 'mass': 1, 'position': [0.0, 0.5, 0.0], 'joint_position': [0.0, 1.0, 0.0], 'joint_axis': ' 0.1524 -0.3519 -0.2027', 'connections': [2]}"
2,"{'dimensions': [1, 1, 1], 'recursive_limit': 2, 'mass': 1, 'position': [0.0, 0.5, 0.0], 'joint_position': [0.0, 1.0, 0.0], 'joint_axis': '-0.1637  0.2828  0.5158', 'connections': [3]}"
3,"{'dimensions': [1, 1, 1], 'recursive_limit': 1, 'mass': 1, 'position': [0.0, 0.5, 0.0], 'joint_position': [0.0, 1.0, 0.0], 'joint_axis': '-0.3598  0.5138 -0.8524', 'connections': []}"

0,"{'dimensions': [1, 1, 1], 'recursive_limit': 4, 'mass': 1, 'position': [0, 0, 0.5], 'joint_position': [0, 0.5, 0.5], 'joint_axis': ' 0.2952  0.556  -0.1933', 'connections': [1]}"
1,"{'dimensions': [1, 1, 1], 'recursive_limit': 3, 'mass': 1, 'position': [0.0, 0.5, 0.0], 'joint_position': [0.0, 1.0, 0.0], 'joint_axis': '0.4328 0.8801 0.9087', 'connections': []}"



0,"{'dimensions': [1, 1, 1], 'recursive_limit': 4, 'mass': 1, 'position': [0, 0, 0.5], 'joint_position': [0, 0.5, 0.5], 'joint_axis': '-0.4912  0.1703 -0.7885', 'connections': [1]}"
1,"{'dimensions': [1, 1, 1], 'recursive_limit': 3, 'mass': 1, 'position': [0.0, 0.5, 0.0], 'joint_position': [0.0, 1.0, 0.0], 'joint_axis': ' 0.4839 -0.2126 -0.9336', 'connections': []}"

0,"{'dimensions': [1, 1, 1], 'recursive_limit': 4, 'mass': 1, 'position': [0, 0, 0.5], 'joint_position': [0, 0.5, 0.5], 'joint_axis': '-0.6514  0.9745  0.9267', 'connections': [1]}"
1,"{'dimensions': [1, 1, 1], 'recursive_limit': 3, 'mass': 1, 'position': [0.0, 0.5, 0.0], 'joint_position': [0.0, 1.0, 0.0], 'joint_axis': '-0.8609 -0.2405  0.2609', 'connections': [2]}"
2,"{'dimensions': [1, 1, 1], 'recursive_limit': 2, 'mass': 1, 'position': [0.0, 0.5, 0.0], 'joint_position': [0.0, 1.0, 0.0], 'joint_axis': ' 0.6714 -0.7389  0.3904', 'connections': [3]}"
3,"{'dimensions': [1, 1, 1], 'recursive_limit': 1, 'mass': 1, 'position': [0.0, 0.5, 0.0], 'joint_position': [0.0, 1.0, 0.0], 'joint_axis': '-0.4731 -0.028  -0.3464', 'connections': []}"

0,"{'dimensions': [1, 1, 1], 'recursive_limit': 4, 'mass': 1, 'position': [0, 0, 0.5], 'joint_position': [0, 0.5, 0.5], 'joint_axis': '-0.6536  0.2868 -0.9957', 'connections': [1]}"
1,"{'dimensions': [1, 1, 1], 'recursive_limit': 3, 'mass': 1, 'position': [0.0, 0.5, 0.0], 'joint_position': [0.0, 1.0, 0.0], 'joint_axis': '-0.9978 -0.6249 -0.4375', 'connections': [2]}"
2,"{'dimensions': [1, 1, 1], 'recursive_limit': 2, 'mass': 1, 'position': [0.0, 0.5, 0.0], 'joint_position': [0.0, 1.0, 0.0], 'joint_axis': '-0.0131  0.9835  0.3554', 'connections': [3]}"
3,"{'dimensions': [1, 1, 1], 'recursive_limit': 1, 'mass': 1, 'position': [0.0, 0.5, 0.0], 'joint_position': [0.0, 1.0, 0.0], 'joint_axis': ' 0.6293 -0.7334 -0.5207', 'connections': []}"

0,"{'dimensions': [1, 1, 1], 'recursive_limit': 4, 'mass': 1, 'position': [0, 0, 0.5], 'joint_position': [0, 0.5, 0.5], 'joint_axis': '-0.4732  0.2527 -0.1556', 'connections': [1]}"
1,"{'dimensions': [1, 1, 1], 'recursive_limit': 3, 'mass': 1, 'position': [0.0, 0.5, 0.0], 'joint_position': [0.0, 1.0, 0.0], 'joint_axis': ' 0.1524 -0.3519 -0.2027', 'connections': [2]}"
2,"{'dimensions': [1, 1, 1], 'recursive_limit': 2, 'mass': 1, 'position': [0.0, 0.5, 0.0], 'joint_position': [0.0, 1.0, 0.0], 'joint_axis': '-0.1637  0.2828  0.5158', 'connections': [3]}"
3,"{'dimensions': [1, 1, 1], 'recursive_limit': 1, 'mass': 1, 'position': [0.0, 0.5, 0.0], 'joint_position': [0.0, 1.0, 0.0], 'joint_axis': '-0.3598  0.5138 -0.8524', 'connections': []}"

0,"{'dimensions': [1, 1, 1], 'recursive_limit': 4, 'mass': 1, 'position': [0, 0, 0.5], 'joint_position': [0, 0.5, 0.5], 'joint_axis': ' 0.2952  0.556  -0.1933', 'connections': [1]}"
1,"{'dimensions': [1, 1, 1], 'recursive_limit': 3, 'mass': 1, 'position': [0.0, 0.5, 0.0], 'joint_position': [0.0, 1.0, 0.0], 'joint_axis': '0.4328 0.8801 0.9087', 'connections': []}"



0,"{'dimensions': [1, 1, 1], 'recursive_limit': 4, 'mass': 1, 'position': [0, 0, 0.5], 'joint_position': [0, 0.5, 0.5], 'joint_axis': '-0.4912  0.1703 -0.7885', 'connections': [1]}"
1,"{'dimensions': [1, 1, 1], 'recursive_limit': 3, 'mass': 1, 'position': [0.0, 0.5, 0.0], 'joint_position': [0.0, 1.0, 0.0], 'joint_axis': ' 0.4839 -0.2126 -0.9336', 'connections': []}"

0,"{'dimensions': [1, 1, 1], 'recursive_limit': 4, 'mass': 1, 'position': [0, 0, 0.5], 'joint_position': [0, 0.5, 0.5], 'joint_axis': '-0.6514  0.9745  0.9267', 'connections': [1]}"
1,"{'dimensions': [1, 1, 1], 'recursive_limit': 3, 'mass': 1, 'position': [0.0, 0.5, 0.0], 'joint_position': [0.0, 1.0, 0.0], 'joint_axis': '-0.8609 -0.2405  0.2609', 'connections': [2]}"
2,"{'dimensions': [1, 1, 1], 'recursive_limit': 2, 'mass': 1, 'position': [0.0, 0.5, 0.0], 'joint_position': [0.0, 1.0, 0.0], 'joint_axis': ' 0.6714 -0.7389  0.3904', 'connections': [3]}"
3,"{'dimensions': [1, 1, 1], 'recursive_limit': 1, 'mass': 1, 'position': [0.0, 0.5, 0.0], 'joint_position': [0.0, 1.0, 0.0], 'joint_axis': '-0.4731 -0.028  -0.3464', 'connections': []}"

0,"{'dimensions': [1, 1, 1], 'recursive_limit': 4, 'mass': 1, 'position': [0, 0, 0.5], 'joint_position': [0, 0.5, 0.5], 'joint_axis': '-0.6536  0.2868 -0.9957', 'connections': [1]}"
1,"{'dimensions': [1, 1, 1], 'recursive_limit': 3, 'mass': 1, 'position': [0.0, 0.5, 0.0], 'joint_position': [0.0, 1.0, 0.0], 'joint_axis': '-0.9978 -0.6249 -0.4375', 'connections': [2]}"
2,"{'dimensions': [1, 1, 1], 'recursive_limit': 2, 'mass': 1, 'position': [0.0, 0.5, 0.0], 'joint_position': [0.0, 1.0, 0.0], 'joint_axis': '-0.0131  0.9835  0.3554', 'connections': [3]}"
3,"{'dimensions': [1, 1, 1], 'recursive_limit': 1, 'mass': 1, 'position': [0.0, 0.5, 0.0], 'joint_position': [0.0, 1.0, 0.0], 'joint_axis': ' 0.6293 -0.7334 -0.5207', 'connections': []}"

0,"{'dimensions': [1, 1, 1], 'recursive_limit': 4, 'mass': 1, 'position': [0, 0, 0.5], 'joint_position': [0, 0.5, 0.5], 'joint_axis': '-0.4732  0.2527 -0.1556', 'connections': [1]}"
1,"{'dimensions': [1, 1, 1], 'recursive_limit': 3, 'mass': 1, 'position': [0.0, 0.5, 0.0], 'joint_position': [0.0, 1.0, 0.0], 'joint_axis': ' 0.1524 -0.3519 -0.2027', 'connections': [2]}"
2,"{'dimensions': [1, 1, 1], 'recursive_limit': 2, 'mass': 1, 'position': [0.0, 0.5, 0.0], 'joint_position': [0.0, 1.0, 0.0], 'joint_axis': '-0.1637  0.2828  0.5158', 'connections': [3]}"
3,"{'dimensions': [1, 1, 1], 'recursive_limit': 1, 'mass': 1, 'position': [0.0, 0.5, 0.0], 'joint_position': [0.0, 1.0, 0.0], 'joint_axis': '-0.3598  0.5138 -0.8524', 'connections': []}"

0,"{'dimensions': [1, 1, 1], 'recursive_limit': 4, 'mass': 1, 'position': [0, 0, 0.5], 'joint_position': [0, 0.5, 0.5], 'joint_axis': ' 0.2952  0.556  -0.1933', 'connections': [1]}"
1,"{'dimensions': [1, 1, 1], 'recursive_limit': 3, 'mass': 1, 'position': [0.0, 0.5, 0.0], 'joint_position': [0.0, 1.0, 0.0], 'joint_axis': '0.4328 0.8801 0.9087', 'connections': []}"



0,"{'dimensions': [1, 1, 1], 'recursive_limit': 4, 'mass': 1, 'position': [0, 0, 0.5], 'joint_position': [0, 0.5, 0.5], 'joint_axis': '-0.4912  0.1703 -0.7885', 'connections': [1]}"
1,"{'dimensions': [1, 1, 1], 'recursive_limit': 3, 'mass': 1, 'position': [0.0, 0.5, 0.0], 'joint_position': [0.0, 1.0, 0.0], 'joint_axis': ' 0.4839 -0.2126 -0.9336', 'connections': []}"

0,"{'dimensions': [1, 1, 1], 'recursive_limit': 4, 'mass': 1, 'position': [0, 0, 0.5], 'joint_position': [0, 0.5, 0.5], 'joint_axis': '-0.6514  0.9745  0.9267', 'connections': [1]}"
1,"{'dimensions': [1, 1, 1], 'recursive_limit': 3, 'mass': 1, 'position': [0.0, 0.5, 0.0], 'joint_position': [0.0, 1.0, 0.0], 'joint_axis': '-0.8609 -0.2405  0.2609', 'connections': [2]}"
2,"{'dimensions': [1, 1, 1], 'recursive_limit': 2, 'mass': 1, 'position': [0.0, 0.5, 0.0], 'joint_position': [0.0, 1.0, 0.0], 'joint_axis': ' 0.6714 -0.7389  0.3904', 'connections': [3]}"
3,"{'dimensions': [1, 1, 1], 'recursive_limit': 1, 'mass': 1, 'position': [0.0, 0.5, 0.0], 'joint_position': [0.0, 1.0, 0.0], 'joint_axis': '-0.4731 -0.028  -0.3464', 'connections': []}"

0,"{'dimensions': [1, 1, 1], 'recursive_limit': 4, 'mass': 1, 'position': [0, 0, 0.5], 'joint_position': [0, 0.5, 0.5], 'joint_axis': '-0.6536  0.2868 -0.9957', 'connections': [1]}"
1,"{'dimensions': [1, 1, 1], 'recursive_limit': 3, 'mass': 1, 'position': [0.0, 0.5, 0.0], 'joint_position': [0.0, 1.0, 0.0], 'joint_axis': '-0.9978 -0.6249 -0.4375', 'connections': [2]}"
2,"{'dimensions': [1, 1, 1], 'recursive_limit': 2, 'mass': 1, 'position': [0.0, 0.5, 0.0], 'joint_position': [0.0, 1.0, 0.0], 'joint_axis': '-0.0131  0.9835  0.3554', 'connections': [3]}"
3,"{'dimensions': [1, 1, 1], 'recursive_limit': 1, 'mass': 1, 'position': [0.0, 0.5, 0.0], 'joint_position': [0.0, 1.0, 0.0], 'joint_axis': ' 0.6293 -0.7334 -0.5207', 'connections': []}"

0,"{'dimensions': [1, 1, 1], 'recursive_limit': 4, 'mass': 1, 'position': [0, 0, 0.5], 'joint_position': [0, 0.5, 0.5], 'joint_axis': '-0.4732  0.2527 -0.1556', 'connections': [1]}"
1,"{'dimensions': [1, 1, 1], 'recursive_limit': 3, 'mass': 1, 'position': [0.0, 0.5, 0.0], 'joint_position': [0.0, 1.0, 0.0], 'joint_axis': ' 0.1524 -0.3519 -0.2027', 'connections': [2]}"
2,"{'dimensions': [1, 1, 1], 'recursive_limit': 2, 'mass': 1, 'position': [0.0, 0.5, 0.0], 'joint_position': [0.0, 1.0, 0.0], 'joint_axis': '-0.1637  0.2828  0.5158', 'connections': [3]}"
3,"{'dimensions': [1, 1, 1], 'recursive_limit': 1, 'mass': 1, 'position': [0.0, 0.5, 0.0], 'joint_position': [0.0, 1.0, 0.0], 'joint_axis': '-0.3598  0.5138 -0.8524', 'connections': []}"

0,"{'dimensions': [1, 1, 1], 'recursive_limit': 4, 'mass': 1, 'position': [0, 0, 0.5], 'joint_position': [0, 0.5, 0.5], 'joint_axis': ' 0.2952  0.556  -0.1933', 'connections': [1]}"
1,"{'dimensions': [1, 1, 1], 'recursive_limit': 3, 'mass': 1, 'position': [0.0, 0.5, 0.0], 'joint_position': [0.0, 1.0, 0.0], 'joint_axis': '0.4328 0.8801 0.9087', 'connections': []}"



0,"{'dimensions': [1, 1, 1], 'recursive_limit': 4, 'mass': 1, 'position': [0, 0, 0.5], 'joint_position': [0, 0.5, 0.5], 'joint_axis': '-0.4912  0.1703 -0.7885', 'connections': [1]}"
1,"{'dimensions': [1, 1, 1], 'recursive_limit': 3, 'mass': 1, 'position': [0.0, 0.5, 0.0], 'joint_position': [0.0, 1.0, 0.0], 'joint_axis': ' 0.4839 -0.2126 -0.9336', 'connections': []}"

0,"{'dimensions': [1, 1, 1], 'recursive_limit': 4, 'mass': 1, 'position': [0, 0, 0.5], 'joint_position': [0, 0.5, 0.5], 'joint_axis': '-0.6514  0.9745  0.9267', 'connections': [1]}"
1,"{'dimensions': [1, 1, 1], 'recursive_limit': 3, 'mass': 1, 'position': [0.0, 0.5, 0.0], 'joint_position': [0.0, 1.0, 0.0], 'joint_axis': '-0.8609 -0.2405  0.2609', 'connections': [2]}"
2,"{'dimensions': [1, 1, 1], 'recursive_limit': 2, 'mass': 1, 'position': [0.0, 0.5, 0.0], 'joint_position': [0.0, 1.0, 0.0], 'joint_axis': ' 0.6714 -0.7389  0.3904', 'connections': [3]}"
3,"{'dimensions': [1, 1, 1], 'recursive_limit': 1, 'mass': 1, 'position': [0.0, 0.5, 0.0], 'joint_position': [0.0, 1.0, 0.0], 'joint_axis': '-0.4731 -0.028  -0.3464', 'connections': []}"

0,"{'dimensions': [1, 1, 1], 'recursive_limit': 4, 'mass': 1, 'position': [0, 0, 0.5], 'joint_position': [0, 0.5, 0.5], 'joint_axis': '-0.6536  0.2868 -0.9957', 'connections': [1]}"
1,"{'dimensions': [1, 1, 1], 'recursive_limit': 3, 'mass': 1, 'position': [0.0, 0.5, 0.0], 'joint_position': [0.0, 1.0, 0.0], 'joint_axis': '-0.9978 -0.6249 -0.4375', 'connections': [2]}"
2,"{'dimensions': [1, 1, 1], 'recursive_limit': 2, 'mass': 1, 'position': [0.0, 0.5, 0.0], 'joint_position': [0.0, 1.0, 0.0], 'joint_axis': '-0.0131  0.9835  0.3554', 'connections': [3]}"
3,"{'dimensions': [1, 1, 1], 'recursive_limit': 1, 'mass': 1, 'position': [0.0, 0.5, 0.0], 'joint_position': [0.0, 1.0, 0.0], 'joint_axis': ' 0.6293 -0.7334 -0.5207', 'connections': []}"

0,"{'dimensions': [1, 1, 1], 'recursive_limit': 4, 'mass': 1, 'position': [0, 0, 0.5], 'joint_position': [0, 0.5, 0.5], 'joint_axis': '-0.4732  0.2527 -0.1556', 'connections': [1]}"
1,"{'dimensions': [1, 1, 1], 'recursive_limit': 3, 'mass': 1, 'position': [0.0, 0.5, 0.0], 'joint_position': [0.0, 1.0, 0.0], 'joint_axis': ' 0.1524 -0.3519 -0.2027', 'connections': [2]}"
2,"{'dimensions': [1, 1, 1], 'recursive_limit': 2, 'mass': 1, 'position': [0.0, 0.5, 0.0], 'joint_position': [0.0, 1.0, 0.0], 'joint_axis': '-0.1637  0.2828  0.5158', 'connections': [3]}"
3,"{'dimensions': [1, 1, 1], 'recursive_limit': 1, 'mass': 1, 'position': [0.0, 0.5, 0.0], 'joint_position': [0.0, 1.0, 0.0], 'joint_axis': '-0.3598  0.5138 -0.8524', 'connections': []}"

0,"{'dimensions': [1, 1, 1], 'recursive_limit': 4, 'mass': 1, 'position': [0, 0, 0.5], 'joint_position': [0, 0.5, 0.5], 'joint_axis': ' 0.2952  0.556  -0.1933', 'connections': [1]}"
1,"{'dimensions': [1, 1, 1], 'recursive_limit': 3, 'mass': 1, 'position': [0.0, 0.5, 0.0], 'joint_position': [0.0, 1.0, 0.0], 'joint_axis': '0.4328 0.8801 0.9087', 'connections': []}"



0,"{'dimensions': [1, 1, 1], 'recursive_limit': 4, 'mass': 1, 'position': [0, 0, 0.5], 'joint_position': [0, 0.5, 0.5], 'joint_axis': '-0.4912  0.1703 -0.7885', 'connections': [1]}"
1,"{'dimensions': [1, 1, 1], 'recursive_limit': 3, 'mass': 1, 'position': [0.0, 0.5, 0.0], 'joint_position': [0.0, 1.0, 0.0], 'joint_axis': ' 0.4839 -0.2126 -0.9336', 'connections': []}"

0,"{'dimensions': [1, 1, 1], 'recursive_limit': 4, 'mass': 1, 'position': [0, 0, 0.5], 'joint_position': [0, 0.5, 0.5], 'joint_axis': '-0.6514  0.9745  0.9267', 'connections': [1]}"
1,"{'dimensions': [1, 1, 1], 'recursive_limit': 3, 'mass': 1, 'position': [0.0, 0.5, 0.0], 'joint_position': [0.0, 1.0, 0.0], 'joint_axis': '-0.8609 -0.2405  0.2609', 'connections': [2]}"
2,"{'dimensions': [1, 1, 1], 'recursive_limit': 2, 'mass': 1, 'position': [0.0, 0.5, 0.0], 'joint_position': [0.0, 1.0, 0.0], 'joint_axis': ' 0.6714 -0.7389  0.3904', 'connections': [3]}"
3,"{'dimensions': [1, 1, 1], 'recursive_limit': 1, 'mass': 1, 'position': [0.0, 0.5, 0.0], 'joint_position': [0.0, 1.0, 0.0], 'joint_axis': '-0.4731 -0.028  -0.3464', 'connections': []}"

0,"{'dimensions': [1, 1, 1], 'recursive_limit': 4, 'mass': 1, 'position': [0, 0, 0.5], 'joint_position': [0, 0.5, 0.5], 'joint_axis': '-0.6536  0.2868 -0.9957', 'connections': [1]}"
1,"{'dimensions': [1, 1, 1], 'recursive_limit': 3, 'mass': 1, 'position': [0.0, 0.5, 0.0], 'joint_position': [0.0, 1.0, 0.0], 'joint_axis': '-0.9978 -0.6249 -0.4375', 'connections': [2]}"
2,"{'dimensions': [1, 1, 1], 'recursive_limit': 2, 'mass': 1, 'position': [0.0, 0.5, 0.0], 'joint_position': [0.0, 1.0, 0.0], 'joint_axis': '-0.0131  0.9835  0.3554', 'connections': [3]}"
3,"{'dimensions': [1, 1, 1], 'recursive_limit': 1, 'mass': 1, 'position': [0.0, 0.5, 0.0], 'joint_position': [0.0, 1.0, 0.0], 'joint_axis': ' 0.6293 -0.7334 -0.5207', 'connections': []}"

0,"{'dimensions': [1, 1, 1], 'recursive_limit': 4, 'mass': 1, 'position': [0, 0, 0.5], 'joint_position': [0, 0.5, 0.5], 'joint_axis': '-0.4732  0.2527 -0.1556', 'connections': [1]}"
1,"{'dimensions': [1, 1, 1], 'recursive_limit': 3, 'mass': 1, 'position': [0.0, 0.5, 0.0], 'joint_position': [0.0, 1.0, 0.0], 'joint_axis': ' 0.1524 -0.3519 -0.2027', 'connections': [2]}"
2,"{'dimensions': [1, 1, 1], 'recursive_limit': 2, 'mass': 1, 'position': [0.0, 0.5, 0.0], 'joint_position': [0.0, 1.0, 0.0], 'joint_axis': '-0.1637  0.2828  0.5158', 'connections': [3]}"
3,"{'dimensions': [1, 1, 1], 'recursive_limit': 1, 'mass': 1, 'position': [0.0, 0.5, 0.0], 'joint_position': [0.0, 1.0, 0.0], 'joint_axis': '-0.3598  0.5138 -0.8524', 'connections': []}"

0,"{'dimensions': [1, 1, 1], 'recursive_limit': 4, 'mass': 1, 'position': [0, 0, 0.5], 'joint_position': [0, 0.5, 0.5], 'joint_axis': ' 0.2952  0.556  -0.1933', 'connections': [1]}"
1,"{'dimensions': [1, 1, 1], 'recursive_limit': 3, 'mass': 1, 'position': [0.0, 0.5, 0.0], 'joint_position': [0.0, 1.0, 0.0], 'joint_axis': '0.4328 0.8801 0.9087', 'connections': []}"



0,"{'dimensions': [1, 1, 1], 'recursive_limit': 4, 'mass': 1, 'position': [0, 0, 0.5], 'joint_position': [0, 0.5, 0.5], 'joint_axis': '-0.4912  0.1703 -0.7885', 'connections': [1]}"
1,"{'dimensions': [1, 1, 1], 'recursive_limit': 3, 'mass': 1, 'position': [0.0, 0.5, 0.0], 'joint_position': [0.0, 1.0, 0.0], 'joint_axis': ' 0.4839 -0.2126 -0.9336', 'connections': []}"

0,"{'dimensions': [1, 1, 1], 'recursive_limit': 4, 'mass': 1, 'position': [0, 0, 0.5], 'joint_position': [0, 0.5, 0.5], 'joint_axis': '-0.6514  0.9745  0.9267', 'connections': [1]}"
1,"{'dimensions': [1, 1, 1], 'recursive_limit': 3, 'mass': 1, 'position': [0.0, 0.5, 0.0], 'joint_position': [0.0, 1.0, 0.0], 'joint_axis': '-0.8609 -0.2405  0.2609', 'connections': [2]}"
2,"{'dimensions': [1, 1, 1], 'recursive_limit': 2, 'mass': 1, 'position': [0.0, 0.5, 0.0], 'joint_position': [0.0, 1.0, 0.0], 'joint_axis': ' 0.6714 -0.7389  0.3904', 'connections': [3]}"
3,"{'dimensions': [1, 1, 1], 'recursive_limit': 1, 'mass': 1, 'position': [0.0, 0.5, 0.0], 'joint_position': [0.0, 1.0, 0.0], 'joint_axis': '-0.4731 -0.028  -0.3464', 'connections': []}"

0,"{'dimensions': [1, 1, 1], 'recursive_limit': 4, 'mass': 1, 'position': [0, 0, 0.5], 'joint_position': [0, 0.5, 0.5], 'joint_axis': '-0.6536  0.2868 -0.9957', 'connections': [1]}"
1,"{'dimensions': [1, 1, 1], 'recursive_limit': 3, 'mass': 1, 'position': [0.0, 0.5, 0.0], 'joint_position': [0.0, 1.0, 0.0], 'joint_axis': '-0.9978 -0.6249 -0.4375', 'connections': [2]}"
2,"{'dimensions': [1, 1, 1], 'recursive_limit': 2, 'mass': 1, 'position': [0.0, 0.5, 0.0], 'joint_position': [0.0, 1.0, 0.0], 'joint_axis': '-0.0131  0.9835  0.3554', 'connections': [3]}"
3,"{'dimensions': [1, 1, 1], 'recursive_limit': 1, 'mass': 1, 'position': [0.0, 0.5, 0.0], 'joint_position': [0.0, 1.0, 0.0], 'joint_axis': ' 0.6293 -0.7334 -0.5207', 'connections': []}"

0,"{'dimensions': [1, 1, 1], 'recursive_limit': 4, 'mass': 1, 'position': [0, 0, 0.5], 'joint_position': [0, 0.5, 0.5], 'joint_axis': '-0.4732  0.2527 -0.1556', 'connections': [1]}"
1,"{'dimensions': [1, 1, 1], 'recursive_limit': 3, 'mass': 1, 'position': [0.0, 0.5, 0.0], 'joint_position': [0.0, 1.0, 0.0], 'joint_axis': ' 0.1524 -0.3519 -0.2027', 'connections': [2]}"
2,"{'dimensions': [1, 1, 1], 'recursive_limit': 2, 'mass': 1, 'position': [0.0, 0.5, 0.0], 'joint_position': [0.0, 1.0, 0.0], 'joint_axis': '-0.1637  0.2828  0.5158', 'connections': [3]}"
3,"{'dimensions': [1, 1, 1], 'recursive_limit': 1, 'mass': 1, 'position': [0.0, 0.5, 0.0], 'joint_position': [0.0, 1.0, 0.0], 'joint_axis': '-0.3598  0.5138 -0.8524', 'connections': []}"

0,"{'dimensions': [1, 1, 1], 'recursive_limit': 4, 'mass': 1, 'position': [0, 0, 0.5], 'joint_position': [0, 0.5, 0.5], 'joint_axis': ' 0.2952  0.556  -0.1933', 'connections': [1]}"
1,"{'dimensions': [1, 1, 1], 'recursive_limit': 3, 'mass': 1, 'position': [0.0, 0.5, 0.0], 'joint_position': [0.0, 1.0, 0.0], 'joint_axis': '0.4328 0.8801 0.9087', 'connections': []}"



0,"{'dimensions': [1, 1, 1], 'recursive_limit': 4, 'mass': 1, 'position': [0, 0, 0.5], 'joint_position': [0, 0.5, 0.5], 'joint_axis': '-0.4912  0.1703 -0.7885', 'connections': [1]}"
1,"{'dimensions': [1, 1, 1], 'recursive_limit': 3, 'mass': 1, 'position': [0.0, 0.5, 0.0], 'joint_position': [0.0, 1.0, 0.0], 'joint_axis': ' 0.4839 -0.2126 -0.9336', 'connections': []}"

0,"{'dimensions': [1, 1, 1], 'recursive_limit': 4, 'mass': 1, 'position': [0, 0, 0.5], 'joint_position': [0, 0.5, 0.5], 'joint_axis': '-0.6514  0.9745  0.9267', 'connections': [1]}"
1,"{'dimensions': [1, 1, 1], 'recursive_limit': 3, 'mass': 1, 'position': [0.0, 0.5, 0.0], 'joint_position': [0.0, 1.0, 0.0], 'joint_axis': '-0.8609 -0.2405  0.2609', 'connections': [2]}"
2,"{'dimensions': [1, 1, 1], 'recursive_limit': 2, 'mass': 1, 'position': [0.0, 0.5, 0.0], 'joint_position': [0.0, 1.0, 0.0], 'joint_axis': ' 0.6714 -0.7389  0.3904', 'connections': [3]}"
3,"{'dimensions': [1, 1, 1], 'recursive_limit': 1, 'mass': 1, 'position': [0.0, 0.5, 0.0], 'joint_position': [0.0, 1.0, 0.0], 'joint_axis': '-0.4731 -0.028  -0.3464', 'connections': []}"

0,"{'dimensions': [1, 1, 1], 'recursive_limit': 4, 'mass': 1, 'position': [0, 0, 0.5], 'joint_position': [0, 0.5, 0.5], 'joint_axis': '-0.6536  0.2868 -0.9957', 'connections': [1]}"
1,"{'dimensions': [1, 1, 1], 'recursive_limit': 3, 'mass': 1, 'position': [0.0, 0.5, 0.0], 'joint_position': [0.0, 1.0, 0.0], 'joint_axis': '-0.9978 -0.6249 -0.4375', 'connections': [2]}"
2,"{'dimensions': [1, 1, 1], 'recursive_limit': 2, 'mass': 1, 'position': [0.0, 0.5, 0.0], 'joint_position': [0.0, 1.0, 0.0], 'joint_axis': '-0.0131  0.9835  0.3554', 'connections': [3]}"
3,"{'dimensions': [1, 1, 1], 'recursive_limit': 1, 'mass': 1, 'position': [0.0, 0.5, 0.0], 'joint_position': [0.0, 1.0, 0.0], 'joint_axis': ' 0.6293 -0.7334 -0.5207', 'connections': []}"

0,"{'dimensions': [1, 1, 1], 'recursive_limit': 4, 'mass': 1, 'position': [0, 0, 0.5], 'joint_position': [0, 0.5, 0.5], 'joint_axis': '-0.4732  0.2527 -0.1556', 'connections': [1]}"
1,"{'dimensions': [1, 1, 1], 'recursive_limit': 3, 'mass': 1, 'position': [0.0, 0.5, 0.0], 'joint_position': [0.0, 1.0, 0.0], 'joint_axis': ' 0.1524 -0.3519 -0.2027', 'connections': [2]}"
2,"{'dimensions': [1, 1, 1], 'recursive_limit': 2, 'mass': 1, 'position': [0.0, 0.5, 0.0], 'joint_position': [0.0, 1.0, 0.0], 'joint_axis': '-0.1637  0.2828  0.5158', 'connections': [3]}"
3,"{'dimensions': [1, 1, 1], 'recursive_limit': 1, 'mass': 1, 'position': [0.0, 0.5, 0.0], 'joint_position': [0.0, 1.0, 0.0], 'joint_axis': '-0.3598  0.5138 -0.8524', 'connections': []}"

0,"{'dimensions': [1, 1, 1], 'recursive_limit': 4, 'mass': 1, 'position': [0, 0, 0.5], 'joint_position': [0, 0.5, 0.5], 'joint_axis': ' 0.2952  0.556  -0.1933', 'connections': [1]}"
1,"{'dimensions': [1, 1, 1], 'recursive_limit': 3, 'mass': 1, 'position': [0.0, 0.5, 0.0], 'joint_position': [0.0, 1.0, 0.0], 'joint_axis': '0.4328 0.8801 0.9087', 'connections': []}"



0,"{'dimensions': [1, 1, 1], 'recursive_limit': 4, 'mass': 1, 'position': [0, 0, 0.5], 'joint_position': [0, 0.5, 0.5], 'joint_axis': '-0.4912  0.1703 -0.7885', 'connections': [1]}"
1,"{'dimensions': [1, 1, 1], 'recursive_limit': 3, 'mass': 1, 'position': [0.0, 0.5, 0.0], 'joint_position': [0.0, 1.0, 0.0], 'joint_axis': ' 0.4839 -0.2126 -0.9336', 'connections': []}"

0,"{'dimensions': [1, 1, 1], 'recursive_limit': 4, 'mass': 1, 'position': [0, 0, 0.5], 'joint_position': [0, 0.5, 0.5], 'joint_axis': '-0.6514  0.9745  0.9267', 'connections': [1]}"
1,"{'dimensions': [1, 1, 1], 'recursive_limit': 3, 'mass': 1, 'position': [0.0, 0.5, 0.0], 'joint_position': [0.0, 1.0, 0.0], 'joint_axis': '-0.8609 -0.2405  0.2609', 'connections': [2]}"
2,"{'dimensions': [1, 1, 1], 'recursive_limit': 2, 'mass': 1, 'position': [0.0, 0.5, 0.0], 'joint_position': [0.0, 1.0, 0.0], 'joint_axis': ' 0.6714 -0.7389  0.3904', 'connections': [3]}"
3,"{'dimensions': [1, 1, 1], 'recursive_limit': 1, 'mass': 1, 'position': [0.0, 0.5, 0.0], 'joint_position': [0.0, 1.0, 0.0], 'joint_axis': '-0.4731 -0.028  -0.3464', 'connections': []}"

0,"{'dimensions': [1, 1, 1], 'recursive_limit': 4, 'mass': 1, 'position': [0, 0, 0.5], 'joint_position': [0, 0.5, 0.5], 'joint_axis': '-0.6536  0.2868 -0.9957', 'connections': [1]}"
1,"{'dimensions': [1, 1, 1], 'recursive_limit': 3, 'mass': 1, 'position': [0.0, 0.5, 0.0], 'joint_position': [0.0, 1.0, 0.0], 'joint_axis': '-0.9978 -0.6249 -0.4375', 'connections': [2]}"
2,"{'dimensions': [1, 1, 1], 'recursive_limit': 2, 'mass': 1, 'position': [0.0, 0.5, 0.0], 'joint_position': [0.0, 1.0, 0.0], 'joint_axis': '-0.0131  0.9835  0.3554', 'connections': [3]}"
3,"{'dimensions': [1, 1, 1], 'recursive_limit': 1, 'mass': 1, 'position': [0.0, 0.5, 0.0], 'joint_position': [0.0, 1.0, 0.0], 'joint_axis': ' 0.6293 -0.7334 -0.5207', 'connections': []}"

0,"{'dimensions': [1, 1, 1], 'recursive_limit': 4, 'mass': 1, 'position': [0, 0, 0.5], 'joint_position': [0, 0.5, 0.5], 'joint_axis': '-0.4732  0.2527 -0.1556', 'connections': [1]}"
1,"{'dimensions': [1, 1, 1], 'recursive_limit': 3, 'mass': 1, 'position': [0.0, 0.5, 0.0], 'joint_position': [0.0, 1.0, 0.0], 'joint_axis': ' 0.1524 -0.3519 -0.2027', 'connections': [2]}"
2,"{'dimensions': [1, 1, 1], 'recursive_limit': 2, 'mass': 1, 'position': [0.0, 0.5, 0.0], 'joint_position': [0.0, 1.0, 0.0], 'joint_axis': '-0.1637  0.2828  0.5158', 'connections': [3]}"
3,"{'dimensions': [1, 1, 1], 'recursive_limit': 1, 'mass': 1, 'position': [0.0, 0.5, 0.0], 'joint_position': [0.0, 1.0, 0.0], 'joint_axis': '-0.3598  0.5138 -0.8524', 'connections': []}"

0,"{'dimensions': [1, 1, 1], 'recursive_limit': 4, 'mass': 1, 'position': [0, 0, 0.5], 'joint_position': [0, 0.5, 0.5], 'joint_axis': ' 0.2952  0.556  -0.1933', 'connections': [1]}"
1,"{'dimensions': [1, 1, 1], 'recursive_limit': 3, 'mass': 1, 'position': [0.0, 0.5, 0.0], 'joint_position': [0.0, 1.0, 0.0], 'joint_axis': '0.4328 0.8801 0.9087', 'connections': []}"



0,"{'dimensions': [1, 1, 1], 'recursive_limit': 4, 'mass': 1, 'position': [0, 0, 0.5], 'joint_position': [0, 0.5, 0.5], 'joint_axis': '-0.4912  0.1703 -0.7885', 'connections': [1]}"
1,"{'dimensions': [1, 1, 1], 'recursive_limit': 3, 'mass': 1, 'position': [0.0, 0.5, 0.0], 'joint_position': [0.0, 1.0, 0.0], 'joint_axis': ' 0.4839 -0.2126 -0.9336', 'connections': []}"

0,"{'dimensions': [1, 1, 1], 'recursive_limit': 4, 'mass': 1, 'position': [0, 0, 0.5], 'joint_position': [0, 0.5, 0.5], 'joint_axis': '-0.6514  0.9745  0.9267', 'connections': [1]}"
1,"{'dimensions': [1, 1, 1], 'recursive_limit': 3, 'mass': 1, 'position': [0.0, 0.5, 0.0], 'joint_position': [0.0, 1.0, 0.0], 'joint_axis': '-0.8609 -0.2405  0.2609', 'connections': [2]}"
2,"{'dimensions': [1, 1, 1], 'recursive_limit': 2, 'mass': 1, 'position': [0.0, 0.5, 0.0], 'joint_position': [0.0, 1.0, 0.0], 'joint_axis': ' 0.6714 -0.7389  0.3904', 'connections': [3]}"
3,"{'dimensions': [1, 1, 1], 'recursive_limit': 1, 'mass': 1, 'position': [0.0, 0.5, 0.0], 'joint_position': [0.0, 1.0, 0.0], 'joint_axis': '-0.4731 -0.028  -0.3464', 'connections': []}"

0,"{'dimensions': [1, 1, 1], 'recursive_limit': 4, 'mass': 1, 'position': [0, 0, 0.5], 'joint_position': [0, 0.5, 0.5], 'joint_axis': '-0.6536  0.2868 -0.9957', 'connections': [1]}"
1,"{'dimensions': [1, 1, 1], 'recursive_limit': 3, 'mass': 1, 'position': [0.0, 0.5, 0.0], 'joint_position': [0.0, 1.0, 0.0], 'joint_axis': '-0.9978 -0.6249 -0.4375', 'connections': [2]}"
2,"{'dimensions': [1, 1, 1], 'recursive_limit': 2, 'mass': 1, 'position': [0.0, 0.5, 0.0], 'joint_position': [0.0, 1.0, 0.0], 'joint_axis': '-0.0131  0.9835  0.3554', 'connections': [3]}"
3,"{'dimensions': [1, 1, 1], 'recursive_limit': 1, 'mass': 1, 'position': [0.0, 0.5, 0.0], 'joint_position': [0.0, 1.0, 0.0], 'joint_axis': ' 0.6293 -0.7334 -0.5207', 'connections': []}"

0,"{'dimensions': [1, 1, 1], 'recursive_limit': 4, 'mass': 1, 'position': [0, 0, 0.5], 'joint_position': [0, 0.5, 0.5], 'joint_axis': '-0.4732  0.2527 -0.1556', 'connections': [1]}"
1,"{'dimensions': [1, 1, 1], 'recursive_limit': 3, 'mass': 1, 'position': [0.0, 0.5, 0.0], 'joint_position': [0.0, 1.0, 0.0], 'joint_axis': ' 0.1524 -0.3519 -0.2027', 'connections': [2]}"
2,"{'dimensions': [1, 1, 1], 'recursive_limit': 2, 'mass': 1, 'position': [0.0, 0.5, 0.0], 'joint_position': [0.0, 1.0, 0.0], 'joint_axis': '-0.1637  0.2828  0.5158', 'connections': [3]}"
3,"{'dimensions': [1, 1, 1], 'recursive_limit': 1, 'mass': 1, 'position': [0.0, 0.5, 0.0], 'joint_position': [0.0, 1.0, 0.0], 'joint_axis': '-0.3598  0.5138 -0.8524', 'connections': []}"

0,"{'dimensions': [1, 1, 1], 'recursive_limit': 4, 'mass': 1, 'position': [0, 0, 0.5], 'joint_position': [0, 0.5, 0.5], 'joint_axis': ' 0.2952  0.556  -0.1933', 'connections': [1]}"
1,"{'dimensions': [1, 1, 1], 'recursive_limit': 3, 'mass': 1, 'position': [0.0, 0.5, 0.0], 'joint_position': [0.0, 1.0, 0.0], 'joint_axis': '0.4328 0.8801 0.9087', 'connections': []}"



0,"{'dimensions': [1, 1, 1], 'recursive_limit': 4, 'mass': 1, 'position': [0, 0, 0.5], 'joint_position': [0, 0.5, 0.5], 'joint_axis': '-0.4912  0.1703 -0.7885', 'connections': [1]}"
1,"{'dimensions': [1, 1, 1], 'recursive_limit': 3, 'mass': 1, 'position': [0.0, 0.5, 0.0], 'joint_position': [0.0, 1.0, 0.0], 'joint_axis': ' 0.4839 -0.2126 -0.9336', 'connections': []}"

0,"{'dimensions': [1, 1, 1], 'recursive_limit': 4, 'mass': 1, 'position': [0, 0, 0.5], 'joint_position': [0, 0.5, 0.5], 'joint_axis': '-0.6514  0.9745  0.9267', 'connections': [1]}"
1,"{'dimensions': [1, 1, 1], 'recursive_limit': 3, 'mass': 1, 'position': [0.0, 0.5, 0.0], 'joint_position': [0.0, 1.0, 0.0], 'joint_axis': '-0.8609 -0.2405  0.2609', 'connections': [2]}"
2,"{'dimensions': [1, 1, 1], 'recursive_limit': 2, 'mass': 1, 'position': [0.0, 0.5, 0.0], 'joint_position': [0.0, 1.0, 0.0], 'joint_axis': ' 0.6714 -0.7389  0.3904', 'connections': [3]}"
3,"{'dimensions': [1, 1, 1], 'recursive_limit': 1, 'mass': 1, 'position': [0.0, 0.5, 0.0], 'joint_position': [0.0, 1.0, 0.0], 'joint_axis': '-0.4731 -0.028  -0.3464', 'connections': []}"

0,"{'dimensions': [1, 1, 1], 'recursive_limit': 4, 'mass': 1, 'position': [0, 0, 0.5], 'joint_position': [0, 0.5, 0.5], 'joint_axis': '-0.6536  0.2868 -0.9957', 'connections': [1]}"
1,"{'dimensions': [1, 1, 1], 'recursive_limit': 3, 'mass': 1, 'position': [0.0, 0.5, 0.0], 'joint_position': [0.0, 1.0, 0.0], 'joint_axis': '-0.9978 -0.6249 -0.4375', 'connections': [2]}"
2,"{'dimensions': [1, 1, 1], 'recursive_limit': 2, 'mass': 1, 'position': [0.0, 0.5, 0.0], 'joint_position': [0.0, 1.0, 0.0], 'joint_axis': '-0.0131  0.9835  0.3554', 'connections': [3]}"
3,"{'dimensions': [1, 1, 1], 'recursive_limit': 1, 'mass': 1, 'position': [0.0, 0.5, 0.0], 'joint_position': [0.0, 1.0, 0.0], 'joint_axis': ' 0.6293 -0.7334 -0.5207', 'connections': []}"

0,"{'dimensions': [1, 1, 1], 'recursive_limit': 4, 'mass': 1, 'position': [0, 0, 0.5], 'joint_position': [0, 0.5, 0.5], 'joint_axis': '-0.4732  0.2527 -0.1556', 'connections': [1]}"
1,"{'dimensions': [1, 1, 1], 'recursive_limit': 3, 'mass': 1, 'position': [0.0, 0.5, 0.0], 'joint_position': [0.0, 1.0, 0.0], 'joint_axis': ' 0.1524 -0.3519 -0.2027', 'connections': [2]}"
2,"{'dimensions': [1, 1, 1], 'recursive_limit': 2, 'mass': 1, 'position': [0.0, 0.5, 0.0], 'joint_position': [0.0, 1.0, 0.0], 'joint_axis': '-0.1637  0.2828  0.5158', 'connections': [3]}"
3,"{'dimensions': [1, 1, 1], 'recursive_limit': 1, 'mass': 1, 'position': [0.0, 0.5, 0.0], 'joint_position': [0.0, 1.0, 0.0], 'joint_axis': '-0.3598  0.5138 -0.8524', 'connections': []}"

0,"{'dimensions': [1, 1, 1], 'recursive_limit': 4, 'mass': 1, 'position': [0, 0, 0.5], 'joint_position': [0, 0.5, 0.5], 'joint_axis': ' 0.2952  0.556  -0.1933', 'connections': [1]}"
1,"{'dimensions': [1, 1, 1], 'recursive_limit': 3, 'mass': 1, 'position': [0.0, 0.5, 0.0], 'joint_position': [0.0, 1.0, 0.0], 'joint_axis': '0.4328 0.8801 0.9087', 'connections': []}"



0,"{'dimensions': [1, 1, 1], 'recursive_limit': 4, 'mass': 1, 'position': [0, 0, 0.5], 'joint_position': [0, 0.5, 0.5], 'joint_axis': '-0.4912  0.1703 -0.7885', 'connections': [1]}"
1,"{'dimensions': [1, 1, 1], 'recursive_limit': 3, 'mass': 1, 'position': [0.0, 0.5, 0.0], 'joint_position': [0.0, 1.0, 0.0], 'joint_axis': ' 0.4839 -0.2126 -0.9336', 'connections': []}"

0,"{'dimensions': [1, 1, 1], 'recursive_limit': 4, 'mass': 1, 'position': [0, 0, 0.5], 'joint_position': [0, 0.5, 0.5], 'joint_axis': '-0.6514  0.9745  0.9267', 'connections': [1]}"
1,"{'dimensions': [1, 1, 1], 'recursive_limit': 3, 'mass': 1, 'position': [0.0, 0.5, 0.0], 'joint_position': [0.0, 1.0, 0.0], 'joint_axis': '-0.8609 -0.2405  0.2609', 'connections': [2]}"
2,"{'dimensions': [1, 1, 1], 'recursive_limit': 2, 'mass': 1, 'position': [0.0, 0.5, 0.0], 'joint_position': [0.0, 1.0, 0.0], 'joint_axis': ' 0.6714 -0.7389  0.3904', 'connections': [3]}"
3,"{'dimensions': [1, 1, 1], 'recursive_limit': 1, 'mass': 1, 'position': [0.0, 0.5, 0.0], 'joint_position': [0.0, 1.0, 0.0], 'joint_axis': '-0.4731 -0.028  -0.3464', 'connections': []}"

0,"{'dimensions': [1, 1, 1], 'recursive_limit': 4, 'mass': 1, 'position': [0, 0, 0.5], 'joint_position': [0, 0.5, 0.5], 'joint_axis': '-0.6536  0.2868 -0.9957', 'connections': [1]}"
1,"{'dimensions': [1, 1, 1], 'recursive_limit': 3, 'mass': 1, 'position': [0.0, 0.5, 0.0], 'joint_position': [0.0, 1.0, 0.0], 'joint_axis': '-0.9978 -0.6249 -0.4375', 'connections': [2]}"
2,"{'dimensions': [1, 1, 1], 'recursive_limit': 2, 'mass': 1, 'position': [0.0, 0.5, 0.0], 'joint_position': [0.0, 1.0, 0.0], 'joint_axis': '-0.0131  0.9835  0.3554', 'connections': [3]}"
3,"{'dimensions': [1, 1, 1], 'recursive_limit': 1, 'mass': 1, 'position': [0.0, 0.5, 0.0], 'joint_position': [0.0, 1.0, 0.0], 'joint_axis': ' 0.6293 -0.7334 -0.5207', 'connections': []}"

0,"{'dimensions': [1, 1, 1], 'recursive_limit': 4, 'mass': 1, 'position': [0, 0, 0.5], 'joint_position': [0, 0.5, 0.5], 'joint_axis': '-0.4732  0.2527 -0.1556', 'connections': [1]}"
1,"{'dimensions': [1, 1, 1], 'recursive_limit': 3, 'mass': 1, 'position': [0.0, 0.5, 0.0], 'joint_position': [0.0, 1.0, 0.0], 'joint_axis': ' 0.1524 -0.3519 -0.2027', 'connections': [2]}"
2,"{'dimensions': [1, 1, 1], 'recursive_limit': 2, 'mass': 1, 'position': [0.0, 0.5, 0.0], 'joint_position': [0.0, 1.0, 0.0], 'joint_axis': '-0.1637  0.2828  0.5158', 'connections': [3]}"
3,"{'dimensions': [1, 1, 1], 'recursive_limit': 1, 'mass': 1, 'position': [0.0, 0.5, 0.0], 'joint_position': [0.0, 1.0, 0.0], 'joint_axis': '-0.3598  0.5138 -0.8524', 'connections': []}"

0,"{'dimensions': [1, 1, 1], 'recursive_limit': 4, 'mass': 1, 'position': [0, 0, 0.5], 'joint_position': [0, 0.5, 0.5], 'joint_axis': ' 0.2952  0.556  -0.1933', 'connections': [1]}"
1,"{'dimensions': [1, 1, 1], 'recursive_limit': 3, 'mass': 1, 'position': [0.0, 0.5, 0.0], 'joint_position': [0.0, 1.0, 0.0], 'joint_axis': '0.4328 0.8801 0.9087', 'connections': []}"



0,"{'dimensions': [1, 1, 1], 'recursive_limit': 4, 'mass': 1, 'position': [0, 0, 0.5], 'joint_position': [0, 0.5, 0.5], 'joint_axis': '-0.4912  0.1703 -0.7885', 'connections': [1]}"
1,"{'dimensions': [1, 1, 1], 'recursive_limit': 3, 'mass': 1, 'position': [0.0, 0.5, 0.0], 'joint_position': [0.0, 1.0, 0.0], 'joint_axis': ' 0.4839 -0.2126 -0.9336', 'connections': []}"

0,"{'dimensions': [1, 1, 1], 'recursive_limit': 4, 'mass': 1, 'position': [0, 0, 0.5], 'joint_position': [0, 0.5, 0.5], 'joint_axis': '-0.6514  0.9745  0.9267', 'connections': [1]}"
1,"{'dimensions': [1, 1, 1], 'recursive_limit': 3, 'mass': 1, 'position': [0.0, 0.5, 0.0], 'joint_position': [0.0, 1.0, 0.0], 'joint_axis': '-0.8609 -0.2405  0.2609', 'connections': [2]}"
2,"{'dimensions': [1, 1, 1], 'recursive_limit': 2, 'mass': 1, 'position': [0.0, 0.5, 0.0], 'joint_position': [0.0, 1.0, 0.0], 'joint_axis': ' 0.6714 -0.7389  0.3904', 'connections': [3]}"
3,"{'dimensions': [1, 1, 1], 'recursive_limit': 1, 'mass': 1, 'position': [0.0, 0.5, 0.0], 'joint_position': [0.0, 1.0, 0.0], 'joint_axis': '-0.4731 -0.028  -0.3464', 'connections': []}"

0,"{'dimensions': [1, 1, 1], 'recursive_limit': 4, 'mass': 1, 'position': [0, 0, 0.5], 'joint_position': [0, 0.5, 0.5], 'joint_axis': '-0.6536  0.2868 -0.9957', 'connections': [1]}"
1,"{'dimensions': [1, 1, 1], 'recursive_limit': 3, 'mass': 1, 'position': [0.0, 0.5, 0.0], 'joint_position': [0.0, 1.0, 0.0], 'joint_axis': '-0.9978 -0.6249 -0.4375', 'connections': [2]}"
2,"{'dimensions': [1, 1, 1], 'recursive_limit': 2, 'mass': 1, 'position': [0.0, 0.5, 0.0], 'joint_position': [0.0, 1.0, 0.0], 'joint_axis': '-0.0131  0.9835  0.3554', 'connections': [3]}"
3,"{'dimensions': [1, 1, 1], 'recursive_limit': 1, 'mass': 1, 'position': [0.0, 0.5, 0.0], 'joint_position': [0.0, 1.0, 0.0], 'joint_axis': ' 0.6293 -0.7334 -0.5207', 'connections': []}"

0,"{'dimensions': [1, 1, 1], 'recursive_limit': 4, 'mass': 1, 'position': [0, 0, 0.5], 'joint_position': [0, 0.5, 0.5], 'joint_axis': '-0.4732  0.2527 -0.1556', 'connections': [1]}"
1,"{'dimensions': [1, 1, 1], 'recursive_limit': 3, 'mass': 1, 'position': [0.0, 0.5, 0.0], 'joint_position': [0.0, 1.0, 0.0], 'joint_axis': ' 0.1524 -0.3519 -0.2027', 'connections': [2]}"
2,"{'dimensions': [1, 1, 1], 'recursive_limit': 2, 'mass': 1, 'position': [0.0, 0.5, 0.0], 'joint_position': [0.0, 1.0, 0.0], 'joint_axis': '-0.1637  0.2828  0.5158', 'connections': [3]}"
3,"{'dimensions': [1, 1, 1], 'recursive_limit': 1, 'mass': 1, 'position': [0.0, 0.5, 0.0], 'joint_position': [0.0, 1.0, 0.0], 'joint_axis': '-0.3598  0.5138 -0.8524', 'connections': []}"

0,"{'dimensions': [1, 1, 1], 'recursive_limit': 4, 'mass': 1, 'position': [0, 0, 0.5], 'joint_position': [0, 0.5, 0.5], 'joint_axis': ' 0.2952  0.556  -0.1933', 'connections': [1]}"
1,"{'dimensions': [1, 1, 1], 'recursive_limit': 3, 'mass': 1, 'position': [0.0, 0.5, 0.0], 'joint_position': [0.0, 1.0, 0.0], 'joint_axis': '0.4328 0.8801 0.9087', 'connections': []}"



0,"{'dimensions': [1, 1, 1], 'recursive_limit': 4, 'mass': 1, 'position': [0, 0, 0.5], 'joint_position': [0, 0.5, 0.5], 'joint_axis': '-0.4912  0.1703 -0.7885', 'connections': [1]}"
1,"{'dimensions': [1, 1, 1], 'recursive_limit': 3, 'mass': 1, 'position': [0.0, 0.5, 0.0], 'joint_position': [0.0, 1.0, 0.0], 'joint_axis': ' 0.4839 -0.2126 -0.9336', 'connections': []}"

0,"{'dimensions': [1, 1, 1], 'recursive_limit': 4, 'mass': 1, 'position': [0, 0, 0.5], 'joint_position': [0, 0.5, 0.5], 'joint_axis': '-0.6514  0.9745  0.9267', 'connections': [1]}"
1,"{'dimensions': [1, 1, 1], 'recursive_limit': 3, 'mass': 1, 'position': [0.0, 0.5, 0.0], 'joint_position': [0.0, 1.0, 0.0], 'joint_axis': '-0.8609 -0.2405  0.2609', 'connections': [2]}"
2,"{'dimensions': [1, 1, 1], 'recursive_limit': 2, 'mass': 1, 'position': [0.0, 0.5, 0.0], 'joint_position': [0.0, 1.0, 0.0], 'joint_axis': ' 0.6714 -0.7389  0.3904', 'connections': [3]}"
3,"{'dimensions': [1, 1, 1], 'recursive_limit': 1, 'mass': 1, 'position': [0.0, 0.5, 0.0], 'joint_position': [0.0, 1.0, 0.0], 'joint_axis': '-0.4731 -0.028  -0.3464', 'connections': []}"

0,"{'dimensions': [1, 1, 1], 'recursive_limit': 4, 'mass': 1, 'position': [0, 0, 0.5], 'joint_position': [0, 0.5, 0.5], 'joint_axis': '-0.6536  0.2868 -0.9957', 'connections': [1]}"
1,"{'dimensions': [1, 1, 1], 'recursive_limit': 3, 'mass': 1, 'position': [0.0, 0.5, 0.0], 'joint_position': [0.0, 1.0, 0.0], 'joint_axis': '-0.9978 -0.6249 -0.4375', 'connections': [2]}"
2,"{'dimensions': [1, 1, 1], 'recursive_limit': 2, 'mass': 1, 'position': [0.0, 0.5, 0.0], 'joint_position': [0.0, 1.0, 0.0], 'joint_axis': '-0.0131  0.9835  0.3554', 'connections': [3]}"
3,"{'dimensions': [1, 1, 1], 'recursive_limit': 1, 'mass': 1, 'position': [0.0, 0.5, 0.0], 'joint_position': [0.0, 1.0, 0.0], 'joint_axis': ' 0.6293 -0.7334 -0.5207', 'connections': []}"

0,"{'dimensions': [1, 1, 1], 'recursive_limit': 4, 'mass': 1, 'position': [0, 0, 0.5], 'joint_position': [0, 0.5, 0.5], 'joint_axis': '-0.4732  0.2527 -0.1556', 'connections': [1]}"
1,"{'dimensions': [1, 1, 1], 'recursive_limit': 3, 'mass': 1, 'position': [0.0, 0.5, 0.0], 'joint_position': [0.0, 1.0, 0.0], 'joint_axis': ' 0.1524 -0.3519 -0.2027', 'connections': [2]}"
2,"{'dimensions': [1, 1, 1], 'recursive_limit': 2, 'mass': 1, 'position': [0.0, 0.5, 0.0], 'joint_position': [0.0, 1.0, 0.0], 'joint_axis': '-0.1637  0.2828  0.5158', 'connections': [3]}"
3,"{'dimensions': [1, 1, 1], 'recursive_limit': 1, 'mass': 1, 'position': [0.0, 0.5, 0.0], 'joint_position': [0.0, 1.0, 0.0], 'joint_axis': '-0.3598  0.5138 -0.8524', 'connections': []}"

0,"{'dimensions': [1, 1, 1], 'recursive_limit': 4, 'mass': 1, 'position': [0, 0, 0.5], 'joint_position': [0, 0.5, 0.5], 'joint_axis': ' 0.2952  0.556  -0.1933', 'connections': [1]}"
1,"{'dimensions': [1, 1, 1], 'recursive_limit': 3, 'mass': 1, 'position': [0.0, 0.5, 0.0], 'joint_position': [0.0, 1.0, 0.0], 'joint_axis': '0.4328 0.8801 0.9087', 'connections': []}"



0,"{'dimensions': [1, 1, 1], 'recursive_limit': 4, 'mass': 1, 'position': [0, 0, 0.5], 'joint_position': [0, 0.5, 0.5], 'joint_axis': '-0.4912  0.1703 -0.7885', 'connections': [1]}"
1,"{'dimensions': [1, 1, 1], 'recursive_limit': 3, 'mass': 1, 'position': [0.0, 0.5, 0.0], 'joint_position': [0.0, 1.0, 0.0], 'joint_axis': ' 0.4839 -0.2126 -0.9336', 'connections': []}"

0,"{'dimensions': [1, 1, 1], 'recursive_limit': 4, 'mass': 1, 'position': [0, 0, 0.5], 'joint_position': [0, 0.5, 0.5], 'joint_axis': '-0.6514  0.9745  0.9267', 'connections': [1]}"
1,"{'dimensions': [1, 1, 1], 'recursive_limit': 3, 'mass': 1, 'position': [0.0, 0.5, 0.0], 'joint_position': [0.0, 1.0, 0.0], 'joint_axis': '-0.8609 -0.2405  0.2609', 'connections': [2]}"
2,"{'dimensions': [1, 1, 1], 'recursive_limit': 2, 'mass': 1, 'position': [0.0, 0.5, 0.0], 'joint_position': [0.0, 1.0, 0.0], 'joint_axis': ' 0.6714 -0.7389  0.3904', 'connections': [3]}"
3,"{'dimensions': [1, 1, 1], 'recursive_limit': 1, 'mass': 1, 'position': [0.0, 0.5, 0.0], 'joint_position': [0.0, 1.0, 0.0], 'joint_axis': '-0.4731 -0.028  -0.3464', 'connections': []}"

0,"{'dimensions': [1, 1, 1], 'recursive_limit': 4, 'mass': 1, 'position': [0, 0, 0.5], 'joint_position': [0, 0.5, 0.5], 'joint_axis': '-0.6536  0.2868 -0.9957', 'connections': [1]}"
1,"{'dimensions': [1, 1, 1], 'recursive_limit': 3, 'mass': 1, 'position': [0.0, 0.5, 0.0], 'joint_position': [0.0, 1.0, 0.0], 'joint_axis': '-0.9978 -0.6249 -0.4375', 'connections': [2]}"
2,"{'dimensions': [1, 1, 1], 'recursive_limit': 2, 'mass': 1, 'position': [0.0, 0.5, 0.0], 'joint_position': [0.0, 1.0, 0.0], 'joint_axis': '-0.0131  0.9835  0.3554', 'connections': [3]}"
3,"{'dimensions': [1, 1, 1], 'recursive_limit': 1, 'mass': 1, 'position': [0.0, 0.5, 0.0], 'joint_position': [0.0, 1.0, 0.0], 'joint_axis': ' 0.6293 -0.7334 -0.5207', 'connections': []}"

0,"{'dimensions': [1, 1, 1], 'recursive_limit': 4, 'mass': 1, 'position': [0, 0, 0.5], 'joint_position': [0, 0.5, 0.5], 'joint_axis': '-0.4732  0.2527 -0.1556', 'connections': [1]}"
1,"{'dimensions': [1, 1, 1], 'recursive_limit': 3, 'mass': 1, 'position': [0.0, 0.5, 0.0], 'joint_position': [0.0, 1.0, 0.0], 'joint_axis': ' 0.1524 -0.3519 -0.2027', 'connections': [2]}"
2,"{'dimensions': [1, 1, 1], 'recursive_limit': 2, 'mass': 1, 'position': [0.0, 0.5, 0.0], 'joint_position': [0.0, 1.0, 0.0], 'joint_axis': '-0.1637  0.2828  0.5158', 'connections': [3]}"
3,"{'dimensions': [1, 1, 1], 'recursive_limit': 1, 'mass': 1, 'position': [0.0, 0.5, 0.0], 'joint_position': [0.0, 1.0, 0.0], 'joint_axis': '-0.3598  0.5138 -0.8524', 'connections': []}"

0,"{'dimensions': [1, 1, 1], 'recursive_limit': 4, 'mass': 1, 'position': [0, 0, 0.5], 'joint_position': [0, 0.5, 0.5], 'joint_axis': ' 0.2952  0.556  -0.1933', 'connections': [1]}"
1,"{'dimensions': [1, 1, 1], 'recursive_limit': 3, 'mass': 1, 'position': [0.0, 0.5, 0.0], 'joint_position': [0.0, 1.0, 0.0], 'joint_axis': '0.4328 0.8801 0.9087', 'connections': []}"



0,"{'dimensions': [1, 1, 1], 'recursive_limit': 4, 'mass': 1, 'position': [0, 0, 0.5], 'joint_position': [0, 0.5, 0.5], 'joint_axis': '-0.4912  0.1703 -0.7885', 'connections': [1]}"
1,"{'dimensions': [1, 1, 1], 'recursive_limit': 3, 'mass': 1, 'position': [0.0, 0.5, 0.0], 'joint_position': [0.0, 1.0, 0.0], 'joint_axis': ' 0.4839 -0.2126 -0.9336', 'connections': []}"

0,"{'dimensions': [1, 1, 1], 'recursive_limit': 4, 'mass': 1, 'position': [0, 0, 0.5], 'joint_position': [0, 0.5, 0.5], 'joint_axis': '-0.6514  0.9745  0.9267', 'connections': [1]}"
1,"{'dimensions': [1, 1, 1], 'recursive_limit': 3, 'mass': 1, 'position': [0.0, 0.5, 0.0], 'joint_position': [0.0, 1.0, 0.0], 'joint_axis': '-0.8609 -0.2405  0.2609', 'connections': [2]}"
2,"{'dimensions': [1, 1, 1], 'recursive_limit': 2, 'mass': 1, 'position': [0.0, 0.5, 0.0], 'joint_position': [0.0, 1.0, 0.0], 'joint_axis': ' 0.6714 -0.7389  0.3904', 'connections': [3]}"
3,"{'dimensions': [1, 1, 1], 'recursive_limit': 1, 'mass': 1, 'position': [0.0, 0.5, 0.0], 'joint_position': [0.0, 1.0, 0.0], 'joint_axis': '-0.4731 -0.028  -0.3464', 'connections': []}"

0,"{'dimensions': [1, 1, 1], 'recursive_limit': 4, 'mass': 1, 'position': [0, 0, 0.5], 'joint_position': [0, 0.5, 0.5], 'joint_axis': '-0.6536  0.2868 -0.9957', 'connections': [1]}"
1,"{'dimensions': [1, 1, 1], 'recursive_limit': 3, 'mass': 1, 'position': [0.0, 0.5, 0.0], 'joint_position': [0.0, 1.0, 0.0], 'joint_axis': '-0.9978 -0.6249 -0.4375', 'connections': [2]}"
2,"{'dimensions': [1, 1, 1], 'recursive_limit': 2, 'mass': 1, 'position': [0.0, 0.5, 0.0], 'joint_position': [0.0, 1.0, 0.0], 'joint_axis': '-0.0131  0.9835  0.3554', 'connections': [3]}"
3,"{'dimensions': [1, 1, 1], 'recursive_limit': 1, 'mass': 1, 'position': [0.0, 0.5, 0.0], 'joint_position': [0.0, 1.0, 0.0], 'joint_axis': ' 0.6293 -0.7334 -0.5207', 'connections': []}"

0,"{'dimensions': [1, 1, 1], 'recursive_limit': 4, 'mass': 1, 'position': [0, 0, 0.5], 'joint_position': [0, 0.5, 0.5], 'joint_axis': '-0.4732  0.2527 -0.1556', 'connections': [1]}"
1,"{'dimensions': [1, 1, 1], 'recursive_limit': 3, 'mass': 1, 'position': [0.0, 0.5, 0.0], 'joint_position': [0.0, 1.0, 0.0], 'joint_axis': ' 0.1524 -0.3519 -0.2027', 'connections': [2]}"
2,"{'dimensions': [1, 1, 1], 'recursive_limit': 2, 'mass': 1, 'position': [0.0, 0.5, 0.0], 'joint_position': [0.0, 1.0, 0.0], 'joint_axis': '-0.1637  0.2828  0.5158', 'connections': [3]}"
3,"{'dimensions': [1, 1, 1], 'recursive_limit': 1, 'mass': 1, 'position': [0.0, 0.5, 0.0], 'joint_position': [0.0, 1.0, 0.0], 'joint_axis': '-0.3598  0.5138 -0.8524', 'connections': []}"

0,"{'dimensions': [1, 1, 1], 'recursive_limit': 4, 'mass': 1, 'position': [0, 0, 0.5], 'joint_position': [0, 0.5, 0.5], 'joint_axis': ' 0.2952  0.556  -0.1933', 'connections': [1]}"
1,"{'dimensions': [1, 1, 1], 'recursive_limit': 3, 'mass': 1, 'position': [0.0, 0.5, 0.0], 'joint_position': [0.0, 1.0, 0.0], 'joint_axis': '0.4328 0.8801 0.9087', 'connections': []}"



0,"{'dimensions': [1, 1, 1], 'recursive_limit': 4, 'mass': 1, 'position': [0, 0, 0.5], 'joint_position': [0, 0.5, 0.5], 'joint_axis': '-0.4912  0.1703 -0.7885', 'connections': [1]}"
1,"{'dimensions': [1, 1, 1], 'recursive_limit': 3, 'mass': 1, 'position': [0.0, 0.5, 0.0], 'joint_position': [0.0, 1.0, 0.0], 'joint_axis': ' 0.4839 -0.2126 -0.9336', 'connections': []}"

0,"{'dimensions': [1, 1, 1], 'recursive_limit': 4, 'mass': 1, 'position': [0, 0, 0.5], 'joint_position': [0, 0.5, 0.5], 'joint_axis': '-0.6514  0.9745  0.9267', 'connections': [1]}"
1,"{'dimensions': [1, 1, 1], 'recursive_limit': 3, 'mass': 1, 'position': [0.0, 0.5, 0.0], 'joint_position': [0.0, 1.0, 0.0], 'joint_axis': '-0.8609 -0.2405  0.2609', 'connections': [2]}"
2,"{'dimensions': [1, 1, 1], 'recursive_limit': 2, 'mass': 1, 'position': [0.0, 0.5, 0.0], 'joint_position': [0.0, 1.0, 0.0], 'joint_axis': ' 0.6714 -0.7389  0.3904', 'connections': [3]}"
3,"{'dimensions': [1, 1, 1], 'recursive_limit': 1, 'mass': 1, 'position': [0.0, 0.5, 0.0], 'joint_position': [0.0, 1.0, 0.0], 'joint_axis': '-0.4731 -0.028  -0.3464', 'connections': []}"

0,"{'dimensions': [1, 1, 1], 'recursive_limit': 4, 'mass': 1, 'position': [0, 0, 0.5], 'joint_position': [0, 0.5, 0.5], 'joint_axis': '-0.6536  0.2868 -0.9957', 'connections': [1]}"
1,"{'dimensions': [1, 1, 1], 'recursive_limit': 3, 'mass': 1, 'position': [0.0, 0.5, 0.0], 'joint_position': [0.0, 1.0, 0.0], 'joint_axis': '-0.9978 -0.6249 -0.4375', 'connections': [2]}"
2,"{'dimensions': [1, 1, 1], 'recursive_limit': 2, 'mass': 1, 'position': [0.0, 0.5, 0.0], 'joint_position': [0.0, 1.0, 0.0], 'joint_axis': '-0.0131  0.9835  0.3554', 'connections': [3]}"
3,"{'dimensions': [1, 1, 1], 'recursive_limit': 1, 'mass': 1, 'position': [0.0, 0.5, 0.0], 'joint_position': [0.0, 1.0, 0.0], 'joint_axis': ' 0.6293 -0.7334 -0.5207', 'connections': []}"

0,"{'dimensions': [1, 1, 1], 'recursive_limit': 4, 'mass': 1, 'position': [0, 0, 0.5], 'joint_position': [0, 0.5, 0.5], 'joint_axis': '-0.4732  0.2527 -0.1556', 'connections': [1]}"
1,"{'dimensions': [1, 1, 1], 'recursive_limit': 3, 'mass': 1, 'position': [0.0, 0.5, 0.0], 'joint_position': [0.0, 1.0, 0.0], 'joint_axis': ' 0.1524 -0.3519 -0.2027', 'connections': [2]}"
2,"{'dimensions': [1, 1, 1], 'recursive_limit': 2, 'mass': 1, 'position': [0.0, 0.5, 0.0], 'joint_position': [0.0, 1.0, 0.0], 'joint_axis': '-0.1637  0.2828  0.5158', 'connections': [3]}"
3,"{'dimensions': [1, 1, 1], 'recursive_limit': 1, 'mass': 1, 'position': [0.0, 0.5, 0.0], 'joint_position': [0.0, 1.0, 0.0], 'joint_axis': '-0.3598  0.5138 -0.8524', 'connections': []}"

0,"{'dimensions': [1, 1, 1], 'recursive_limit': 4, 'mass': 1, 'position': [0, 0, 0.5], 'joint_position': [0, 0.5, 0.5], 'joint_axis': ' 0.2952  0.556  -0.1933', 'connections': [1]}"
1,"{'dimensions': [1, 1, 1], 'recursive_limit': 3, 'mass': 1, 'position': [0.0, 0.5, 0.0], 'joint_position': [0.0, 1.0, 0.0], 'joint_axis': '0.4328 0.8801 0.9087', 'connections': []}"



0,"{'dimensions': [1, 1, 1], 'recursive_limit': 4, 'mass': 1, 'position': [0, 0, 0.5], 'joint_position': [0, 0.5, 0.5], 'joint_axis': '-0.4912  0.1703 -0.7885', 'connections': [1]}"
1,"{'dimensions': [1, 1, 1], 'recursive_limit': 3, 'mass': 1, 'position': [0.0, 0.5, 0.0], 'joint_position': [0.0, 1.0, 0.0], 'joint_axis': ' 0.4839 -0.2126 -0.9336', 'connections': []}"

0,"{'dimensions': [1, 1, 1], 'recursive_limit': 4, 'mass': 1, 'position': [0, 0, 0.5], 'joint_position': [0, 0.5, 0.5], 'joint_axis': '-0.6514  0.9745  0.9267', 'connections': [1]}"
1,"{'dimensions': [1, 1, 1], 'recursive_limit': 3, 'mass': 1, 'position': [0.0, 0.5, 0.0], 'joint_position': [0.0, 1.0, 0.0], 'joint_axis': '-0.8609 -0.2405  0.2609', 'connections': [2]}"
2,"{'dimensions': [1, 1, 1], 'recursive_limit': 2, 'mass': 1, 'position': [0.0, 0.5, 0.0], 'joint_position': [0.0, 1.0, 0.0], 'joint_axis': ' 0.6714 -0.7389  0.3904', 'connections': [3]}"
3,"{'dimensions': [1, 1, 1], 'recursive_limit': 1, 'mass': 1, 'position': [0.0, 0.5, 0.0], 'joint_position': [0.0, 1.0, 0.0], 'joint_axis': '-0.4731 -0.028  -0.3464', 'connections': []}"

0,"{'dimensions': [1, 1, 1], 'recursive_limit': 4, 'mass': 1, 'position': [0, 0, 0.5], 'joint_position': [0, 0.5, 0.5], 'joint_axis': '-0.6536  0.2868 -0.9957', 'connections': [1]}"
1,"{'dimensions': [1, 1, 1], 'recursive_limit': 3, 'mass': 1, 'position': [0.0, 0.5, 0.0], 'joint_position': [0.0, 1.0, 0.0], 'joint_axis': '-0.9978 -0.6249 -0.4375', 'connections': [2]}"
2,"{'dimensions': [1, 1, 1], 'recursive_limit': 2, 'mass': 1, 'position': [0.0, 0.5, 0.0], 'joint_position': [0.0, 1.0, 0.0], 'joint_axis': '-0.0131  0.9835  0.3554', 'connections': [3]}"
3,"{'dimensions': [1, 1, 1], 'recursive_limit': 1, 'mass': 1, 'position': [0.0, 0.5, 0.0], 'joint_position': [0.0, 1.0, 0.0], 'joint_axis': ' 0.6293 -0.7334 -0.5207', 'connections': []}"

0,"{'dimensions': [1, 1, 1], 'recursive_limit': 4, 'mass': 1, 'position': [0, 0, 0.5], 'joint_position': [0, 0.5, 0.5], 'joint_axis': '-0.4732  0.2527 -0.1556', 'connections': [1]}"
1,"{'dimensions': [1, 1, 1], 'recursive_limit': 3, 'mass': 1, 'position': [0.0, 0.5, 0.0], 'joint_position': [0.0, 1.0, 0.0], 'joint_axis': ' 0.1524 -0.3519 -0.2027', 'connections': [2]}"
2,"{'dimensions': [1, 1, 1], 'recursive_limit': 2, 'mass': 1, 'position': [0.0, 0.5, 0.0], 'joint_position': [0.0, 1.0, 0.0], 'joint_axis': '-0.1637  0.2828  0.5158', 'connections': [3]}"
3,"{'dimensions': [1, 1, 1], 'recursive_limit': 1, 'mass': 1, 'position': [0.0, 0.5, 0.0], 'joint_position': [0.0, 1.0, 0.0], 'joint_axis': '-0.3598  0.5138 -0.8524', 'connections': []}"

0,"{'dimensions': [1, 1, 1], 'recursive_limit': 4, 'mass': 1, 'position': [0, 0, 0.5], 'joint_position': [0, 0.5, 0.5], 'joint_axis': ' 0.2952  0.556  -0.1933', 'connections': [1]}"
1,"{'dimensions': [1, 1, 1], 'recursive_limit': 3, 'mass': 1, 'position': [0.0, 0.5, 0.0], 'joint_position': [0.0, 1.0, 0.0], 'joint_axis': '0.4328 0.8801 0.9087', 'connections': []}"



0,"{'dimensions': [1, 1, 1], 'recursive_limit': 4, 'mass': 1, 'position': [0, 0, 0.5], 'joint_position': [0, 0.5, 0.5], 'joint_axis': '-0.4912  0.1703 -0.7885', 'connections': [1]}"
1,"{'dimensions': [1, 1, 1], 'recursive_limit': 3, 'mass': 1, 'position': [0.0, 0.5, 0.0], 'joint_position': [0.0, 1.0, 0.0], 'joint_axis': ' 0.4839 -0.2126 -0.9336', 'connections': []}"

0,"{'dimensions': [1, 1, 1], 'recursive_limit': 4, 'mass': 1, 'position': [0, 0, 0.5], 'joint_position': [0, 0.5, 0.5], 'joint_axis': '-0.6514  0.9745  0.9267', 'connections': [1]}"
1,"{'dimensions': [1, 1, 1], 'recursive_limit': 3, 'mass': 1, 'position': [0.0, 0.5, 0.0], 'joint_position': [0.0, 1.0, 0.0], 'joint_axis': '-0.8609 -0.2405  0.2609', 'connections': [2]}"
2,"{'dimensions': [1, 1, 1], 'recursive_limit': 2, 'mass': 1, 'position': [0.0, 0.5, 0.0], 'joint_position': [0.0, 1.0, 0.0], 'joint_axis': ' 0.6714 -0.7389  0.3904', 'connections': [3]}"
3,"{'dimensions': [1, 1, 1], 'recursive_limit': 1, 'mass': 1, 'position': [0.0, 0.5, 0.0], 'joint_position': [0.0, 1.0, 0.0], 'joint_axis': '-0.4731 -0.028  -0.3464', 'connections': []}"

0,"{'dimensions': [1, 1, 1], 'recursive_limit': 4, 'mass': 1, 'position': [0, 0, 0.5], 'joint_position': [0, 0.5, 0.5], 'joint_axis': '-0.6536  0.2868 -0.9957', 'connections': [1]}"
1,"{'dimensions': [1, 1, 1], 'recursive_limit': 3, 'mass': 1, 'position': [0.0, 0.5, 0.0], 'joint_position': [0.0, 1.0, 0.0], 'joint_axis': '-0.9978 -0.6249 -0.4375', 'connections': [2]}"
2,"{'dimensions': [1, 1, 1], 'recursive_limit': 2, 'mass': 1, 'position': [0.0, 0.5, 0.0], 'joint_position': [0.0, 1.0, 0.0], 'joint_axis': '-0.0131  0.9835  0.3554', 'connections': [3]}"
3,"{'dimensions': [1, 1, 1], 'recursive_limit': 1, 'mass': 1, 'position': [0.0, 0.5, 0.0], 'joint_position': [0.0, 1.0, 0.0], 'joint_axis': ' 0.6293 -0.7334 -0.5207', 'connections': []}"

0,"{'dimensions': [1, 1, 1], 'recursive_limit': 4, 'mass': 1, 'position': [0, 0, 0.5], 'joint_position': [0, 0.5, 0.5], 'joint_axis': '-0.4732  0.2527 -0.1556', 'connections': [1]}"
1,"{'dimensions': [1, 1, 1], 'recursive_limit': 3, 'mass': 1, 'position': [0.0, 0.5, 0.0], 'joint_position': [0.0, 1.0, 0.0], 'joint_axis': ' 0.1524 -0.3519 -0.2027', 'connections': [2]}"
2,"{'dimensions': [1, 1, 1], 'recursive_limit': 2, 'mass': 1, 'position': [0.0, 0.5, 0.0], 'joint_position': [0.0, 1.0, 0.0], 'joint_axis': '-0.1637  0.2828  0.5158', 'connections': [3]}"
3,"{'dimensions': [1, 1, 1], 'recursive_limit': 1, 'mass': 1, 'position': [0.0, 0.5, 0.0], 'joint_position': [0.0, 1.0, 0.0], 'joint_axis': '-0.3598  0.5138 -0.8524', 'connections': []}"

0,"{'dimensions': [1, 1, 1], 'recursive_limit': 4, 'mass': 1, 'position': [0, 0, 0.5], 'joint_position': [0, 0.5, 0.5], 'joint_axis': ' 0.2952  0.556  -0.1933', 'connections': [1]}"
1,"{'dimensions': [1, 1, 1], 'recursive_limit': 3, 'mass': 1, 'position': [0.0, 0.5, 0.0], 'joint_position': [0.0, 1.0, 0.0], 'joint_axis': '0.4328 0.8801 0.9087', 'connections': []}"



0,"{'dimensions': [1, 1, 1], 'recursive_limit': 4, 'mass': 1, 'position': [0, 0, 0.5], 'joint_position': [0, 0.5, 0.5], 'joint_axis': '-0.4912  0.1703 -0.7885', 'connections': [1]}"
1,"{'dimensions': [1, 1, 1], 'recursive_limit': 3, 'mass': 1, 'position': [0.0, 0.5, 0.0], 'joint_position': [0.0, 1.0, 0.0], 'joint_axis': ' 0.4839 -0.2126 -0.9336', 'connections': []}"

0,"{'dimensions': [1, 1, 1], 'recursive_limit': 4, 'mass': 1, 'position': [0, 0, 0.5], 'joint_position': [0, 0.5, 0.5], 'joint_axis': '-0.6514  0.9745  0.9267', 'connections': [1]}"
1,"{'dimensions': [1, 1, 1], 'recursive_limit': 3, 'mass': 1, 'position': [0.0, 0.5, 0.0], 'joint_position': [0.0, 1.0, 0.0], 'joint_axis': '-0.8609 -0.2405  0.2609', 'connections': [2]}"
2,"{'dimensions': [1, 1, 1], 'recursive_limit': 2, 'mass': 1, 'position': [0.0, 0.5, 0.0], 'joint_position': [0.0, 1.0, 0.0], 'joint_axis': ' 0.6714 -0.7389  0.3904', 'connections': [3]}"
3,"{'dimensions': [1, 1, 1], 'recursive_limit': 1, 'mass': 1, 'position': [0.0, 0.5, 0.0], 'joint_position': [0.0, 1.0, 0.0], 'joint_axis': '-0.4731 -0.028  -0.3464', 'connections': []}"

0,"{'dimensions': [1, 1, 1], 'recursive_limit': 4, 'mass': 1, 'position': [0, 0, 0.5], 'joint_position': [0, 0.5, 0.5], 'joint_axis': '-0.6536  0.2868 -0.9957', 'connections': [1]}"
1,"{'dimensions': [1, 1, 1], 'recursive_limit': 3, 'mass': 1, 'position': [0.0, 0.5, 0.0], 'joint_position': [0.0, 1.0, 0.0], 'joint_axis': '-0.9978 -0.6249 -0.4375', 'connections': [2]}"
2,"{'dimensions': [1, 1, 1], 'recursive_limit': 2, 'mass': 1, 'position': [0.0, 0.5, 0.0], 'joint_position': [0.0, 1.0, 0.0], 'joint_axis': '-0.0131  0.9835  0.3554', 'connections': [3]}"
3,"{'dimensions': [1, 1, 1], 'recursive_limit': 1, 'mass': 1, 'position': [0.0, 0.5, 0.0], 'joint_position': [0.0, 1.0, 0.0], 'joint_axis': ' 0.6293 -0.7334 -0.5207', 'connections': []}"

0,"{'dimensions': [1, 1, 1], 'recursive_limit': 4, 'mass': 1, 'position': [0, 0, 0.5], 'joint_position': [0, 0.5, 0.5], 'joint_axis': '-0.4732  0.2527 -0.1556', 'connections': [1]}"
1,"{'dimensions': [1, 1, 1], 'recursive_limit': 3, 'mass': 1, 'position': [0.0, 0.5, 0.0], 'joint_position': [0.0, 1.0, 0.0], 'joint_axis': ' 0.1524 -0.3519 -0.2027', 'connections': [2]}"
2,"{'dimensions': [1, 1, 1], 'recursive_limit': 2, 'mass': 1, 'position': [0.0, 0.5, 0.0], 'joint_position': [0.0, 1.0, 0.0], 'joint_axis': '-0.1637  0.2828  0.5158', 'connections': [3]}"
3,"{'dimensions': [1, 1, 1], 'recursive_limit': 1, 'mass': 1, 'position': [0.0, 0.5, 0.0], 'joint_position': [0.0, 1.0, 0.0], 'joint_axis': '-0.3598  0.5138 -0.8524', 'connections': []}"

0,"{'dimensions': [1, 1, 1], 'recursive_limit': 4, 'mass': 1, 'position': [0, 0, 0.5], 'joint_position': [0, 0.5, 0.5], 'joint_axis': ' 0.2952  0.556  -0.1933', 'connections': [1]}"
1,"{'dimensions': [1, 1, 1], 'recursive_limit': 3, 'mass': 1, 'position': [0.0, 0.5, 0.0], 'joint_position': [0.0, 1.0, 0.0], 'joint_axis': '0.4328 0.8801 0.9087', 'connections': []}"



0,"{'dimensions': [1, 1, 1], 'recursive_limit': 4, 'mass': 1, 'position': [0, 0, 0.5], 'joint_position': [0, 0.5, 0.5], 'joint_axis': '-0.4912  0.1703 -0.7885', 'connections': [1]}"
1,"{'dimensions': [1, 1, 1], 'recursive_limit': 3, 'mass': 1, 'position': [0.0, 0.5, 0.0], 'joint_position': [0.0, 1.0, 0.0], 'joint_axis': ' 0.4839 -0.2126 -0.9336', 'connections': []}"

0,"{'dimensions': [1, 1, 1], 'recursive_limit': 4, 'mass': 1, 'position': [0, 0, 0.5], 'joint_position': [0, 0.5, 0.5], 'joint_axis': '-0.6514  0.9745  0.9267', 'connections': [1]}"
1,"{'dimensions': [1, 1, 1], 'recursive_limit': 3, 'mass': 1, 'position': [0.0, 0.5, 0.0], 'joint_position': [0.0, 1.0, 0.0], 'joint_axis': '-0.8609 -0.2405  0.2609', 'connections': [2]}"
2,"{'dimensions': [1, 1, 1], 'recursive_limit': 2, 'mass': 1, 'position': [0.0, 0.5, 0.0], 'joint_position': [0.0, 1.0, 0.0], 'joint_axis': ' 0.6714 -0.7389  0.3904', 'connections': [3]}"
3,"{'dimensions': [1, 1, 1], 'recursive_limit': 1, 'mass': 1, 'position': [0.0, 0.5, 0.0], 'joint_position': [0.0, 1.0, 0.0], 'joint_axis': '-0.4731 -0.028  -0.3464', 'connections': []}"

0,"{'dimensions': [1, 1, 1], 'recursive_limit': 4, 'mass': 1, 'position': [0, 0, 0.5], 'joint_position': [0, 0.5, 0.5], 'joint_axis': '-0.6536  0.2868 -0.9957', 'connections': [1]}"
1,"{'dimensions': [1, 1, 1], 'recursive_limit': 3, 'mass': 1, 'position': [0.0, 0.5, 0.0], 'joint_position': [0.0, 1.0, 0.0], 'joint_axis': '-0.9978 -0.6249 -0.4375', 'connections': [2]}"
2,"{'dimensions': [1, 1, 1], 'recursive_limit': 2, 'mass': 1, 'position': [0.0, 0.5, 0.0], 'joint_position': [0.0, 1.0, 0.0], 'joint_axis': '-0.0131  0.9835  0.3554', 'connections': [3]}"
3,"{'dimensions': [1, 1, 1], 'recursive_limit': 1, 'mass': 1, 'position': [0.0, 0.5, 0.0], 'joint_position': [0.0, 1.0, 0.0], 'joint_axis': ' 0.6293 -0.7334 -0.5207', 'connections': []}"

0,"{'dimensions': [1, 1, 1], 'recursive_limit': 4, 'mass': 1, 'position': [0, 0, 0.5], 'joint_position': [0, 0.5, 0.5], 'joint_axis': '-0.4732  0.2527 -0.1556', 'connections': [1]}"
1,"{'dimensions': [1, 1, 1], 'recursive_limit': 3, 'mass': 1, 'position': [0.0, 0.5, 0.0], 'joint_position': [0.0, 1.0, 0.0], 'joint_axis': ' 0.1524 -0.3519 -0.2027', 'connections': [2]}"
2,"{'dimensions': [1, 1, 1], 'recursive_limit': 2, 'mass': 1, 'position': [0.0, 0.5, 0.0], 'joint_position': [0.0, 1.0, 0.0], 'joint_axis': '-0.1637  0.2828  0.5158', 'connections': [3]}"
3,"{'dimensions': [1, 1, 1], 'recursive_limit': 1, 'mass': 1, 'position': [0.0, 0.5, 0.0], 'joint_position': [0.0, 1.0, 0.0], 'joint_axis': '-0.3598  0.5138 -0.8524', 'connections': []}"

0,"{'dimensions': [1, 1, 1], 'recursive_limit': 4, 'mass': 1, 'position': [0, 0, 0.5], 'joint_position': [0, 0.5, 0.5], 'joint_axis': ' 0.2952  0.556  -0.1933', 'connections': [1]}"
1,"{'dimensions': [1, 1, 1], 'recursive_limit': 3, 'mass': 1, 'position': [0.0, 0.5, 0.0], 'joint_position': [0.0, 1.0, 0.0], 'joint_axis': '0.4328 0.8801 0.9087', 'connections': []}"



