0,"{'dimensions': [1, 1, 1], 'recursive_limit': 4, 'mass': 1, 'position': [0, 0, 0.5], 'joint_position': [0, 0.5, 0.5], 'joint_axis': '-0.9644  0.4223  0.4805', 'connections': [1]}"
1,"{'dimensions': [1, 1, 1], 'recursive_limit': 3, 'mass': 1, 'position': [0.0, 0.5, 0.0], 'joint_position': [0.0, 1.0, 0.0], 'joint_axis': ' 0.9782 -0.429  -0.8797', 'connections': [2]}"
2,"{'dimensions': [1, 1, 1], 'recursive_limit': 2, 'mass': 1, 'position': [0.0, 0.5, 0.0], 'joint_position': [0.0, 1.0, 0.0], 'joint_axis': '-0.3476  0.5084 -0.0076', 'connections': [3]}"
3,"{'dimensions': [1, 1, 1], 'recursive_limit': 1, 'mass': 1, 'position': [0.0, 0.5, 0.0], 'joint_position': [0.0, 1.0, 0.0], 'joint_axis': '0.3709 0.1829 0.7472', 'connections': []}"

0,"{'dimensions': [1, 1, 1], 'recursive_limit': 4, 'mass': 1, 'position': [0, 0, 0.5], 'joint_position': [0, 0.5, 0.5], 'joint_axis': '-0.8703 -0.3374 -0.8206', 'connections': [1]}"
1,"{'dimensions': [1, 1, 1], 'recursive_limit': 3, 'mass': 1, 'position': [0.0, 0.5, 0.0], 'joint_position': [0.0, 1.0, 0.0], 'joint_axis': '-0.0754 -0.0105 -0.1356', 'connections': [2]}"
2,"{'dimensions': [1, 1, 1], 'recursive_limit': 2, 'mass': 1, 'position': [0.0, 0.5, 0.0], 'joint_position': [0.0, 1.0, 0.0], 'joint_axis': '-0.7219  0.6896 -0.9789', 'connections': [3]}"
3,"{'dimensions': [1, 1, 1], 'recursive_limit': 1, 'mass': 1, 'position': [0.0, 0.5, 0.0], 'joint_position': [0.0, 1.0, 0.0], 'joint_axis': '-0.4416  0.2485  0.8534', 'connections': []}"

0,"{'dimensions': [1, 1, 1], 'recursive_limit': 4, 'mass': 1, 'position': [0, 0, 0.5], 'joint_position': [0, 0.5, 0.5], 'joint_axis': ' 0.0619  0.4398 -0.4787', 'connections': [1]}"
1,"{'dimensions': [1, 1, 1], 'recursive_limit': 3, 'mass': 1, 'position': [0.0, 0.5, 0.0], 'joint_position': [0.0, 1.0, 0.0], 'joint_axis': '-0.5147  0.8837 -0.1516', 'connections': [2]}"
2,"{'dimensions': [1, 1, 1], 'recursive_limit': 2, 'mass': 1, 'position': [0.0, 0.5, 0.0], 'joint_position': [0.0, 1.0, 0.0], 'joint_axis': '-0.7831 -0.2527 -0.1188', 'connections': [3]}"
3,"{'dimensions': [1, 1, 1], 'recursive_limit': 1, 'mass': 1, 'position': [0.0, 0.5, 0.0], 'joint_position': [0.0, 1.0, 0.0], 'joint_axis': '0.0325 0.8695 0.1156', 'connections': []}"

0,"{'dimensions': [1, 1, 1], 'recursive_limit': 4, 'mass': 1, 'position': [0, 0, 0.5], 'joint_position': [0, 0.5, 0.5], 'joint_axis': '0.4321 0.8185 0.164 ', 'connections': [1]}"
1,"{'dimensions': [1, 1, 1], 'recursive_limit': 3, 'mass': 1, 'position': [0.0, 0.5, 0.0], 'joint_position': [0.0, 1.0, 0.0], 'joint_axis': '-0.8795  0.098  -0.4716', 'connections': [2]}"
2,"{'dimensions': [1, 1, 1], 'recursive_limit': 2, 'mass': 1, 'position': [0.0, 0.5, 0.0], 'joint_position': [0.0, 1.0, 0.0], 'joint_axis': ' 0.4761 -0.9777  0.9766', 'connections': [3]}"
3,"{'dimensions': [1, 1, 1], 'recursive_limit': 1, 'mass': 1, 'position': [0.0, 0.5, 0.0], 'joint_position': [0.0, 1.0, 0.0], 'joint_axis': '0.7447 0.3162 0.6928', 'connections': []}"

0,"{'dimensions': [1, 1, 1], 'recursive_limit': 4, 'mass': 1, 'position': [0, 0, 0.5], 'joint_position': [0, 0.5, 0.5], 'joint_axis': '0.3769 0.7493 0.3566', 'connections': [1]}"
1,"{'dimensions': [1, 1, 1], 'recursive_limit': 3, 'mass': 1, 'position': [0.0, 0.5, 0.0], 'joint_position': [0.0, 1.0, 0.0], 'joint_axis': '-0.7676 -0.3981  0.9033', 'connections': [2]}"
2,"{'dimensions': [1, 1, 1], 'recursive_limit': 2, 'mass': 1, 'position': [0.0, 0.5, 0.0], 'joint_position': [0.0, 1.0, 0.0], 'joint_axis': ' 0.1282 -0.016  -0.2495', 'connections': [3]}"
3,"{'dimensions': [1, 1, 1], 'recursive_limit': 1, 'mass': 1, 'position': [0.0, 0.5, 0.0], 'joint_position': [0.0, 1.0, 0.0], 'joint_axis': '-0.1136  0.2076  0.5652', 'connections': []}"



0,"{'dimensions': [1, 1, 1], 'recursive_limit': 4, 'mass': 1, 'position': [0, 0, 0.5], 'joint_position': [0, 0.5, 0.5], 'joint_axis': '-0.9644  0.4223  0.4805', 'connections': [1]}"
1,"{'dimensions': [1, 1, 1], 'recursive_limit': 3, 'mass': 1, 'position': [0.0, 0.5, 0.0], 'joint_position': [0.0, 1.0, 0.0], 'joint_axis': ' 0.9782 -0.429  -0.8797', 'connections': [2]}"
2,"{'dimensions': [1, 1, 1], 'recursive_limit': 2, 'mass': 1, 'position': [0.0, 0.5, 0.0], 'joint_position': [0.0, 1.0, 0.0], 'joint_axis': '-0.3476  0.5084 -0.0076', 'connections': [3]}"
3,"{'dimensions': [1, 1, 1], 'recursive_limit': 1, 'mass': 1, 'position': [0.0, 0.5, 0.0], 'joint_position': [0.0, 1.0, 0.0], 'joint_axis': '0.3709 0.1829 0.7472', 'connections': []}"

0,"{'dimensions': [1, 1, 1], 'recursive_limit': 4, 'mass': 1, 'position': [0, 0, 0.5], 'joint_position': [0, 0.5, 0.5], 'joint_axis': '-0.8703 -0.3374 -0.8206', 'connections': [1]}"
1,"{'dimensions': [1, 1, 1], 'recursive_limit': 3, 'mass': 1, 'position': [0.0, 0.5, 0.0], 'joint_position': [0.0, 1.0, 0.0], 'joint_axis': '-0.0754 -0.0105 -0.1356', 'connections': [2]}"
2,"{'dimensions': [1, 1, 1], 'recursive_limit': 2, 'mass': 1, 'position': [0.0, 0.5, 0.0], 'joint_position': [0.0, 1.0, 0.0], 'joint_axis': '-0.7219  0.6896 -0.9789', 'connections': [3]}"
3,"{'dimensions': [1, 1, 1], 'recursive_limit': 1, 'mass': 1, 'position': [0.0, 0.5, 0.0], 'joint_position': [0.0, 1.0, 0.0], 'joint_axis': '-0.4416  0.2485  0.8534', 'connections': []}"

0,"{'dimensions': [1, 1, 1], 'recursive_limit': 4, 'mass': 1, 'position': [0, 0, 0.5], 'joint_position': [0, 0.5, 0.5], 'joint_axis': ' 0.0619  0.4398 -0.4787', 'connections': [1]}"
1,"{'dimensions': [1, 1, 1], 'recursive_limit': 3, 'mass': 1, 'position': [0.0, 0.5, 0.0], 'joint_position': [0.0, 1.0, 0.0], 'joint_axis': '-0.5147  0.8837 -0.1516', 'connections': [2]}"
2,"{'dimensions': [1, 1, 1], 'recursive_limit': 2, 'mass': 1, 'position': [0.0, 0.5, 0.0], 'joint_position': [0.0, 1.0, 0.0], 'joint_axis': '-0.7831 -0.2527 -0.1188', 'connections': [3]}"
3,"{'dimensions': [1, 1, 1], 'recursive_limit': 1, 'mass': 1, 'position': [0.0, 0.5, 0.0], 'joint_position': [0.0, 1.0, 0.0], 'joint_axis': '0.0325 0.8695 0.1156', 'connections': []}"

0,"{'dimensions': [1, 1, 1], 'recursive_limit': 4, 'mass': 1, 'position': [0, 0, 0.5], 'joint_position': [0, 0.5, 0.5], 'joint_axis': '0.4321 0.8185 0.164 ', 'connections': [1]}"
1,"{'dimensions': [1, 1, 1], 'recursive_limit': 3, 'mass': 1, 'position': [0.0, 0.5, 0.0], 'joint_position': [0.0, 1.0, 0.0], 'joint_axis': '-0.8795  0.098  -0.4716', 'connections': [2]}"
2,"{'dimensions': [1, 1, 1], 'recursive_limit': 2, 'mass': 1, 'position': [0.0, 0.5, 0.0], 'joint_position': [0.0, 1.0, 0.0], 'joint_axis': ' 0.4761 -0.9777  0.9766', 'connections': [3]}"
3,"{'dimensions': [1, 1, 1], 'recursive_limit': 1, 'mass': 1, 'position': [0.0, 0.5, 0.0], 'joint_position': [0.0, 1.0, 0.0], 'joint_axis': '0.7447 0.3162 0.6928', 'connections': []}"

0,"{'dimensions': [1, 1, 1], 'recursive_limit': 4, 'mass': 1, 'position': [0, 0, 0.5], 'joint_position': [0, 0.5, 0.5], 'joint_axis': '0.3769 0.7493 0.3566', 'connections': [1]}"
1,"{'dimensions': [1, 1, 1], 'recursive_limit': 3, 'mass': 1, 'position': [0.0, 0.5, 0.0], 'joint_position': [0.0, 1.0, 0.0], 'joint_axis': '-0.7676 -0.3981  0.9033', 'connections': [2]}"
2,"{'dimensions': [1, 1, 1], 'recursive_limit': 2, 'mass': 1, 'position': [0.0, 0.5, 0.0], 'joint_position': [0.0, 1.0, 0.0], 'joint_axis': ' 0.1282 -0.016  -0.2495', 'connections': [3]}"
3,"{'dimensions': [1, 1, 1], 'recursive_limit': 1, 'mass': 1, 'position': [0.0, 0.5, 0.0], 'joint_position': [0.0, 1.0, 0.0], 'joint_axis': '-0.1136  0.2076  0.5652', 'connections': []}"



0,"{'dimensions': [1, 1, 1], 'recursive_limit': 4, 'mass': 1, 'position': [0, 0, 0.5], 'joint_position': [0, 0.5, 0.5], 'joint_axis': '-0.9644  0.4223  0.4805', 'connections': [1]}"
1,"{'dimensions': [1, 1, 1], 'recursive_limit': 3, 'mass': 1, 'position': [0.0, 0.5, 0.0], 'joint_position': [0.0, 1.0, 0.0], 'joint_axis': ' 0.9782 -0.429  -0.8797', 'connections': [2]}"
2,"{'dimensions': [1, 1, 1], 'recursive_limit': 2, 'mass': 1, 'position': [0.0, 0.5, 0.0], 'joint_position': [0.0, 1.0, 0.0], 'joint_axis': '-0.3476  0.5084 -0.0076', 'connections': []}"

0,"{'dimensions': [1, 1, 1], 'recursive_limit': 4, 'mass': 1, 'position': [0, 0, 0.5], 'joint_position': [0, 0.5, 0.5], 'joint_axis': '-0.8703 -0.3374 -0.8206', 'connections': [1]}"
1,"{'dimensions': [1, 1, 1], 'recursive_limit': 3, 'mass': 1, 'position': [0.0, 0.5, 0.0], 'joint_position': [0.0, 1.0, 0.0], 'joint_axis': '-0.0754 -0.0105 -0.1356', 'connections': [2]}"
2,"{'dimensions': [1, 1, 1], 'recursive_limit': 2, 'mass': 1, 'position': [0.0, 0.5, 0.0], 'joint_position': [0.0, 1.0, 0.0], 'joint_axis': '-0.7219  0.6896 -0.9789', 'connections': [3]}"
3,"{'dimensions': [1, 1, 1], 'recursive_limit': 1, 'mass': 1, 'position': [0.0, 0.5, 0.0], 'joint_position': [0.0, 1.0, 0.0], 'joint_axis': '-0.4416  0.2485  0.8534', 'connections': []}"

0,"{'dimensions': [1, 1, 1], 'recursive_limit': 4, 'mass': 1, 'position': [0, 0, 0.5], 'joint_position': [0, 0.5, 0.5], 'joint_axis': ' 0.0619  0.4398 -0.4787', 'connections': [1]}"
1,"{'dimensions': [1, 1, 1], 'recursive_limit': 3, 'mass': 1, 'position': [0.0, 0.5, 0.0], 'joint_position': [0.0, 1.0, 0.0], 'joint_axis': '-0.5147  0.8837 -0.1516', 'connections': [2]}"
2,"{'dimensions': [1, 1, 1], 'recursive_limit': 2, 'mass': 1, 'position': [0.0, 0.5, 0.0], 'joint_position': [0.0, 1.0, 0.0], 'joint_axis': '-0.7831 -0.2527 -0.1188', 'connections': []}"

0,"{'dimensions': [1, 1, 1], 'recursive_limit': 4, 'mass': 1, 'position': [0, 0, 0.5], 'joint_position': [0, 0.5, 0.5], 'joint_axis': '0.4321 0.8185 0.164 ', 'connections': [1]}"
1,"{'dimensions': [1, 1, 1], 'recursive_limit': 3, 'mass': 1, 'position': [0.0, 0.5, 0.0], 'joint_position': [0.0, 1.0, 0.0], 'joint_axis': '-0.8795  0.098  -0.4716', 'connections': [2]}"
2,"{'dimensions': [1, 1, 1], 'recursive_limit': 2, 'mass': 1, 'position': [0.0, 0.5, 0.0], 'joint_position': [0.0, 1.0, 0.0], 'joint_axis': ' 0.4761 -0.9777  0.9766', 'connections': []}"

0,"{'dimensions': [1, 1, 1], 'recursive_limit': 4, 'mass': 1, 'position': [0, 0, 0.5], 'joint_position': [0, 0.5, 0.5], 'joint_axis': '0.3769 0.7493 0.3566', 'connections': [1]}"
1,"{'dimensions': [1, 1, 1], 'recursive_limit': 3, 'mass': 1, 'position': [0.0, 0.5, 0.0], 'joint_position': [0.0, 1.0, 0.0], 'joint_axis': '-0.7676 -0.3981  0.9033', 'connections': [2]}"
2,"{'dimensions': [1, 1, 1], 'recursive_limit': 2, 'mass': 1, 'position': [0.0, 0.5, 0.0], 'joint_position': [0.0, 1.0, 0.0], 'joint_axis': ' 0.1282 -0.016  -0.2495', 'connections': []}"



0,"{'dimensions': [1, 1, 1], 'recursive_limit': 4, 'mass': 1, 'position': [0, 0, 0.5], 'joint_position': [0, 0.5, 0.5], 'joint_axis': '-0.9644  0.4223  0.4805', 'connections': [1]}"
1,"{'dimensions': [1, 1, 1], 'recursive_limit': 3, 'mass': 1, 'position': [0.0, 0.5, 0.0], 'joint_position': [0.0, 1.0, 0.0], 'joint_axis': ' 0.9782 -0.429  -0.8797', 'connections': [2]}"
2,"{'dimensions': [1, 1, 1], 'recursive_limit': 2, 'mass': 1, 'position': [0.0, 0.5, 0.0], 'joint_position': [0.0, 1.0, 0.0], 'joint_axis': '-0.3476  0.5084 -0.0076', 'connections': []}"

0,"{'dimensions': [1, 1, 1], 'recursive_limit': 4, 'mass': 1, 'position': [0, 0, 0.5], 'joint_position': [0, 0.5, 0.5], 'joint_axis': '-0.8703 -0.3374 -0.8206', 'connections': [1]}"
1,"{'dimensions': [1, 1, 1], 'recursive_limit': 3, 'mass': 1, 'position': [0.0, 0.5, 0.0], 'joint_position': [0.0, 1.0, 0.0], 'joint_axis': '-0.0754 -0.0105 -0.1356', 'connections': [2]}"
2,"{'dimensions': [1, 1, 1], 'recursive_limit': 2, 'mass': 1, 'position': [0.0, 0.5, 0.0], 'joint_position': [0.0, 1.0, 0.0], 'joint_axis': '-0.7219  0.6896 -0.9789', 'connections': [3]}"
3,"{'dimensions': [1, 1, 1], 'recursive_limit': 1, 'mass': 1, 'position': [0.0, 0.5, 0.0], 'joint_position': [0.0, 1.0, 0.0], 'joint_axis': '-0.4416  0.2485  0.8534', 'connections': []}"

0,"{'dimensions': [1, 1, 1], 'recursive_limit': 4, 'mass': 1, 'position': [0, 0, 0.5], 'joint_position': [0, 0.5, 0.5], 'joint_axis': ' 0.0619  0.4398 -0.4787', 'connections': [1]}"
1,"{'dimensions': [1, 1, 1], 'recursive_limit': 3, 'mass': 1, 'position': [0.0, 0.5, 0.0], 'joint_position': [0.0, 1.0, 0.0], 'joint_axis': '-0.5147  0.8837 -0.1516', 'connections': [2]}"
2,"{'dimensions': [1, 1, 1], 'recursive_limit': 2, 'mass': 1, 'position': [0.0, 0.5, 0.0], 'joint_position': [0.0, 1.0, 0.0], 'joint_axis': '-0.7831 -0.2527 -0.1188', 'connections': []}"

0,"{'dimensions': [1, 1, 1], 'recursive_limit': 4, 'mass': 1, 'position': [0, 0, 0.5], 'joint_position': [0, 0.5, 0.5], 'joint_axis': '0.4321 0.8185 0.164 ', 'connections': [1]}"
1,"{'dimensions': [1, 1, 1], 'recursive_limit': 3, 'mass': 1, 'position': [0.0, 0.5, 0.0], 'joint_position': [0.0, 1.0, 0.0], 'joint_axis': '-0.8795  0.098  -0.4716', 'connections': [2]}"
2,"{'dimensions': [1, 1, 1], 'recursive_limit': 2, 'mass': 1, 'position': [0.0, 0.5, 0.0], 'joint_position': [0.0, 1.0, 0.0], 'joint_axis': ' 0.4761 -0.9777  0.9766', 'connections': []}"

0,"{'dimensions': [1, 1, 1], 'recursive_limit': 4, 'mass': 1, 'position': [0, 0, 0.5], 'joint_position': [0, 0.5, 0.5], 'joint_axis': '0.3769 0.7493 0.3566', 'connections': [1]}"
1,"{'dimensions': [1, 1, 1], 'recursive_limit': 3, 'mass': 1, 'position': [0.0, 0.5, 0.0], 'joint_position': [0.0, 1.0, 0.0], 'joint_axis': '-0.7676 -0.3981  0.9033', 'connections': []}"



0,"{'dimensions': [1, 1, 1], 'recursive_limit': 4, 'mass': 1, 'position': [0, 0, 0.5], 'joint_position': [0, 0.5, 0.5], 'joint_axis': '-0.9644  0.4223  0.4805', 'connections': [1]}"
1,"{'dimensions': [1, 1, 1], 'recursive_limit': 3, 'mass': 1, 'position': [0.0, 0.5, 0.0], 'joint_position': [0.0, 1.0, 0.0], 'joint_axis': ' 0.9782 -0.429  -0.8797', 'connections': [2]}"
2,"{'dimensions': [1, 1, 1], 'recursive_limit': 2, 'mass': 1, 'position': [0.0, 0.5, 0.0], 'joint_position': [0.0, 1.0, 0.0], 'joint_axis': '-0.3476  0.5084 -0.0076', 'connections': []}"

0,"{'dimensions': [1, 1, 1], 'recursive_limit': 4, 'mass': 1, 'position': [0, 0, 0.5], 'joint_position': [0, 0.5, 0.5], 'joint_axis': '-0.8703 -0.3374 -0.8206', 'connections': [1]}"
1,"{'dimensions': [1, 1, 1], 'recursive_limit': 3, 'mass': 1, 'position': [0.0, 0.5, 0.0], 'joint_position': [0.0, 1.0, 0.0], 'joint_axis': '-0.0754 -0.0105 -0.1356', 'connections': [2]}"
2,"{'dimensions': [1, 1, 1], 'recursive_limit': 2, 'mass': 1, 'position': [0.0, 0.5, 0.0], 'joint_position': [0.0, 1.0, 0.0], 'joint_axis': '-0.7219  0.6896 -0.9789', 'connections': [3]}"
3,"{'dimensions': [1, 1, 1], 'recursive_limit': 1, 'mass': 1, 'position': [0.0, 0.5, 0.0], 'joint_position': [0.0, 1.0, 0.0], 'joint_axis': '-0.4416  0.2485  0.8534', 'connections': []}"

0,"{'dimensions': [1, 1, 1], 'recursive_limit': 4, 'mass': 1, 'position': [0, 0, 0.5], 'joint_position': [0, 0.5, 0.5], 'joint_axis': ' 0.0619  0.4398 -0.4787', 'connections': [1]}"
1,"{'dimensions': [1, 1, 1], 'recursive_limit': 3, 'mass': 1, 'position': [0.0, 0.5, 0.0], 'joint_position': [0.0, 1.0, 0.0], 'joint_axis': '-0.5147  0.8837 -0.1516', 'connections': [2]}"
2,"{'dimensions': [1, 1, 1], 'recursive_limit': 2, 'mass': 1, 'position': [0.0, 0.5, 0.0], 'joint_position': [0.0, 1.0, 0.0], 'joint_axis': '-0.7831 -0.2527 -0.1188', 'connections': []}"

0,"{'dimensions': [1, 1, 1], 'recursive_limit': 4, 'mass': 1, 'position': [0, 0, 0.5], 'joint_position': [0, 0.5, 0.5], 'joint_axis': '0.4321 0.8185 0.164 ', 'connections': [1]}"
1,"{'dimensions': [1, 1, 1], 'recursive_limit': 3, 'mass': 1, 'position': [0.0, 0.5, 0.0], 'joint_position': [0.0, 1.0, 0.0], 'joint_axis': '-0.8795  0.098  -0.4716', 'connections': [2]}"
2,"{'dimensions': [1, 1, 1], 'recursive_limit': 2, 'mass': 1, 'position': [0.0, 0.5, 0.0], 'joint_position': [0.0, 1.0, 0.0], 'joint_axis': ' 0.4761 -0.9777  0.9766', 'connections': []}"

0,"{'dimensions': [1, 1, 1], 'recursive_limit': 4, 'mass': 1, 'position': [0, 0, 0.5], 'joint_position': [0, 0.5, 0.5], 'joint_axis': '0.3769 0.7493 0.3566', 'connections': [1]}"
1,"{'dimensions': [1, 1, 1], 'recursive_limit': 3, 'mass': 0, 'position': [0.0, 0.5, 0.0], 'joint_position': [0.0, 1.0, 0.0], 'joint_axis': '-0.7676 -0.3981  0.9033', 'connections': []}"



0,"{'dimensions': [1, 1, 1], 'recursive_limit': 4, 'mass': 1, 'position': [0, 0, 0.5], 'joint_position': [0, 0.5, 0.5], 'joint_axis': '-0.9644  0.4223  0.4805', 'connections': [1]}"
1,"{'dimensions': [1, 1, 1], 'recursive_limit': 3, 'mass': 1, 'position': [0.0, 0.5, 0.0], 'joint_position': [0.0, 1.0, 0.0], 'joint_axis': ' 0.9782 -0.429  -0.8797', 'connections': [2]}"
2,"{'dimensions': [1, 1, 1], 'recursive_limit': 2, 'mass': 1, 'position': [0.0, 0.5, 0.0], 'joint_position': [0.0, 1.0, 0.0], 'joint_axis': '-0.3476  0.5084 -0.0076', 'connections': []}"

0,"{'dimensions': [1, 1, 1], 'recursive_limit': 4, 'mass': 1, 'position': [0, 0, 0.5], 'joint_position': [0, 0.5, 0.5], 'joint_axis': '-0.8703 -0.3374 -0.8206', 'connections': [1]}"
1,"{'dimensions': [1, 1, 1], 'recursive_limit': 3, 'mass': 1, 'position': [0.0, 0.5, 0.0], 'joint_position': [0.0, 1.0, 0.0], 'joint_axis': '-0.0754 -0.0105 -0.1356', 'connections': [2]}"
2,"{'dimensions': [1, 1, 1], 'recursive_limit': 2, 'mass': 1, 'position': [0.0, 0.5, 0.0], 'joint_position': [0.0, 1.0, 0.0], 'joint_axis': '-0.7219  0.6896 -0.9789', 'connections': [3]}"
3,"{'dimensions': [1, 1, 1], 'recursive_limit': 1, 'mass': 1, 'position': [0.0, 0.5, 0.0], 'joint_position': [0.0, 1.0, 0.0], 'joint_axis': '-0.4416  0.2485  0.8534', 'connections': []}"

0,"{'dimensions': [1, 1, 1], 'recursive_limit': 4, 'mass': 1, 'position': [0, 0, 0.5], 'joint_position': [0, 0.5, 0.5], 'joint_axis': ' 0.0619  0.4398 -0.4787', 'connections': [1]}"
1,"{'dimensions': [1, 1, 1], 'recursive_limit': 3, 'mass': 1, 'position': [0.0, 0.5, 0.0], 'joint_position': [0.0, 1.0, 0.0], 'joint_axis': '-0.5147  0.8837 -0.1516', 'connections': [2]}"
2,"{'dimensions': [1, 1, 1], 'recursive_limit': 2, 'mass': 1, 'position': [0.0, 0.5, 0.0], 'joint_position': [0.0, 1.0, 0.0], 'joint_axis': '-0.7831 -0.2527 -0.1188', 'connections': []}"

0,"{'dimensions': [1, 1, 1], 'recursive_limit': 4, 'mass': 1, 'position': [0, 0, 0.5], 'joint_position': [0, 0.5, 0.5], 'joint_axis': '0.4321 0.8185 0.164 ', 'connections': [1]}"
1,"{'dimensions': [1, 1, 1], 'recursive_limit': 3, 'mass': 1, 'position': [0.0, 0.5, 0.0], 'joint_position': [0.0, 1.0, 0.0], 'joint_axis': '-0.8795  0.098  -0.4716', 'connections': [2]}"
2,"{'dimensions': [1, 1, 1], 'recursive_limit': 2, 'mass': 1, 'position': [0.0, 0.5, 0.0], 'joint_position': [0.0, 1.0, 0.0], 'joint_axis': ' 0.4761 -0.9777  0.9766', 'connections': []}"

0,"{'dimensions': [1, 1, 1], 'recursive_limit': 4, 'mass': 1, 'position': [0, 0, 0.5], 'joint_position': [0, 0.5, 0.5], 'joint_axis': '0.3769 0.7493 0.3566', 'connections': [1]}"
1,"{'dimensions': [1, 1, 1], 'recursive_limit': 3, 'mass': -1, 'position': [0.0, 0.5, 0.0], 'joint_position': [0.0, 1.0, 0.0], 'joint_axis': '-0.7676 -0.3981  0.9033', 'connections': []}"



0,"{'dimensions': [1, 1, 1], 'recursive_limit': 4, 'mass': 1, 'position': [0, 0, 0.5], 'joint_position': [0, 0.5, 0.5], 'joint_axis': '-0.9644  0.4223  0.4805', 'connections': [1]}"
1,"{'dimensions': [1, 1, 1], 'recursive_limit': 3, 'mass': 1, 'position': [0.0, 0.5, 0.0], 'joint_position': [0.0, 1.0, 0.0], 'joint_axis': ' 0.9782 -0.429  -0.8797', 'connections': [2]}"
2,"{'dimensions': [1, 1, 1], 'recursive_limit': 2, 'mass': 1, 'position': [0.0, 0.5, 0.0], 'joint_position': [0.0, 1.0, 0.0], 'joint_axis': '-0.3476  0.5084 -0.0076', 'connections': []}"

0,"{'dimensions': [1, 1, 1], 'recursive_limit': 4, 'mass': 1, 'position': [0, 0, 0.5], 'joint_position': [0, 0.5, 0.5], 'joint_axis': '-0.8703 -0.3374 -0.8206', 'connections': [1]}"
1,"{'dimensions': [1, 1, 1], 'recursive_limit': 3, 'mass': 1, 'position': [0.0, 0.5, 0.0], 'joint_position': [0.0, 1.0, 0.0], 'joint_axis': '-0.0754 -0.0105 -0.1356', 'connections': [2]}"
2,"{'dimensions': [1, 1, 1], 'recursive_limit': 2, 'mass': 1, 'position': [0.0, 0.5, 0.0], 'joint_position': [0.0, 1.0, 0.0], 'joint_axis': '-0.7219  0.6896 -0.9789', 'connections': [3]}"
3,"{'dimensions': [1, 1, 1], 'recursive_limit': 1, 'mass': 1, 'position': [0.0, 0.5, 0.0], 'joint_position': [0.0, 1.0, 0.0], 'joint_axis': '-0.4416  0.2485  0.8534', 'connections': []}"

0,"{'dimensions': [1, 1, 1], 'recursive_limit': 4, 'mass': 1, 'position': [0, 0, 0.5], 'joint_position': [0, 0.5, 0.5], 'joint_axis': ' 0.0619  0.4398 -0.4787', 'connections': [1]}"
1,"{'dimensions': [1, 1, 1], 'recursive_limit': 3, 'mass': 1, 'position': [0.0, 0.5, 0.0], 'joint_position': [0.0, 1.0, 0.0], 'joint_axis': '-0.5147  0.8837 -0.1516', 'connections': [2]}"
2,"{'dimensions': [1, 1, 1], 'recursive_limit': 2, 'mass': 1, 'position': [0.0, 0.5, 0.0], 'joint_position': [0.0, 1.0, 0.0], 'joint_axis': '-0.7831 -0.2527 -0.1188', 'connections': []}"

0,"{'dimensions': [1, 1, 1], 'recursive_limit': 4, 'mass': 1, 'position': [0, 0, 0.5], 'joint_position': [0, 0.5, 0.5], 'joint_axis': '0.4321 0.8185 0.164 ', 'connections': [1]}"
1,"{'dimensions': [1, 1, 1], 'recursive_limit': 3, 'mass': 1, 'position': [0.0, 0.5, 0.0], 'joint_position': [0.0, 1.0, 0.0], 'joint_axis': '-0.8795  0.098  -0.4716', 'connections': [2]}"
2,"{'dimensions': [1, 1, 1], 'recursive_limit': 2, 'mass': 1, 'position': [0.0, 0.5, 0.0], 'joint_position': [0.0, 1.0, 0.0], 'joint_axis': ' 0.4761 -0.9777  0.9766', 'connections': []}"

0,"{'dimensions': [1, 1, 1], 'recursive_limit': 4, 'mass': 1, 'position': [0, 0, 0.5], 'joint_position': [0, 0.5, 0.5], 'joint_axis': '0.3769 0.7493 0.3566', 'connections': [1]}"
1,"{'dimensions': [1, 1, 1], 'recursive_limit': 3, 'mass': -1, 'position': [0.0, 0.5, 0.0], 'joint_position': [0.0, 1.0, 0.0], 'joint_axis': '-0.7676 -0.3981  0.9033', 'connections': []}"



0,"{'dimensions': [1, 1, 1], 'recursive_limit': 4, 'mass': 1, 'position': [0, 0, 0.5], 'joint_position': [0, 0.5, 0.5], 'joint_axis': '-0.9644  0.4223  0.4805', 'connections': [1]}"
1,"{'dimensions': [1, 1, 1], 'recursive_limit': 3, 'mass': 1, 'position': [0.0, 0.5, 0.0], 'joint_position': [0.0, 1.0, 0.0], 'joint_axis': ' 0.9782 -0.429  -0.8797', 'connections': [2]}"
2,"{'dimensions': [1, 1, 1], 'recursive_limit': 2, 'mass': 1, 'position': [0.0, 0.5, 0.0], 'joint_position': [0.0, 1.0, 0.0], 'joint_axis': '-0.3476  0.5084 -0.0076', 'connections': []}"

0,"{'dimensions': [1, 1, 1], 'recursive_limit': 4, 'mass': 1, 'position': [0, 0, 0.5], 'joint_position': [0, 0.5, 0.5], 'joint_axis': '-0.8703 -0.3374 -0.8206', 'connections': [1]}"
1,"{'dimensions': [1, 1, 1], 'recursive_limit': 3, 'mass': 1, 'position': [0.0, 0.5, 0.0], 'joint_position': [0.0, 1.0, 0.0], 'joint_axis': '-0.0754 -0.0105 -0.1356', 'connections': [2]}"
2,"{'dimensions': [1, 1, 1], 'recursive_limit': 2, 'mass': 1, 'position': [0.0, 0.5, 0.0], 'joint_position': [0.0, 1.0, 0.0], 'joint_axis': '-0.7219  0.6896 -0.9789', 'connections': [3]}"
3,"{'dimensions': [1, 1, 1], 'recursive_limit': 1, 'mass': 1, 'position': [0.0, 0.5, 0.0], 'joint_position': [0.0, 1.0, 0.0], 'joint_axis': '-0.4416  0.2485  0.8534', 'connections': []}"

0,"{'dimensions': [1, 1, 1], 'recursive_limit': 4, 'mass': 1, 'position': [0, 0, 0.5], 'joint_position': [0, 0.5, 0.5], 'joint_axis': ' 0.0619  0.4398 -0.4787', 'connections': [1]}"
1,"{'dimensions': [1, 1, 1], 'recursive_limit': 3, 'mass': 1, 'position': [0.0, 0.5, 0.0], 'joint_position': [0.0, 1.0, 0.0], 'joint_axis': '-0.5147  0.8837 -0.1516', 'connections': [2]}"
2,"{'dimensions': [1, 1, 1], 'recursive_limit': 2, 'mass': 1, 'position': [0.0, 0.5, 0.0], 'joint_position': [0.0, 1.0, 0.0], 'joint_axis': '-0.7831 -0.2527 -0.1188', 'connections': []}"

0,"{'dimensions': [1, 1, 1], 'recursive_limit': 4, 'mass': 1, 'position': [0, 0, 0.5], 'joint_position': [0, 0.5, 0.5], 'joint_axis': '0.4321 0.8185 0.164 ', 'connections': [1]}"
1,"{'dimensions': [1, 1, 1], 'recursive_limit': 3, 'mass': 1, 'position': [0.0, 0.5, 0.0], 'joint_position': [0.0, 1.0, 0.0], 'joint_axis': '-0.8795  0.098  -0.4716', 'connections': [2]}"
2,"{'dimensions': [1, 1, 1], 'recursive_limit': 2, 'mass': 1, 'position': [0.0, 0.5, 0.0], 'joint_position': [0.0, 1.0, 0.0], 'joint_axis': ' 0.4761 -0.9777  0.9766', 'connections': []}"

0,"{'dimensions': [1, 1, 1], 'recursive_limit': 4, 'mass': 1, 'position': [0, 0, 0.5], 'joint_position': [0, 0.5, 0.5], 'joint_axis': '0.3769 0.7493 0.3566', 'connections': [1]}"
1,"{'dimensions': [1, 1, 1], 'recursive_limit': 3, 'mass': -1, 'position': [0.0, 0.5, 0.0], 'joint_position': [0.0, 1.0, 0.0], 'joint_axis': '-0.7676 -0.3981  0.9033', 'connections': []}"



0,"{'dimensions': [1, 1, 1], 'recursive_limit': 4, 'mass': 1, 'position': [0, 0, 0.5], 'joint_position': [0, 0.5, 0.5], 'joint_axis': '-0.9644  0.4223  0.4805', 'connections': [1]}"
1,"{'dimensions': [1, 1, 1], 'recursive_limit': 3, 'mass': 1, 'position': [0.0, 0.5, 0.0], 'joint_position': [0.0, 1.0, 0.0], 'joint_axis': ' 0.9782 -0.429  -0.8797', 'connections': [2]}"
2,"{'dimensions': [1, 1, 1], 'recursive_limit': 2, 'mass': 1, 'position': [0.0, 0.5, 0.0], 'joint_position': [0.0, 1.0, 0.0], 'joint_axis': '-0.3476  0.5084 -0.0076', 'connections': []}"

0,"{'dimensions': [1, 1, 1], 'recursive_limit': 4, 'mass': 1, 'position': [0, 0, 0.5], 'joint_position': [0, 0.5, 0.5], 'joint_axis': '-0.8703 -0.3374 -0.8206', 'connections': [1]}"
1,"{'dimensions': [1, 1, 1], 'recursive_limit': 3, 'mass': 1, 'position': [0.0, 0.5, 0.0], 'joint_position': [0.0, 1.0, 0.0], 'joint_axis': '-0.0754 -0.0105 -0.1356', 'connections': [2]}"
2,"{'dimensions': [1, 1, 1], 'recursive_limit': 2, 'mass': 1, 'position': [0.0, 0.5, 0.0], 'joint_position': [0.0, 1.0, 0.0], 'joint_axis': '-0.7219  0.6896 -0.9789', 'connections': [3]}"
3,"{'dimensions': [1, 1, 1], 'recursive_limit': 1, 'mass': 1, 'position': [0.0, 0.5, 0.0], 'joint_position': [0.0, 1.0, 0.0], 'joint_axis': '-0.4416  0.2485  0.8534', 'connections': []}"

0,"{'dimensions': [1, 1, 1], 'recursive_limit': 4, 'mass': 1, 'position': [0, 0, 0.5], 'joint_position': [0, 0.5, 0.5], 'joint_axis': ' 0.0619  0.4398 -0.4787', 'connections': [1]}"
1,"{'dimensions': [1, 1, 1], 'recursive_limit': 3, 'mass': 1, 'position': [0.0, 0.5, 0.0], 'joint_position': [0.0, 1.0, 0.0], 'joint_axis': '-0.5147  0.8837 -0.1516', 'connections': [2]}"
2,"{'dimensions': [1, 1, 1], 'recursive_limit': 2, 'mass': 1, 'position': [0.0, 0.5, 0.0], 'joint_position': [0.0, 1.0, 0.0], 'joint_axis': '-0.7831 -0.2527 -0.1188', 'connections': []}"

0,"{'dimensions': [1, 1, 1], 'recursive_limit': 4, 'mass': 1, 'position': [0, 0, 0.5], 'joint_position': [0, 0.5, 0.5], 'joint_axis': '0.4321 0.8185 0.164 ', 'connections': [1]}"
1,"{'dimensions': [1, 1, 1], 'recursive_limit': 3, 'mass': 1, 'position': [0.0, 0.5, 0.0], 'joint_position': [0.0, 1.0, 0.0], 'joint_axis': '-0.8795  0.098  -0.4716', 'connections': [2]}"
2,"{'dimensions': [1, 1, 1], 'recursive_limit': 2, 'mass': 1, 'position': [0.0, 0.5, 0.0], 'joint_position': [0.0, 1.0, 0.0], 'joint_axis': ' 0.4761 -0.9777  0.9766', 'connections': []}"

0,"{'dimensions': [1, 1, 1], 'recursive_limit': 4, 'mass': 1, 'position': [0, 0, 0.5], 'joint_position': [0, 0.5, 0.5], 'joint_axis': '0.3769 0.7493 0.3566', 'connections': [1]}"
1,"{'dimensions': [1, 1, 1], 'recursive_limit': 3, 'mass': -1, 'position': [0.0, 0.5, 0.0], 'joint_position': [0.0, 1.0, 0.0], 'joint_axis': '-0.7676 -0.3981  0.9033', 'connections': []}"



0,"{'dimensions': [1, 1, 1], 'recursive_limit': 4, 'mass': 1, 'position': [0, 0, 0.5], 'joint_position': [0, 0.5, 0.5], 'joint_axis': '-0.9644  0.4223  0.4805', 'connections': [1]}"
1,"{'dimensions': [1, 1, 1], 'recursive_limit': 3, 'mass': 1, 'position': [0.0, 0.5, 0.0], 'joint_position': [0.0, 1.0, 0.0], 'joint_axis': ' 0.9782 -0.429  -0.8797', 'connections': [2]}"
2,"{'dimensions': [1, 1, 1], 'recursive_limit': 2, 'mass': 1, 'position': [0.0, 0.5, 0.0], 'joint_position': [0.0, 1.0, 0.0], 'joint_axis': '-0.3476  0.5084 -0.0076', 'connections': []}"

0,"{'dimensions': [1, 1, 1], 'recursive_limit': 4, 'mass': 1, 'position': [0, 0, 0.5], 'joint_position': [0, 0.5, 0.5], 'joint_axis': '-0.8703 -0.3374 -0.8206', 'connections': [1]}"
1,"{'dimensions': [1, 1, 1], 'recursive_limit': 3, 'mass': 1, 'position': [0.0, 0.5, 0.0], 'joint_position': [0.0, 1.0, 0.0], 'joint_axis': '-0.0754 -0.0105 -0.1356', 'connections': [2]}"
2,"{'dimensions': [1, 1, 1], 'recursive_limit': 2, 'mass': 1, 'position': [0.0, 0.5, 0.0], 'joint_position': [0.0, 1.0, 0.0], 'joint_axis': '-0.7219  0.6896 -0.9789', 'connections': [3]}"
3,"{'dimensions': [1, 1, 1], 'recursive_limit': 1, 'mass': 1, 'position': [0.0, 0.5, 0.0], 'joint_position': [0.0, 1.0, 0.0], 'joint_axis': '-0.4416  0.2485  0.8534', 'connections': []}"

0,"{'dimensions': [1, 1, 1], 'recursive_limit': 4, 'mass': 1, 'position': [0, 0, 0.5], 'joint_position': [0, 0.5, 0.5], 'joint_axis': ' 0.0619  0.4398 -0.4787', 'connections': [1]}"
1,"{'dimensions': [1, 1, 1], 'recursive_limit': 3, 'mass': 1, 'position': [0.0, 0.5, 0.0], 'joint_position': [0.0, 1.0, 0.0], 'joint_axis': '-0.5147  0.8837 -0.1516', 'connections': [2]}"
2,"{'dimensions': [1, 1, 1], 'recursive_limit': 2, 'mass': 1, 'position': [0.0, 0.5, 0.0], 'joint_position': [0.0, 1.0, 0.0], 'joint_axis': '-0.7831 -0.2527 -0.1188', 'connections': []}"

0,"{'dimensions': [1, 1, 1], 'recursive_limit': 4, 'mass': 1, 'position': [0, 0, 0.5], 'joint_position': [0, 0.5, 0.5], 'joint_axis': '0.4321 0.8185 0.164 ', 'connections': [1]}"
1,"{'dimensions': [1, 1, 1], 'recursive_limit': 3, 'mass': 1, 'position': [0.0, 0.5, 0.0], 'joint_position': [0.0, 1.0, 0.0], 'joint_axis': '-0.8795  0.098  -0.4716', 'connections': [2]}"
2,"{'dimensions': [1, 1, 1], 'recursive_limit': 2, 'mass': 1, 'position': [0.0, 0.5, 0.0], 'joint_position': [0.0, 1.0, 0.0], 'joint_axis': ' 0.4761 -0.9777  0.9766', 'connections': []}"

0,"{'dimensions': [1, 1, 1], 'recursive_limit': 4, 'mass': 1, 'position': [0, 0, 0.5], 'joint_position': [0, 0.5, 0.5], 'joint_axis': '0.3769 0.7493 0.3566', 'connections': [1]}"
1,"{'dimensions': [1, 1, 1], 'recursive_limit': 3, 'mass': -1, 'position': [0.0, 0.5, 0.0], 'joint_position': [0.0, 1.0, 0.0], 'joint_axis': '-0.7676 -0.3981  0.9033', 'connections': []}"



0,"{'dimensions': [1, 1, 1], 'recursive_limit': 4, 'mass': 1, 'position': [0, 0, 0.5], 'joint_position': [0, 0.5, 0.5], 'joint_axis': '-0.9644  0.4223  0.4805', 'connections': [1]}"
1,"{'dimensions': [1, 1, 1], 'recursive_limit': 3, 'mass': 1, 'position': [0.0, 0.5, 0.0], 'joint_position': [0.0, 1.0, 0.0], 'joint_axis': ' 0.9782 -0.429  -0.8797', 'connections': [2]}"
2,"{'dimensions': [1, 1, 1], 'recursive_limit': 2, 'mass': 1, 'position': [0.0, 0.5, 0.0], 'joint_position': [0.0, 1.0, 0.0], 'joint_axis': '-0.3476  0.5084 -0.0076', 'connections': []}"

0,"{'dimensions': [1, 1, 1], 'recursive_limit': 4, 'mass': 1, 'position': [0, 0, 0.5], 'joint_position': [0, 0.5, 0.5], 'joint_axis': '-0.8703 -0.3374 -0.8206', 'connections': [1]}"
1,"{'dimensions': [1, 1, 1], 'recursive_limit': 3, 'mass': 1, 'position': [0.0, 0.5, 0.0], 'joint_position': [0.0, 1.0, 0.0], 'joint_axis': '-0.0754 -0.0105 -0.1356', 'connections': [2]}"
2,"{'dimensions': [1, 1, 1], 'recursive_limit': 2, 'mass': 1, 'position': [0.0, 0.5, 0.0], 'joint_position': [0.0, 1.0, 0.0], 'joint_axis': '-0.7219  0.6896 -0.9789', 'connections': [3]}"
3,"{'dimensions': [1, 1, 1], 'recursive_limit': 1, 'mass': 1, 'position': [0.0, 0.5, 0.0], 'joint_position': [0.0, 1.0, 0.0], 'joint_axis': '-0.4416  0.2485  0.8534', 'connections': []}"

0,"{'dimensions': [1, 1, 1], 'recursive_limit': 4, 'mass': 1, 'position': [0, 0, 0.5], 'joint_position': [0, 0.5, 0.5], 'joint_axis': ' 0.0619  0.4398 -0.4787', 'connections': [1]}"
1,"{'dimensions': [1, 1, 1], 'recursive_limit': 3, 'mass': 1, 'position': [0.0, 0.5, 0.0], 'joint_position': [0.0, 1.0, 0.0], 'joint_axis': '-0.5147  0.8837 -0.1516', 'connections': [2]}"
2,"{'dimensions': [1, 1, 1], 'recursive_limit': 2, 'mass': 1, 'position': [0.0, 0.5, 0.0], 'joint_position': [0.0, 1.0, 0.0], 'joint_axis': '-0.7831 -0.2527 -0.1188', 'connections': []}"

0,"{'dimensions': [1, 1, 1], 'recursive_limit': 4, 'mass': 1, 'position': [0, 0, 0.5], 'joint_position': [0, 0.5, 0.5], 'joint_axis': '0.4321 0.8185 0.164 ', 'connections': [1]}"
1,"{'dimensions': [1, 1, 1], 'recursive_limit': 3, 'mass': 1, 'position': [0.0, 0.5, 0.0], 'joint_position': [0.0, 1.0, 0.0], 'joint_axis': '-0.8795  0.098  -0.4716', 'connections': [2]}"
2,"{'dimensions': [1, 1, 1], 'recursive_limit': 2, 'mass': 1, 'position': [0.0, 0.5, 0.0], 'joint_position': [0.0, 1.0, 0.0], 'joint_axis': ' 0.4761 -0.9777  0.9766', 'connections': []}"

0,"{'dimensions': [1, 1, 1], 'recursive_limit': 4, 'mass': 1, 'position': [0, 0, 0.5], 'joint_position': [0, 0.5, 0.5], 'joint_axis': '0.3769 0.7493 0.3566', 'connections': [1]}"
1,"{'dimensions': [1, 1, 1], 'recursive_limit': 3, 'mass': -1, 'position': [0.0, 0.5, 0.0], 'joint_position': [0.0, 1.0, 0.0], 'joint_axis': '-0.7676 -0.3981  0.9033', 'connections': []}"



0,"{'dimensions': [1, 1, 1], 'recursive_limit': 4, 'mass': 1, 'position': [0, 0, 0.5], 'joint_position': [0, 0.5, 0.5], 'joint_axis': '-0.9644  0.4223  0.4805', 'connections': [1]}"
1,"{'dimensions': [1, 1, 1], 'recursive_limit': 3, 'mass': 1, 'position': [0.0, 0.5, 0.0], 'joint_position': [0.0, 1.0, 0.0], 'joint_axis': ' 0.9782 -0.429  -0.8797', 'connections': [2]}"
2,"{'dimensions': [1, 1, 1], 'recursive_limit': 2, 'mass': 1, 'position': [0.0, 0.5, 0.0], 'joint_position': [0.0, 1.0, 0.0], 'joint_axis': '-0.3476  0.5084 -0.0076', 'connections': []}"

0,"{'dimensions': [1, 1, 1], 'recursive_limit': 4, 'mass': 1, 'position': [0, 0, 0.5], 'joint_position': [0, 0.5, 0.5], 'joint_axis': '-0.8703 -0.3374 -0.8206', 'connections': [1]}"
1,"{'dimensions': [1, 1, 1], 'recursive_limit': 3, 'mass': 1, 'position': [0.0, 0.5, 0.0], 'joint_position': [0.0, 1.0, 0.0], 'joint_axis': '-0.0754 -0.0105 -0.1356', 'connections': [2]}"
2,"{'dimensions': [1, 1, 1], 'recursive_limit': 2, 'mass': 1, 'position': [0.0, 0.5, 0.0], 'joint_position': [0.0, 1.0, 0.0], 'joint_axis': '-0.7219  0.6896 -0.9789', 'connections': [3]}"
3,"{'dimensions': [1, 1, 1], 'recursive_limit': 1, 'mass': 1, 'position': [0.0, 0.5, 0.0], 'joint_position': [0.0, 1.0, 0.0], 'joint_axis': '-0.4416  0.2485  0.8534', 'connections': []}"

0,"{'dimensions': [1, 1, 1], 'recursive_limit': 4, 'mass': 1, 'position': [0, 0, 0.5], 'joint_position': [0, 0.5, 0.5], 'joint_axis': ' 0.0619  0.4398 -0.4787', 'connections': [1]}"
1,"{'dimensions': [1, 1, 1], 'recursive_limit': 3, 'mass': 1, 'position': [0.0, 0.5, 0.0], 'joint_position': [0.0, 1.0, 0.0], 'joint_axis': '-0.5147  0.8837 -0.1516', 'connections': [2]}"
2,"{'dimensions': [1, 1, 1], 'recursive_limit': 2, 'mass': 1, 'position': [0.0, 0.5, 0.0], 'joint_position': [0.0, 1.0, 0.0], 'joint_axis': '-0.7831 -0.2527 -0.1188', 'connections': []}"

0,"{'dimensions': [1, 1, 1], 'recursive_limit': 4, 'mass': 1, 'position': [0, 0, 0.5], 'joint_position': [0, 0.5, 0.5], 'joint_axis': '0.4321 0.8185 0.164 ', 'connections': [1]}"
1,"{'dimensions': [1, 1, 1], 'recursive_limit': 3, 'mass': 1, 'position': [0.0, 0.5, 0.0], 'joint_position': [0.0, 1.0, 0.0], 'joint_axis': '-0.8795  0.098  -0.4716', 'connections': [2]}"
2,"{'dimensions': [1, 1, 1], 'recursive_limit': 2, 'mass': 1, 'position': [0.0, 0.5, 0.0], 'joint_position': [0.0, 1.0, 0.0], 'joint_axis': ' 0.4761 -0.9777  0.9766', 'connections': []}"

0,"{'dimensions': [1, 1, 1], 'recursive_limit': 4, 'mass': 1, 'position': [0, 0, 0.5], 'joint_position': [0, 0.5, 0.5], 'joint_axis': '0.3769 0.7493 0.3566', 'connections': [1]}"
1,"{'dimensions': [1, 1, 1], 'recursive_limit': 3, 'mass': -1, 'position': [0.0, 0.5, 0.0], 'joint_position': [0.0, 1.0, 0.0], 'joint_axis': '-0.7676 -0.3981  0.9033', 'connections': []}"



0,"{'dimensions': [1, 1, 1], 'recursive_limit': 4, 'mass': 1, 'position': [0, 0, 0.5], 'joint_position': [0, 0.5, 0.5], 'joint_axis': '-0.9644  0.4223  0.4805', 'connections': [1]}"
1,"{'dimensions': [1, 1, 1], 'recursive_limit': 3, 'mass': 1, 'position': [0.0, 0.5, 0.0], 'joint_position': [0.0, 1.0, 0.0], 'joint_axis': ' 0.9782 -0.429  -0.8797', 'connections': [2]}"
2,"{'dimensions': [1, 1, 1], 'recursive_limit': 2, 'mass': 1, 'position': [0.0, 0.5, 0.0], 'joint_position': [0.0, 1.0, 0.0], 'joint_axis': '-0.3476  0.5084 -0.0076', 'connections': []}"

0,"{'dimensions': [1, 1, 1], 'recursive_limit': 4, 'mass': 1, 'position': [0, 0, 0.5], 'joint_position': [0, 0.5, 0.5], 'joint_axis': '-0.8703 -0.3374 -0.8206', 'connections': [1]}"
1,"{'dimensions': [1, 1, 1], 'recursive_limit': 3, 'mass': 1, 'position': [0.0, 0.5, 0.0], 'joint_position': [0.0, 1.0, 0.0], 'joint_axis': '-0.0754 -0.0105 -0.1356', 'connections': [2]}"
2,"{'dimensions': [1, 1, 1], 'recursive_limit': 2, 'mass': 1, 'position': [0.0, 0.5, 0.0], 'joint_position': [0.0, 1.0, 0.0], 'joint_axis': '-0.7219  0.6896 -0.9789', 'connections': [3]}"
3,"{'dimensions': [1, 1, 1], 'recursive_limit': 1, 'mass': 1, 'position': [0.0, 0.5, 0.0], 'joint_position': [0.0, 1.0, 0.0], 'joint_axis': '-0.4416  0.2485  0.8534', 'connections': []}"

0,"{'dimensions': [1, 1, 1], 'recursive_limit': 4, 'mass': 1, 'position': [0, 0, 0.5], 'joint_position': [0, 0.5, 0.5], 'joint_axis': ' 0.0619  0.4398 -0.4787', 'connections': [1]}"
1,"{'dimensions': [1, 1, 1], 'recursive_limit': 3, 'mass': 1, 'position': [0.0, 0.5, 0.0], 'joint_position': [0.0, 1.0, 0.0], 'joint_axis': '-0.5147  0.8837 -0.1516', 'connections': [2]}"
2,"{'dimensions': [1, 1, 1], 'recursive_limit': 2, 'mass': 1, 'position': [0.0, 0.5, 0.0], 'joint_position': [0.0, 1.0, 0.0], 'joint_axis': '-0.7831 -0.2527 -0.1188', 'connections': []}"

0,"{'dimensions': [1, 1, 1], 'recursive_limit': 4, 'mass': 1, 'position': [0, 0, 0.5], 'joint_position': [0, 0.5, 0.5], 'joint_axis': '0.4321 0.8185 0.164 ', 'connections': [1]}"
1,"{'dimensions': [1, 1, 1], 'recursive_limit': 3, 'mass': 1, 'position': [0.0, 0.5, 0.0], 'joint_position': [0.0, 1.0, 0.0], 'joint_axis': '-0.8795  0.098  -0.4716', 'connections': [2]}"
2,"{'dimensions': [1, 1, 1], 'recursive_limit': 2, 'mass': 1, 'position': [0.0, 0.5, 0.0], 'joint_position': [0.0, 1.0, 0.0], 'joint_axis': ' 0.4761 -0.9777  0.9766', 'connections': []}"

0,"{'dimensions': [1, 1, 1], 'recursive_limit': 4, 'mass': 1, 'position': [0, 0, 0.5], 'joint_position': [0, 0.5, 0.5], 'joint_axis': '0.3769 0.7493 0.3566', 'connections': [1]}"
1,"{'dimensions': [1, 1, 1], 'recursive_limit': 3, 'mass': -1, 'position': [0.0, 0.5, 0.0], 'joint_position': [0.0, 1.0, 0.0], 'joint_axis': '-0.7676 -0.3981  0.9033', 'connections': []}"



0,"{'dimensions': [1, 1, 1], 'recursive_limit': 4, 'mass': 1, 'position': [0, 0, 0.5], 'joint_position': [0, 0.5, 0.5], 'joint_axis': '-0.9644  0.4223  0.4805', 'connections': [1]}"
1,"{'dimensions': [1, 1, 1], 'recursive_limit': 3, 'mass': 1, 'position': [0.0, 0.5, 0.0], 'joint_position': [0.0, 1.0, 0.0], 'joint_axis': ' 0.9782 -0.429  -0.8797', 'connections': [2]}"
2,"{'dimensions': [1, 1, 1], 'recursive_limit': 2, 'mass': 1, 'position': [0.0, 0.5, 0.0], 'joint_position': [0.0, 1.0, 0.0], 'joint_axis': '-0.3476  0.5084 -0.0076', 'connections': []}"

0,"{'dimensions': [1, 1, 1], 'recursive_limit': 4, 'mass': 1, 'position': [0, 0, 0.5], 'joint_position': [0, 0.5, 0.5], 'joint_axis': '-0.8703 -0.3374 -0.8206', 'connections': [1]}"
1,"{'dimensions': [1, 1, 1], 'recursive_limit': 3, 'mass': 1, 'position': [0.0, 0.5, 0.0], 'joint_position': [0.0, 1.0, 0.0], 'joint_axis': '-0.0754 -0.0105 -0.1356', 'connections': [2]}"
2,"{'dimensions': [1, 1, 1], 'recursive_limit': 2, 'mass': 1, 'position': [0.0, 0.5, 0.0], 'joint_position': [0.0, 1.0, 0.0], 'joint_axis': '-0.7219  0.6896 -0.9789', 'connections': [3]}"
3,"{'dimensions': [1, 1, 1], 'recursive_limit': 1, 'mass': 1, 'position': [0.0, 0.5, 0.0], 'joint_position': [0.0, 1.0, 0.0], 'joint_axis': '-0.4416  0.2485  0.8534', 'connections': []}"

0,"{'dimensions': [1, 1, 1], 'recursive_limit': 4, 'mass': 1, 'position': [0, 0, 0.5], 'joint_position': [0, 0.5, 0.5], 'joint_axis': ' 0.0619  0.4398 -0.4787', 'connections': [1]}"
1,"{'dimensions': [1, 1, 1], 'recursive_limit': 3, 'mass': 1, 'position': [0.0, 0.5, 0.0], 'joint_position': [0.0, 1.0, 0.0], 'joint_axis': '-0.5147  0.8837 -0.1516', 'connections': [2]}"
2,"{'dimensions': [1, 1, 1], 'recursive_limit': 2, 'mass': 1, 'position': [0.0, 0.5, 0.0], 'joint_position': [0.0, 1.0, 0.0], 'joint_axis': '-0.7831 -0.2527 -0.1188', 'connections': []}"

0,"{'dimensions': [1, 1, 1], 'recursive_limit': 4, 'mass': 1, 'position': [0, 0, 0.5], 'joint_position': [0, 0.5, 0.5], 'joint_axis': '0.4321 0.8185 0.164 ', 'connections': [1]}"
1,"{'dimensions': [1, 1, 1], 'recursive_limit': 3, 'mass': 1, 'position': [0.0, 0.5, 0.0], 'joint_position': [0.0, 1.0, 0.0], 'joint_axis': '-0.8795  0.098  -0.4716', 'connections': [2]}"
2,"{'dimensions': [1, 1, 1], 'recursive_limit': 2, 'mass': 1, 'position': [0.0, 0.5, 0.0], 'joint_position': [0.0, 1.0, 0.0], 'joint_axis': ' 0.4761 -0.9777  0.9766', 'connections': []}"

0,"{'dimensions': [1, 1, 1], 'recursive_limit': 4, 'mass': 1, 'position': [0, 0, 0.5], 'joint_position': [0, 0.5, 0.5], 'joint_axis': '0.3769 0.7493 0.3566', 'connections': [1]}"
1,"{'dimensions': [1, 1, 1], 'recursive_limit': 3, 'mass': -1, 'position': [0.0, 0.5, 0.0], 'joint_position': [0.0, 1.0, 0.0], 'joint_axis': '-0.7676 -0.3981  0.9033', 'connections': []}"



0,"{'dimensions': [1, 1, 1], 'recursive_limit': 4, 'mass': 1, 'position': [0, 0, 0.5], 'joint_position': [0, 0.5, 0.5], 'joint_axis': '-0.9644  0.4223  0.4805', 'connections': [1]}"
1,"{'dimensions': [1, 1, 1], 'recursive_limit': 3, 'mass': 1, 'position': [0.0, 0.5, 0.0], 'joint_position': [0.0, 1.0, 0.0], 'joint_axis': ' 0.9782 -0.429  -0.8797', 'connections': [2]}"
2,"{'dimensions': [1, 1, 1], 'recursive_limit': 2, 'mass': 1, 'position': [0.0, 0.5, 0.0], 'joint_position': [0.0, 1.0, 0.0], 'joint_axis': '-0.3476  0.5084 -0.0076', 'connections': []}"

0,"{'dimensions': [1, 1, 1], 'recursive_limit': 4, 'mass': 1, 'position': [0, 0, 0.5], 'joint_position': [0, 0.5, 0.5], 'joint_axis': '-0.8703 -0.3374 -0.8206', 'connections': [1]}"
1,"{'dimensions': [1, 1, 1], 'recursive_limit': 3, 'mass': 1, 'position': [0.0, 0.5, 0.0], 'joint_position': [0.0, 1.0, 0.0], 'joint_axis': '-0.0754 -0.0105 -0.1356', 'connections': [2]}"
2,"{'dimensions': [1, 1, 1], 'recursive_limit': 2, 'mass': 1, 'position': [0.0, 0.5, 0.0], 'joint_position': [0.0, 1.0, 0.0], 'joint_axis': '-0.7219  0.6896 -0.9789', 'connections': [3]}"
3,"{'dimensions': [1, 1, 1], 'recursive_limit': 1, 'mass': 1, 'position': [0.0, 0.5, 0.0], 'joint_position': [0.0, 1.0, 0.0], 'joint_axis': '-0.4416  0.2485  0.8534', 'connections': []}"

0,"{'dimensions': [1, 1, 1], 'recursive_limit': 4, 'mass': 1, 'position': [0, 0, 0.5], 'joint_position': [0, 0.5, 0.5], 'joint_axis': ' 0.0619  0.4398 -0.4787', 'connections': [1]}"
1,"{'dimensions': [1, 1, 1], 'recursive_limit': 3, 'mass': 1, 'position': [0.0, 0.5, 0.0], 'joint_position': [0.0, 1.0, 0.0], 'joint_axis': '-0.5147  0.8837 -0.1516', 'connections': [2]}"
2,"{'dimensions': [1, 1, 1], 'recursive_limit': 2, 'mass': 1, 'position': [0.0, 0.5, 0.0], 'joint_position': [0.0, 1.0, 0.0], 'joint_axis': '-0.7831 -0.2527 -0.1188', 'connections': []}"

0,"{'dimensions': [1, 1, 1], 'recursive_limit': 4, 'mass': 1, 'position': [0, 0, 0.5], 'joint_position': [0, 0.5, 0.5], 'joint_axis': '0.4321 0.8185 0.164 ', 'connections': [1]}"
1,"{'dimensions': [1, 1, 1], 'recursive_limit': 3, 'mass': 1, 'position': [0.0, 0.5, 0.0], 'joint_position': [0.0, 1.0, 0.0], 'joint_axis': '-0.8795  0.098  -0.4716', 'connections': [2]}"
2,"{'dimensions': [1, 1, 1], 'recursive_limit': 2, 'mass': 1, 'position': [0.0, 0.5, 0.0], 'joint_position': [0.0, 1.0, 0.0], 'joint_axis': ' 0.4761 -0.9777  0.9766', 'connections': []}"

0,"{'dimensions': [1, 1, 1], 'recursive_limit': 4, 'mass': 1, 'position': [0, 0, 0.5], 'joint_position': [0, 0.5, 0.5], 'joint_axis': '0.3769 0.7493 0.3566', 'connections': [1]}"
1,"{'dimensions': [1, 1, 1], 'recursive_limit': 3, 'mass': -1, 'position': [0.0, 0.5, 0.0], 'joint_position': [0.0, 1.0, 0.0], 'joint_axis': '-0.7676 -0.3981  0.9033', 'connections': []}"



0,"{'dimensions': [1, 1, 1], 'recursive_limit': 4, 'mass': 1, 'position': [0, 0, 0.5], 'joint_position': [0, 0.5, 0.5], 'joint_axis': '-0.9644  0.4223  0.4805', 'connections': [1]}"
1,"{'dimensions': [1, 1, 1], 'recursive_limit': 3, 'mass': 1, 'position': [0.0, 0.5, 0.0], 'joint_position': [0.0, 1.0, 0.0], 'joint_axis': ' 0.9782 -0.429  -0.8797', 'connections': [2]}"
2,"{'dimensions': [1, 1, 1], 'recursive_limit': 2, 'mass': 1, 'position': [0.0, 0.5, 0.0], 'joint_position': [0.0, 1.0, 0.0], 'joint_axis': '-0.3476  0.5084 -0.0076', 'connections': []}"

0,"{'dimensions': [1, 1, 1], 'recursive_limit': 4, 'mass': 1, 'position': [0, 0, 0.5], 'joint_position': [0, 0.5, 0.5], 'joint_axis': '-0.8703 -0.3374 -0.8206', 'connections': [1]}"
1,"{'dimensions': [1, 1, 1], 'recursive_limit': 3, 'mass': 1, 'position': [0.0, 0.5, 0.0], 'joint_position': [0.0, 1.0, 0.0], 'joint_axis': '-0.0754 -0.0105 -0.1356', 'connections': [2]}"
2,"{'dimensions': [1, 1, 1], 'recursive_limit': 2, 'mass': 1, 'position': [0.0, 0.5, 0.0], 'joint_position': [0.0, 1.0, 0.0], 'joint_axis': '-0.7219  0.6896 -0.9789', 'connections': [3]}"
3,"{'dimensions': [1, 1, 1], 'recursive_limit': 1, 'mass': 1, 'position': [0.0, 0.5, 0.0], 'joint_position': [0.0, 1.0, 0.0], 'joint_axis': '-0.4416  0.2485  0.8534', 'connections': []}"

0,"{'dimensions': [1, 1, 1], 'recursive_limit': 4, 'mass': 1, 'position': [0, 0, 0.5], 'joint_position': [0, 0.5, 0.5], 'joint_axis': ' 0.0619  0.4398 -0.4787', 'connections': [1]}"
1,"{'dimensions': [1, 1, 1], 'recursive_limit': 3, 'mass': 1, 'position': [0.0, 0.5, 0.0], 'joint_position': [0.0, 1.0, 0.0], 'joint_axis': '-0.5147  0.8837 -0.1516', 'connections': [2]}"
2,"{'dimensions': [1, 1, 1], 'recursive_limit': 2, 'mass': 1, 'position': [0.0, 0.5, 0.0], 'joint_position': [0.0, 1.0, 0.0], 'joint_axis': '-0.7831 -0.2527 -0.1188', 'connections': []}"

0,"{'dimensions': [1, 1, 1], 'recursive_limit': 4, 'mass': 1, 'position': [0, 0, 0.5], 'joint_position': [0, 0.5, 0.5], 'joint_axis': '0.4321 0.8185 0.164 ', 'connections': [1]}"
1,"{'dimensions': [1, 1, 1], 'recursive_limit': 3, 'mass': 1, 'position': [0.0, 0.5, 0.0], 'joint_position': [0.0, 1.0, 0.0], 'joint_axis': '-0.8795  0.098  -0.4716', 'connections': [2]}"
2,"{'dimensions': [1, 1, 1], 'recursive_limit': 2, 'mass': 1, 'position': [0.0, 0.5, 0.0], 'joint_position': [0.0, 1.0, 0.0], 'joint_axis': ' 0.4761 -0.9777  0.9766', 'connections': []}"

0,"{'dimensions': [1, 1, 1], 'recursive_limit': 4, 'mass': 1, 'position': [0, 0, 0.5], 'joint_position': [0, 0.5, 0.5], 'joint_axis': '0.3769 0.7493 0.3566', 'connections': [1]}"
1,"{'dimensions': [1, 1, 1], 'recursive_limit': 3, 'mass': -1, 'position': [0.0, 0.5, 0.0], 'joint_position': [0.0, 1.0, 0.0], 'joint_axis': '-0.7676 -0.3981  0.9033', 'connections': []}"



0,"{'dimensions': [1, 1, 1], 'recursive_limit': 4, 'mass': 1, 'position': [0, 0, 0.5], 'joint_position': [0, 0.5, 0.5], 'joint_axis': '-0.9644  0.4223  0.4805', 'connections': [1]}"
1,"{'dimensions': [1, 1, 1], 'recursive_limit': 3, 'mass': 1, 'position': [0.0, 0.5, 0.0], 'joint_position': [0.0, 1.0, 0.0], 'joint_axis': ' 0.9782 -0.429  -0.8797', 'connections': [2]}"
2,"{'dimensions': [1, 1, 1], 'recursive_limit': 2, 'mass': 1, 'position': [0.0, 0.5, 0.0], 'joint_position': [0.0, 1.0, 0.0], 'joint_axis': '-0.3476  0.5084 -0.0076', 'connections': []}"

0,"{'dimensions': [1, 1, 1], 'recursive_limit': 4, 'mass': 1, 'position': [0, 0, 0.5], 'joint_position': [0, 0.5, 0.5], 'joint_axis': '-0.8703 -0.3374 -0.8206', 'connections': [1]}"
1,"{'dimensions': [1, 1, 1], 'recursive_limit': 3, 'mass': 1, 'position': [0.0, 0.5, 0.0], 'joint_position': [0.0, 1.0, 0.0], 'joint_axis': '-0.0754 -0.0105 -0.1356', 'connections': [2]}"
2,"{'dimensions': [1, 1, 1], 'recursive_limit': 2, 'mass': 1, 'position': [0.0, 0.5, 0.0], 'joint_position': [0.0, 1.0, 0.0], 'joint_axis': '-0.7219  0.6896 -0.9789', 'connections': [3]}"
3,"{'dimensions': [1, 1, 1], 'recursive_limit': 1, 'mass': 1, 'position': [0.0, 0.5, 0.0], 'joint_position': [0.0, 1.0, 0.0], 'joint_axis': '-0.4416  0.2485  0.8534', 'connections': []}"

0,"{'dimensions': [1, 1, 1], 'recursive_limit': 4, 'mass': 1, 'position': [0, 0, 0.5], 'joint_position': [0, 0.5, 0.5], 'joint_axis': ' 0.0619  0.4398 -0.4787', 'connections': [1]}"
1,"{'dimensions': [1, 1, 1], 'recursive_limit': 3, 'mass': 1, 'position': [0.0, 0.5, 0.0], 'joint_position': [0.0, 1.0, 0.0], 'joint_axis': '-0.5147  0.8837 -0.1516', 'connections': [2]}"
2,"{'dimensions': [1, 1, 1], 'recursive_limit': 2, 'mass': 1, 'position': [0.0, 0.5, 0.0], 'joint_position': [0.0, 1.0, 0.0], 'joint_axis': '-0.7831 -0.2527 -0.1188', 'connections': []}"

0,"{'dimensions': [1, 1, 1], 'recursive_limit': 4, 'mass': 1, 'position': [0, 0, 0.5], 'joint_position': [0, 0.5, 0.5], 'joint_axis': '0.4321 0.8185 0.164 ', 'connections': [1]}"
1,"{'dimensions': [1, 1, 1], 'recursive_limit': 3, 'mass': 1, 'position': [0.0, 0.5, 0.0], 'joint_position': [0.0, 1.0, 0.0], 'joint_axis': '-0.8795  0.098  -0.4716', 'connections': [2]}"
2,"{'dimensions': [1, 1, 1], 'recursive_limit': 2, 'mass': 1, 'position': [0.0, 0.5, 0.0], 'joint_position': [0.0, 1.0, 0.0], 'joint_axis': ' 0.4761 -0.9777  0.9766', 'connections': []}"

0,"{'dimensions': [1, 1, 1], 'recursive_limit': 4, 'mass': 1, 'position': [0, 0, 0.5], 'joint_position': [0, 0.5, 0.5], 'joint_axis': '0.3769 0.7493 0.3566', 'connections': [1]}"
1,"{'dimensions': [1, 1, 1], 'recursive_limit': 3, 'mass': -1, 'position': [0.0, 0.5, 0.0], 'joint_position': [0.0, 1.0, 0.0], 'joint_axis': '-0.7676 -0.3981  0.9033', 'connections': []}"



0,"{'dimensions': [1, 1, 1], 'recursive_limit': 4, 'mass': 1, 'position': [0, 0, 0.5], 'joint_position': [0, 0.5, 0.5], 'joint_axis': '-0.9644  0.4223  0.4805', 'connections': [1]}"
1,"{'dimensions': [1, 1, 1], 'recursive_limit': 3, 'mass': 1, 'position': [0.0, 0.5, 0.0], 'joint_position': [0.0, 1.0, 0.0], 'joint_axis': ' 0.9782 -0.429  -0.8797', 'connections': [2]}"
2,"{'dimensions': [1, 1, 1], 'recursive_limit': 2, 'mass': 1, 'position': [0.0, 0.5, 0.0], 'joint_position': [0.0, 1.0, 0.0], 'joint_axis': '-0.3476  0.5084 -0.0076', 'connections': []}"

0,"{'dimensions': [1, 1, 1], 'recursive_limit': 4, 'mass': 1, 'position': [0, 0, 0.5], 'joint_position': [0, 0.5, 0.5], 'joint_axis': '-0.8703 -0.3374 -0.8206', 'connections': [1]}"
1,"{'dimensions': [1, 1, 1], 'recursive_limit': 3, 'mass': 1, 'position': [0.0, 0.5, 0.0], 'joint_position': [0.0, 1.0, 0.0], 'joint_axis': '-0.0754 -0.0105 -0.1356', 'connections': [2]}"
2,"{'dimensions': [1, 1, 1], 'recursive_limit': 2, 'mass': 1, 'position': [0.0, 0.5, 0.0], 'joint_position': [0.0, 1.0, 0.0], 'joint_axis': '-0.7219  0.6896 -0.9789', 'connections': [3]}"
3,"{'dimensions': [1, 1, 1], 'recursive_limit': 1, 'mass': 1, 'position': [0.0, 0.5, 0.0], 'joint_position': [0.0, 1.0, 0.0], 'joint_axis': '-0.4416  0.2485  0.8534', 'connections': []}"

0,"{'dimensions': [1, 1, 1], 'recursive_limit': 4, 'mass': 1, 'position': [0, 0, 0.5], 'joint_position': [0, 0.5, 0.5], 'joint_axis': ' 0.0619  0.4398 -0.4787', 'connections': [1]}"
1,"{'dimensions': [1, 1, 1], 'recursive_limit': 3, 'mass': 1, 'position': [0.0, 0.5, 0.0], 'joint_position': [0.0, 1.0, 0.0], 'joint_axis': '-0.5147  0.8837 -0.1516', 'connections': [2]}"
2,"{'dimensions': [1, 1, 1], 'recursive_limit': 2, 'mass': 1, 'position': [0.0, 0.5, 0.0], 'joint_position': [0.0, 1.0, 0.0], 'joint_axis': '-0.7831 -0.2527 -0.1188', 'connections': []}"

0,"{'dimensions': [1, 1, 1], 'recursive_limit': 4, 'mass': 1, 'position': [0, 0, 0.5], 'joint_position': [0, 0.5, 0.5], 'joint_axis': '0.4321 0.8185 0.164 ', 'connections': [1]}"
1,"{'dimensions': [1, 1, 1], 'recursive_limit': 3, 'mass': 1, 'position': [0.0, 0.5, 0.0], 'joint_position': [0.0, 1.0, 0.0], 'joint_axis': '-0.8795  0.098  -0.4716', 'connections': [2]}"
2,"{'dimensions': [1, 1, 1], 'recursive_limit': 2, 'mass': 1, 'position': [0.0, 0.5, 0.0], 'joint_position': [0.0, 1.0, 0.0], 'joint_axis': ' 0.4761 -0.9777  0.9766', 'connections': []}"

0,"{'dimensions': [1, 1, 1], 'recursive_limit': 4, 'mass': 1, 'position': [0, 0, 0.5], 'joint_position': [0, 0.5, 0.5], 'joint_axis': '0.3769 0.7493 0.3566', 'connections': [1]}"
1,"{'dimensions': [1, 1, 1], 'recursive_limit': 3, 'mass': -1, 'position': [0.0, 0.5, 0.0], 'joint_position': [0.0, 1.0, 0.0], 'joint_axis': '-0.7676 -0.3981  0.9033', 'connections': []}"



0,"{'dimensions': [1, 1, 1], 'recursive_limit': 4, 'mass': 1, 'position': [0, 0, 0.5], 'joint_position': [0, 0.5, 0.5], 'joint_axis': '-0.9644  0.4223  0.4805', 'connections': [1]}"
1,"{'dimensions': [1, 1, 1], 'recursive_limit': 3, 'mass': 1, 'position': [0.0, 0.5, 0.0], 'joint_position': [0.0, 1.0, 0.0], 'joint_axis': ' 0.9782 -0.429  -0.8797', 'connections': [2]}"
2,"{'dimensions': [1, 1, 1], 'recursive_limit': 2, 'mass': 1, 'position': [0.0, 0.5, 0.0], 'joint_position': [0.0, 1.0, 0.0], 'joint_axis': '-0.3476  0.5084 -0.0076', 'connections': []}"

0,"{'dimensions': [1, 1, 1], 'recursive_limit': 4, 'mass': 1, 'position': [0, 0, 0.5], 'joint_position': [0, 0.5, 0.5], 'joint_axis': '-0.8703 -0.3374 -0.8206', 'connections': [1]}"
1,"{'dimensions': [1, 1, 1], 'recursive_limit': 3, 'mass': 1, 'position': [0.0, 0.5, 0.0], 'joint_position': [0.0, 1.0, 0.0], 'joint_axis': '-0.0754 -0.0105 -0.1356', 'connections': [2]}"
2,"{'dimensions': [1, 1, 1], 'recursive_limit': 2, 'mass': 1, 'position': [0.0, 0.5, 0.0], 'joint_position': [0.0, 1.0, 0.0], 'joint_axis': '-0.7219  0.6896 -0.9789', 'connections': [3]}"
3,"{'dimensions': [1, 1, 1], 'recursive_limit': 1, 'mass': 1, 'position': [0.0, 0.5, 0.0], 'joint_position': [0.0, 1.0, 0.0], 'joint_axis': '-0.4416  0.2485  0.8534', 'connections': []}"

0,"{'dimensions': [1, 1, 1], 'recursive_limit': 4, 'mass': 1, 'position': [0, 0, 0.5], 'joint_position': [0, 0.5, 0.5], 'joint_axis': ' 0.0619  0.4398 -0.4787', 'connections': [1]}"
1,"{'dimensions': [1, 1, 1], 'recursive_limit': 3, 'mass': 1, 'position': [0.0, 0.5, 0.0], 'joint_position': [0.0, 1.0, 0.0], 'joint_axis': '-0.5147  0.8837 -0.1516', 'connections': [2]}"
2,"{'dimensions': [1, 1, 1], 'recursive_limit': 2, 'mass': 1, 'position': [0.0, 0.5, 0.0], 'joint_position': [0.0, 1.0, 0.0], 'joint_axis': '-0.7831 -0.2527 -0.1188', 'connections': []}"

0,"{'dimensions': [1, 1, 1], 'recursive_limit': 4, 'mass': 1, 'position': [0, 0, 0.5], 'joint_position': [0, 0.5, 0.5], 'joint_axis': '0.4321 0.8185 0.164 ', 'connections': [1]}"
1,"{'dimensions': [1, 1, 1], 'recursive_limit': 3, 'mass': 1, 'position': [0.0, 0.5, 0.0], 'joint_position': [0.0, 1.0, 0.0], 'joint_axis': '-0.8795  0.098  -0.4716', 'connections': [2]}"
2,"{'dimensions': [1, 1, 1], 'recursive_limit': 2, 'mass': 1, 'position': [0.0, 0.5, 0.0], 'joint_position': [0.0, 1.0, 0.0], 'joint_axis': ' 0.4761 -0.9777  0.9766', 'connections': []}"

0,"{'dimensions': [1, 1, 1], 'recursive_limit': 4, 'mass': 1, 'position': [0, 0, 0.5], 'joint_position': [0, 0.5, 0.5], 'joint_axis': '0.3769 0.7493 0.3566', 'connections': [1]}"
1,"{'dimensions': [1, 1, 1], 'recursive_limit': 3, 'mass': -1, 'position': [0.0, 0.5, 0.0], 'joint_position': [0.0, 1.0, 0.0], 'joint_axis': '-0.7676 -0.3981  0.9033', 'connections': []}"



0,"{'dimensions': [1, 1, 1], 'recursive_limit': 4, 'mass': 1, 'position': [0, 0, 0.5], 'joint_position': [0, 0.5, 0.5], 'joint_axis': '-0.9644  0.4223  0.4805', 'connections': [1]}"
1,"{'dimensions': [1, 1, 1], 'recursive_limit': 3, 'mass': 1, 'position': [0.0, 0.5, 0.0], 'joint_position': [0.0, 1.0, 0.0], 'joint_axis': ' 0.9782 -0.429  -0.8797', 'connections': [2]}"
2,"{'dimensions': [1, 1, 1], 'recursive_limit': 2, 'mass': 1, 'position': [0.0, 0.5, 0.0], 'joint_position': [0.0, 1.0, 0.0], 'joint_axis': '-0.3476  0.5084 -0.0076', 'connections': []}"

0,"{'dimensions': [1, 1, 1], 'recursive_limit': 4, 'mass': 1, 'position': [0, 0, 0.5], 'joint_position': [0, 0.5, 0.5], 'joint_axis': '-0.8703 -0.3374 -0.8206', 'connections': [1]}"
1,"{'dimensions': [1, 1, 1], 'recursive_limit': 3, 'mass': 1, 'position': [0.0, 0.5, 0.0], 'joint_position': [0.0, 1.0, 0.0], 'joint_axis': '-0.0754 -0.0105 -0.1356', 'connections': [2]}"
2,"{'dimensions': [1, 1, 1], 'recursive_limit': 2, 'mass': 1, 'position': [0.0, 0.5, 0.0], 'joint_position': [0.0, 1.0, 0.0], 'joint_axis': '-0.7219  0.6896 -0.9789', 'connections': [3]}"
3,"{'dimensions': [1, 1, 1], 'recursive_limit': 1, 'mass': 1, 'position': [0.0, 0.5, 0.0], 'joint_position': [0.0, 1.0, 0.0], 'joint_axis': '-0.4416  0.2485  0.8534', 'connections': []}"

0,"{'dimensions': [1, 1, 1], 'recursive_limit': 4, 'mass': 1, 'position': [0, 0, 0.5], 'joint_position': [0, 0.5, 0.5], 'joint_axis': ' 0.0619  0.4398 -0.4787', 'connections': [1]}"
1,"{'dimensions': [1, 1, 1], 'recursive_limit': 3, 'mass': 1, 'position': [0.0, 0.5, 0.0], 'joint_position': [0.0, 1.0, 0.0], 'joint_axis': '-0.5147  0.8837 -0.1516', 'connections': [2]}"
2,"{'dimensions': [1, 1, 1], 'recursive_limit': 2, 'mass': 1, 'position': [0.0, 0.5, 0.0], 'joint_position': [0.0, 1.0, 0.0], 'joint_axis': '-0.7831 -0.2527 -0.1188', 'connections': []}"

0,"{'dimensions': [1, 1, 1], 'recursive_limit': 4, 'mass': 1, 'position': [0, 0, 0.5], 'joint_position': [0, 0.5, 0.5], 'joint_axis': '0.4321 0.8185 0.164 ', 'connections': [1]}"
1,"{'dimensions': [1, 1, 1], 'recursive_limit': 3, 'mass': 1, 'position': [0.0, 0.5, 0.0], 'joint_position': [0.0, 1.0, 0.0], 'joint_axis': '-0.8795  0.098  -0.4716', 'connections': [2]}"
2,"{'dimensions': [1, 1, 1], 'recursive_limit': 2, 'mass': 1, 'position': [0.0, 0.5, 0.0], 'joint_position': [0.0, 1.0, 0.0], 'joint_axis': ' 0.4761 -0.9777  0.9766', 'connections': []}"

0,"{'dimensions': [1, 1, 1], 'recursive_limit': 4, 'mass': 1, 'position': [0, 0, 0.5], 'joint_position': [0, 0.5, 0.5], 'joint_axis': '0.3769 0.7493 0.3566', 'connections': [1]}"
1,"{'dimensions': [1, 1, 1], 'recursive_limit': 3, 'mass': -1, 'position': [0.0, 0.5, 0.0], 'joint_position': [0.0, 1.0, 0.0], 'joint_axis': '-0.7676 -0.3981  0.9033', 'connections': []}"



0,"{'dimensions': [1, 1, 1], 'recursive_limit': 4, 'mass': 1, 'position': [0, 0, 0.5], 'joint_position': [0, 0.5, 0.5], 'joint_axis': '-0.9644  0.4223  0.4805', 'connections': [1]}"
1,"{'dimensions': [1, 1, 1], 'recursive_limit': 3, 'mass': 1, 'position': [0.0, 0.5, 0.0], 'joint_position': [0.0, 1.0, 0.0], 'joint_axis': ' 0.9782 -0.429  -0.8797', 'connections': [2]}"
2,"{'dimensions': [1, 1, 1], 'recursive_limit': 2, 'mass': 1, 'position': [0.0, 0.5, 0.0], 'joint_position': [0.0, 1.0, 0.0], 'joint_axis': '-0.3476  0.5084 -0.0076', 'connections': []}"

0,"{'dimensions': [1, 1, 1], 'recursive_limit': 4, 'mass': 1, 'position': [0, 0, 0.5], 'joint_position': [0, 0.5, 0.5], 'joint_axis': '-0.8703 -0.3374 -0.8206', 'connections': [1]}"
1,"{'dimensions': [1, 1, 1], 'recursive_limit': 3, 'mass': 1, 'position': [0.0, 0.5, 0.0], 'joint_position': [0.0, 1.0, 0.0], 'joint_axis': '-0.0754 -0.0105 -0.1356', 'connections': [2]}"
2,"{'dimensions': [1, 1, 1], 'recursive_limit': 2, 'mass': 1, 'position': [0.0, 0.5, 0.0], 'joint_position': [0.0, 1.0, 0.0], 'joint_axis': '-0.7219  0.6896 -0.9789', 'connections': [3]}"
3,"{'dimensions': [1, 1, 1], 'recursive_limit': 1, 'mass': 1, 'position': [0.0, 0.5, 0.0], 'joint_position': [0.0, 1.0, 0.0], 'joint_axis': '-0.4416  0.2485  0.8534', 'connections': []}"

0,"{'dimensions': [1, 1, 1], 'recursive_limit': 4, 'mass': 1, 'position': [0, 0, 0.5], 'joint_position': [0, 0.5, 0.5], 'joint_axis': ' 0.0619  0.4398 -0.4787', 'connections': [1]}"
1,"{'dimensions': [1, 1, 1], 'recursive_limit': 3, 'mass': 1, 'position': [0.0, 0.5, 0.0], 'joint_position': [0.0, 1.0, 0.0], 'joint_axis': '-0.5147  0.8837 -0.1516', 'connections': [2]}"
2,"{'dimensions': [1, 1, 1], 'recursive_limit': 2, 'mass': 1, 'position': [0.0, 0.5, 0.0], 'joint_position': [0.0, 1.0, 0.0], 'joint_axis': '-0.7831 -0.2527 -0.1188', 'connections': []}"

0,"{'dimensions': [1, 1, 1], 'recursive_limit': 4, 'mass': 1, 'position': [0, 0, 0.5], 'joint_position': [0, 0.5, 0.5], 'joint_axis': '0.4321 0.8185 0.164 ', 'connections': [1]}"
1,"{'dimensions': [1, 1, 1], 'recursive_limit': 3, 'mass': 1, 'position': [0.0, 0.5, 0.0], 'joint_position': [0.0, 1.0, 0.0], 'joint_axis': '-0.8795  0.098  -0.4716', 'connections': [2]}"
2,"{'dimensions': [1, 1, 1], 'recursive_limit': 2, 'mass': 1, 'position': [0.0, 0.5, 0.0], 'joint_position': [0.0, 1.0, 0.0], 'joint_axis': ' 0.4761 -0.9777  0.9766', 'connections': []}"

0,"{'dimensions': [1, 1, 1], 'recursive_limit': 4, 'mass': 1, 'position': [0, 0, 0.5], 'joint_position': [0, 0.5, 0.5], 'joint_axis': '0.3769 0.7493 0.3566', 'connections': [1]}"
1,"{'dimensions': [1, 1, 1], 'recursive_limit': 3, 'mass': -1, 'position': [0.0, 0.5, 0.0], 'joint_position': [0.0, 1.0, 0.0], 'joint_axis': '-0.7676 -0.3981  0.9033', 'connections': []}"



0,"{'dimensions': [1, 1, 1], 'recursive_limit': 4, 'mass': 1, 'position': [0, 0, 0.5], 'joint_position': [0, 0.5, 0.5], 'joint_axis': '-0.9644  0.4223  0.4805', 'connections': [1]}"
1,"{'dimensions': [1, 1, 1], 'recursive_limit': 3, 'mass': 1, 'position': [0.0, 0.5, 0.0], 'joint_position': [0.0, 1.0, 0.0], 'joint_axis': ' 0.9782 -0.429  -0.8797', 'connections': [2]}"
2,"{'dimensions': [1, 1, 1], 'recursive_limit': 2, 'mass': 1, 'position': [0.0, 0.5, 0.0], 'joint_position': [0.0, 1.0, 0.0], 'joint_axis': '-0.3476  0.5084 -0.0076', 'connections': []}"

0,"{'dimensions': [1, 1, 1], 'recursive_limit': 4, 'mass': 1, 'position': [0, 0, 0.5], 'joint_position': [0, 0.5, 0.5], 'joint_axis': '-0.8703 -0.3374 -0.8206', 'connections': [1]}"
1,"{'dimensions': [1, 1, 1], 'recursive_limit': 3, 'mass': 1, 'position': [0.0, 0.5, 0.0], 'joint_position': [0.0, 1.0, 0.0], 'joint_axis': '-0.0754 -0.0105 -0.1356', 'connections': [2]}"
2,"{'dimensions': [1, 1, 1], 'recursive_limit': 2, 'mass': 1, 'position': [0.0, 0.5, 0.0], 'joint_position': [0.0, 1.0, 0.0], 'joint_axis': '-0.7219  0.6896 -0.9789', 'connections': [3]}"
3,"{'dimensions': [1, 1, 1], 'recursive_limit': 1, 'mass': 1, 'position': [0.0, 0.5, 0.0], 'joint_position': [0.0, 1.0, 0.0], 'joint_axis': '-0.4416  0.2485  0.8534', 'connections': []}"

0,"{'dimensions': [1, 1, 1], 'recursive_limit': 4, 'mass': 1, 'position': [0, 0, 0.5], 'joint_position': [0, 0.5, 0.5], 'joint_axis': ' 0.0619  0.4398 -0.4787', 'connections': [1]}"
1,"{'dimensions': [1, 1, 1], 'recursive_limit': 3, 'mass': 1, 'position': [0.0, 0.5, 0.0], 'joint_position': [0.0, 1.0, 0.0], 'joint_axis': '-0.5147  0.8837 -0.1516', 'connections': [2]}"
2,"{'dimensions': [1, 1, 1], 'recursive_limit': 2, 'mass': 1, 'position': [0.0, 0.5, 0.0], 'joint_position': [0.0, 1.0, 0.0], 'joint_axis': '-0.7831 -0.2527 -0.1188', 'connections': []}"

0,"{'dimensions': [1, 1, 1], 'recursive_limit': 4, 'mass': 1, 'position': [0, 0, 0.5], 'joint_position': [0, 0.5, 0.5], 'joint_axis': '0.4321 0.8185 0.164 ', 'connections': [1]}"
1,"{'dimensions': [1, 1, 1], 'recursive_limit': 3, 'mass': 1, 'position': [0.0, 0.5, 0.0], 'joint_position': [0.0, 1.0, 0.0], 'joint_axis': '-0.8795  0.098  -0.4716', 'connections': [2]}"
2,"{'dimensions': [1, 1, 1], 'recursive_limit': 2, 'mass': 1, 'position': [0.0, 0.5, 0.0], 'joint_position': [0.0, 1.0, 0.0], 'joint_axis': ' 0.4761 -0.9777  0.9766', 'connections': []}"

0,"{'dimensions': [1, 1, 1], 'recursive_limit': 4, 'mass': 1, 'position': [0, 0, 0.5], 'joint_position': [0, 0.5, 0.5], 'joint_axis': '0.3769 0.7493 0.3566', 'connections': [1]}"
1,"{'dimensions': [1, 1, 1], 'recursive_limit': 3, 'mass': -1, 'position': [0.0, 0.5, 0.0], 'joint_position': [0.0, 1.0, 0.0], 'joint_axis': '-0.7676 -0.3981  0.9033', 'connections': []}"



0,"{'dimensions': [1, 1, 1], 'recursive_limit': 4, 'mass': 1, 'position': [0, 0, 0.5], 'joint_position': [0, 0.5, 0.5], 'joint_axis': '-0.9644  0.4223  0.4805', 'connections': [1]}"
1,"{'dimensions': [1, 1, 1], 'recursive_limit': 3, 'mass': 1, 'position': [0.0, 0.5, 0.0], 'joint_position': [0.0, 1.0, 0.0], 'joint_axis': ' 0.9782 -0.429  -0.8797', 'connections': [2]}"
2,"{'dimensions': [1, 1, 1], 'recursive_limit': 2, 'mass': 1, 'position': [0.0, 0.5, 0.0], 'joint_position': [0.0, 1.0, 0.0], 'joint_axis': '-0.3476  0.5084 -0.0076', 'connections': []}"

0,"{'dimensions': [1, 1, 1], 'recursive_limit': 4, 'mass': 1, 'position': [0, 0, 0.5], 'joint_position': [0, 0.5, 0.5], 'joint_axis': '-0.8703 -0.3374 -0.8206', 'connections': [1]}"
1,"{'dimensions': [1, 1, 1], 'recursive_limit': 3, 'mass': 1, 'position': [0.0, 0.5, 0.0], 'joint_position': [0.0, 1.0, 0.0], 'joint_axis': '-0.0754 -0.0105 -0.1356', 'connections': [2]}"
2,"{'dimensions': [1, 1, 1], 'recursive_limit': 2, 'mass': 1, 'position': [0.0, 0.5, 0.0], 'joint_position': [0.0, 1.0, 0.0], 'joint_axis': '-0.7219  0.6896 -0.9789', 'connections': [3]}"
3,"{'dimensions': [1, 1, 1], 'recursive_limit': 1, 'mass': 1, 'position': [0.0, 0.5, 0.0], 'joint_position': [0.0, 1.0, 0.0], 'joint_axis': '-0.4416  0.2485  0.8534', 'connections': []}"

0,"{'dimensions': [1, 1, 1], 'recursive_limit': 4, 'mass': 1, 'position': [0, 0, 0.5], 'joint_position': [0, 0.5, 0.5], 'joint_axis': ' 0.0619  0.4398 -0.4787', 'connections': [1]}"
1,"{'dimensions': [1, 1, 1], 'recursive_limit': 3, 'mass': 1, 'position': [0.0, 0.5, 0.0], 'joint_position': [0.0, 1.0, 0.0], 'joint_axis': '-0.5147  0.8837 -0.1516', 'connections': [2]}"
2,"{'dimensions': [1, 1, 1], 'recursive_limit': 2, 'mass': 1, 'position': [0.0, 0.5, 0.0], 'joint_position': [0.0, 1.0, 0.0], 'joint_axis': '-0.7831 -0.2527 -0.1188', 'connections': []}"

0,"{'dimensions': [1, 1, 1], 'recursive_limit': 4, 'mass': 1, 'position': [0, 0, 0.5], 'joint_position': [0, 0.5, 0.5], 'joint_axis': '0.4321 0.8185 0.164 ', 'connections': [1]}"
1,"{'dimensions': [1, 1, 1], 'recursive_limit': 3, 'mass': 1, 'position': [0.0, 0.5, 0.0], 'joint_position': [0.0, 1.0, 0.0], 'joint_axis': '-0.8795  0.098  -0.4716', 'connections': [2]}"
2,"{'dimensions': [1, 1, 1], 'recursive_limit': 2, 'mass': 1, 'position': [0.0, 0.5, 0.0], 'joint_position': [0.0, 1.0, 0.0], 'joint_axis': ' 0.4761 -0.9777  0.9766', 'connections': []}"

0,"{'dimensions': [1, 1, 1], 'recursive_limit': 4, 'mass': 1, 'position': [0, 0, 0.5], 'joint_position': [0, 0.5, 0.5], 'joint_axis': '0.3769 0.7493 0.3566', 'connections': [1]}"
1,"{'dimensions': [1, 1, 1], 'recursive_limit': 3, 'mass': -1, 'position': [0.0, 0.5, 0.0], 'joint_position': [0.0, 1.0, 0.0], 'joint_axis': '-0.7676 -0.3981  0.9033', 'connections': []}"



0,"{'dimensions': [1, 1, 1], 'recursive_limit': 4, 'mass': 1, 'position': [0, 0, 0.5], 'joint_position': [0, 0.5, 0.5], 'joint_axis': '-0.9644  0.4223  0.4805', 'connections': [1]}"
1,"{'dimensions': [1, 1, 1], 'recursive_limit': 3, 'mass': 1, 'position': [0.0, 0.5, 0.0], 'joint_position': [0.0, 1.0, 0.0], 'joint_axis': ' 0.9782 -0.429  -0.8797', 'connections': [2]}"
2,"{'dimensions': [1, 1, 1], 'recursive_limit': 2, 'mass': 1, 'position': [0.0, 0.5, 0.0], 'joint_position': [0.0, 1.0, 0.0], 'joint_axis': '-0.3476  0.5084 -0.0076', 'connections': []}"

0,"{'dimensions': [1, 1, 1], 'recursive_limit': 4, 'mass': 1, 'position': [0, 0, 0.5], 'joint_position': [0, 0.5, 0.5], 'joint_axis': '-0.8703 -0.3374 -0.8206', 'connections': [1]}"
1,"{'dimensions': [1, 1, 1], 'recursive_limit': 3, 'mass': 1, 'position': [0.0, 0.5, 0.0], 'joint_position': [0.0, 1.0, 0.0], 'joint_axis': '-0.0754 -0.0105 -0.1356', 'connections': [2]}"
2,"{'dimensions': [1, 1, 1], 'recursive_limit': 2, 'mass': 1, 'position': [0.0, 0.5, 0.0], 'joint_position': [0.0, 1.0, 0.0], 'joint_axis': '-0.7219  0.6896 -0.9789', 'connections': [3]}"
3,"{'dimensions': [1, 1, 1], 'recursive_limit': 1, 'mass': 1, 'position': [0.0, 0.5, 0.0], 'joint_position': [0.0, 1.0, 0.0], 'joint_axis': '-0.4416  0.2485  0.8534', 'connections': []}"

0,"{'dimensions': [1, 1, 1], 'recursive_limit': 4, 'mass': 1, 'position': [0, 0, 0.5], 'joint_position': [0, 0.5, 0.5], 'joint_axis': ' 0.0619  0.4398 -0.4787', 'connections': [1]}"
1,"{'dimensions': [1, 1, 1], 'recursive_limit': 3, 'mass': 1, 'position': [0.0, 0.5, 0.0], 'joint_position': [0.0, 1.0, 0.0], 'joint_axis': '-0.5147  0.8837 -0.1516', 'connections': [2]}"
2,"{'dimensions': [1, 1, 1], 'recursive_limit': 2, 'mass': 1, 'position': [0.0, 0.5, 0.0], 'joint_position': [0.0, 1.0, 0.0], 'joint_axis': '-0.7831 -0.2527 -0.1188', 'connections': []}"

0,"{'dimensions': [1, 1, 1], 'recursive_limit': 4, 'mass': 1, 'position': [0, 0, 0.5], 'joint_position': [0, 0.5, 0.5], 'joint_axis': '0.4321 0.8185 0.164 ', 'connections': [1]}"
1,"{'dimensions': [1, 1, 1], 'recursive_limit': 3, 'mass': 1, 'position': [0.0, 0.5, 0.0], 'joint_position': [0.0, 1.0, 0.0], 'joint_axis': '-0.8795  0.098  -0.4716', 'connections': [2]}"
2,"{'dimensions': [1, 1, 1], 'recursive_limit': 2, 'mass': 1, 'position': [0.0, 0.5, 0.0], 'joint_position': [0.0, 1.0, 0.0], 'joint_axis': ' 0.4761 -0.9777  0.9766', 'connections': []}"

0,"{'dimensions': [1, 1, 1], 'recursive_limit': 4, 'mass': 1, 'position': [0, 0, 0.5], 'joint_position': [0, 0.5, 0.5], 'joint_axis': '0.3769 0.7493 0.3566', 'connections': [1]}"
1,"{'dimensions': [1, 1, 1], 'recursive_limit': 3, 'mass': -1, 'position': [0.0, 0.5, 0.0], 'joint_position': [0.0, 1.0, 0.0], 'joint_axis': '-0.7676 -0.3981  0.9033', 'connections': []}"



0,"{'dimensions': [1, 1, 1], 'recursive_limit': 4, 'mass': 1, 'position': [0, 0, 0.5], 'joint_position': [0, 0.5, 0.5], 'joint_axis': '-0.9644  0.4223  0.4805', 'connections': [1]}"
1,"{'dimensions': [1, 1, 1], 'recursive_limit': 3, 'mass': 1, 'position': [0.0, 0.5, 0.0], 'joint_position': [0.0, 1.0, 0.0], 'joint_axis': ' 0.9782 -0.429  -0.8797', 'connections': [2]}"
2,"{'dimensions': [1, 1, 1], 'recursive_limit': 2, 'mass': 1, 'position': [0.0, 0.5, 0.0], 'joint_position': [0.0, 1.0, 0.0], 'joint_axis': '-0.3476  0.5084 -0.0076', 'connections': []}"

0,"{'dimensions': [1, 1, 1], 'recursive_limit': 4, 'mass': 1, 'position': [0, 0, 0.5], 'joint_position': [0, 0.5, 0.5], 'joint_axis': '-0.8703 -0.3374 -0.8206', 'connections': [1]}"
1,"{'dimensions': [1, 1, 1], 'recursive_limit': 3, 'mass': 1, 'position': [0.0, 0.5, 0.0], 'joint_position': [0.0, 1.0, 0.0], 'joint_axis': '-0.0754 -0.0105 -0.1356', 'connections': [2]}"
2,"{'dimensions': [1, 1, 1], 'recursive_limit': 2, 'mass': 1, 'position': [0.0, 0.5, 0.0], 'joint_position': [0.0, 1.0, 0.0], 'joint_axis': '-0.7219  0.6896 -0.9789', 'connections': [3]}"
3,"{'dimensions': [1, 1, 1], 'recursive_limit': 1, 'mass': 1, 'position': [0.0, 0.5, 0.0], 'joint_position': [0.0, 1.0, 0.0], 'joint_axis': '-0.4416  0.2485  0.8534', 'connections': []}"

0,"{'dimensions': [1, 1, 1], 'recursive_limit': 4, 'mass': 1, 'position': [0, 0, 0.5], 'joint_position': [0, 0.5, 0.5], 'joint_axis': ' 0.0619  0.4398 -0.4787', 'connections': [1]}"
1,"{'dimensions': [1, 1, 1], 'recursive_limit': 3, 'mass': 1, 'position': [0.0, 0.5, 0.0], 'joint_position': [0.0, 1.0, 0.0], 'joint_axis': '-0.5147  0.8837 -0.1516', 'connections': [2]}"
2,"{'dimensions': [1, 1, 1], 'recursive_limit': 2, 'mass': 1, 'position': [0.0, 0.5, 0.0], 'joint_position': [0.0, 1.0, 0.0], 'joint_axis': '-0.7831 -0.2527 -0.1188', 'connections': []}"

0,"{'dimensions': [1, 1, 1], 'recursive_limit': 4, 'mass': 1, 'position': [0, 0, 0.5], 'joint_position': [0, 0.5, 0.5], 'joint_axis': '0.4321 0.8185 0.164 ', 'connections': [1]}"
1,"{'dimensions': [1, 1, 1], 'recursive_limit': 3, 'mass': 1, 'position': [0.0, 0.5, 0.0], 'joint_position': [0.0, 1.0, 0.0], 'joint_axis': '-0.8795  0.098  -0.4716', 'connections': [2]}"
2,"{'dimensions': [1, 1, 1], 'recursive_limit': 2, 'mass': 1, 'position': [0.0, 0.5, 0.0], 'joint_position': [0.0, 1.0, 0.0], 'joint_axis': ' 0.4761 -0.9777  0.9766', 'connections': []}"

0,"{'dimensions': [1, 1, 1], 'recursive_limit': 4, 'mass': 1, 'position': [0, 0, 0.5], 'joint_position': [0, 0.5, 0.5], 'joint_axis': '0.3769 0.7493 0.3566', 'connections': [1]}"
1,"{'dimensions': [1, 1, 1], 'recursive_limit': 3, 'mass': -1, 'position': [0.0, 0.5, 0.0], 'joint_position': [0.0, 1.0, 0.0], 'joint_axis': '-0.7676 -0.3981  0.9033', 'connections': []}"



0,"{'dimensions': [1, 1, 1], 'recursive_limit': 4, 'mass': 1, 'position': [0, 0, 0.5], 'joint_position': [0, 0.5, 0.5], 'joint_axis': '-0.9644  0.4223  0.4805', 'connections': [1]}"
1,"{'dimensions': [1, 1, 1], 'recursive_limit': 3, 'mass': 1, 'position': [0.0, 0.5, 0.0], 'joint_position': [0.0, 1.0, 0.0], 'joint_axis': ' 0.9782 -0.429  -0.8797', 'connections': [2]}"
2,"{'dimensions': [1, 1, 1], 'recursive_limit': 2, 'mass': 1, 'position': [0.0, 0.5, 0.0], 'joint_position': [0.0, 1.0, 0.0], 'joint_axis': '-0.3476  0.5084 -0.0076', 'connections': []}"

0,"{'dimensions': [1, 1, 1], 'recursive_limit': 4, 'mass': 1, 'position': [0, 0, 0.5], 'joint_position': [0, 0.5, 0.5], 'joint_axis': '-0.8703 -0.3374 -0.8206', 'connections': [1]}"
1,"{'dimensions': [1, 1, 1], 'recursive_limit': 3, 'mass': 1, 'position': [0.0, 0.5, 0.0], 'joint_position': [0.0, 1.0, 0.0], 'joint_axis': '-0.0754 -0.0105 -0.1356', 'connections': [2]}"
2,"{'dimensions': [1, 1, 1], 'recursive_limit': 2, 'mass': 1, 'position': [0.0, 0.5, 0.0], 'joint_position': [0.0, 1.0, 0.0], 'joint_axis': '-0.7219  0.6896 -0.9789', 'connections': [3]}"
3,"{'dimensions': [1, 1, 1], 'recursive_limit': 1, 'mass': 1, 'position': [0.0, 0.5, 0.0], 'joint_position': [0.0, 1.0, 0.0], 'joint_axis': '-0.4416  0.2485  0.8534', 'connections': []}"

0,"{'dimensions': [1, 1, 1], 'recursive_limit': 4, 'mass': 1, 'position': [0, 0, 0.5], 'joint_position': [0, 0.5, 0.5], 'joint_axis': ' 0.0619  0.4398 -0.4787', 'connections': [1]}"
1,"{'dimensions': [1, 1, 1], 'recursive_limit': 3, 'mass': 1, 'position': [0.0, 0.5, 0.0], 'joint_position': [0.0, 1.0, 0.0], 'joint_axis': '-0.5147  0.8837 -0.1516', 'connections': [2]}"
2,"{'dimensions': [1, 1, 1], 'recursive_limit': 2, 'mass': 1, 'position': [0.0, 0.5, 0.0], 'joint_position': [0.0, 1.0, 0.0], 'joint_axis': '-0.7831 -0.2527 -0.1188', 'connections': []}"

0,"{'dimensions': [1, 1, 1], 'recursive_limit': 4, 'mass': 1, 'position': [0, 0, 0.5], 'joint_position': [0, 0.5, 0.5], 'joint_axis': '0.4321 0.8185 0.164 ', 'connections': [1]}"
1,"{'dimensions': [1, 1, 1], 'recursive_limit': 3, 'mass': 1, 'position': [0.0, 0.5, 0.0], 'joint_position': [0.0, 1.0, 0.0], 'joint_axis': '-0.8795  0.098  -0.4716', 'connections': [2]}"
2,"{'dimensions': [1, 1, 1], 'recursive_limit': 2, 'mass': 1, 'position': [0.0, 0.5, 0.0], 'joint_position': [0.0, 1.0, 0.0], 'joint_axis': ' 0.4761 -0.9777  0.9766', 'connections': []}"

0,"{'dimensions': [1, 1, 1], 'recursive_limit': 4, 'mass': 1, 'position': [0, 0, 0.5], 'joint_position': [0, 0.5, 0.5], 'joint_axis': '0.3769 0.7493 0.3566', 'connections': [1]}"
1,"{'dimensions': [1, 1, 1], 'recursive_limit': 3, 'mass': -1, 'position': [0.0, 0.5, 0.0], 'joint_position': [0.0, 1.0, 0.0], 'joint_axis': '-0.7676 -0.3981  0.9033', 'connections': []}"



0,"{'dimensions': [1, 1, 1], 'recursive_limit': 4, 'mass': 1, 'position': [0, 0, 0.5], 'joint_position': [0, 0.5, 0.5], 'joint_axis': '-0.9644  0.4223  0.4805', 'connections': [1]}"
1,"{'dimensions': [1, 1, 1], 'recursive_limit': 3, 'mass': 1, 'position': [0.0, 0.5, 0.0], 'joint_position': [0.0, 1.0, 0.0], 'joint_axis': ' 0.9782 -0.429  -0.8797', 'connections': [2]}"
2,"{'dimensions': [1, 1, 1], 'recursive_limit': 2, 'mass': 1, 'position': [0.0, 0.5, 0.0], 'joint_position': [0.0, 1.0, 0.0], 'joint_axis': '-0.3476  0.5084 -0.0076', 'connections': []}"

0,"{'dimensions': [1, 1, 1], 'recursive_limit': 4, 'mass': 1, 'position': [0, 0, 0.5], 'joint_position': [0, 0.5, 0.5], 'joint_axis': '-0.8703 -0.3374 -0.8206', 'connections': [1]}"
1,"{'dimensions': [1, 1, 1], 'recursive_limit': 3, 'mass': 1, 'position': [0.0, 0.5, 0.0], 'joint_position': [0.0, 1.0, 0.0], 'joint_axis': '-0.0754 -0.0105 -0.1356', 'connections': [2]}"
2,"{'dimensions': [1, 1, 1], 'recursive_limit': 2, 'mass': 1, 'position': [0.0, 0.5, 0.0], 'joint_position': [0.0, 1.0, 0.0], 'joint_axis': '-0.7219  0.6896 -0.9789', 'connections': [3]}"
3,"{'dimensions': [1, 1, 1], 'recursive_limit': 1, 'mass': 1, 'position': [0.0, 0.5, 0.0], 'joint_position': [0.0, 1.0, 0.0], 'joint_axis': '-0.4416  0.2485  0.8534', 'connections': []}"

0,"{'dimensions': [1, 1, 1], 'recursive_limit': 4, 'mass': 1, 'position': [0, 0, 0.5], 'joint_position': [0, 0.5, 0.5], 'joint_axis': ' 0.0619  0.4398 -0.4787', 'connections': [1]}"
1,"{'dimensions': [1, 1, 1], 'recursive_limit': 3, 'mass': 1, 'position': [0.0, 0.5, 0.0], 'joint_position': [0.0, 1.0, 0.0], 'joint_axis': '-0.5147  0.8837 -0.1516', 'connections': [2]}"
2,"{'dimensions': [1, 1, 1], 'recursive_limit': 2, 'mass': 1, 'position': [0.0, 0.5, 0.0], 'joint_position': [0.0, 1.0, 0.0], 'joint_axis': '-0.7831 -0.2527 -0.1188', 'connections': []}"

0,"{'dimensions': [1, 1, 1], 'recursive_limit': 4, 'mass': 1, 'position': [0, 0, 0.5], 'joint_position': [0, 0.5, 0.5], 'joint_axis': '0.4321 0.8185 0.164 ', 'connections': [1]}"
1,"{'dimensions': [1, 1, 1], 'recursive_limit': 3, 'mass': 1, 'position': [0.0, 0.5, 0.0], 'joint_position': [0.0, 1.0, 0.0], 'joint_axis': '-0.8795  0.098  -0.4716', 'connections': [2]}"
2,"{'dimensions': [1, 1, 1], 'recursive_limit': 2, 'mass': 1, 'position': [0.0, 0.5, 0.0], 'joint_position': [0.0, 1.0, 0.0], 'joint_axis': ' 0.4761 -0.9777  0.9766', 'connections': []}"

0,"{'dimensions': [1, 1, 1], 'recursive_limit': 4, 'mass': 1, 'position': [0, 0, 0.5], 'joint_position': [0, 0.5, 0.5], 'joint_axis': '0.3769 0.7493 0.3566', 'connections': [1]}"
1,"{'dimensions': [1, 1, 1], 'recursive_limit': 3, 'mass': -1, 'position': [0.0, 0.5, 0.0], 'joint_position': [0.0, 1.0, 0.0], 'joint_axis': '-0.7676 -0.3981  0.9033', 'connections': []}"



0,"{'dimensions': [1, 1, 1], 'recursive_limit': 4, 'mass': 1, 'position': [0, 0, 0.5], 'joint_position': [0, 0.5, 0.5], 'joint_axis': '-0.9644  0.4223  0.4805', 'connections': [1]}"
1,"{'dimensions': [1, 1, 1], 'recursive_limit': 3, 'mass': 1, 'position': [0.0, 0.5, 0.0], 'joint_position': [0.0, 1.0, 0.0], 'joint_axis': ' 0.9782 -0.429  -0.8797', 'connections': [2]}"
2,"{'dimensions': [1, 1, 1], 'recursive_limit': 2, 'mass': 1, 'position': [0.0, 0.5, 0.0], 'joint_position': [0.0, 1.0, 0.0], 'joint_axis': '-0.3476  0.5084 -0.0076', 'connections': []}"

0,"{'dimensions': [1, 1, 1], 'recursive_limit': 4, 'mass': 1, 'position': [0, 0, 0.5], 'joint_position': [0, 0.5, 0.5], 'joint_axis': '-0.8703 -0.3374 -0.8206', 'connections': [1]}"
1,"{'dimensions': [1, 1, 1], 'recursive_limit': 3, 'mass': 1, 'position': [0.0, 0.5, 0.0], 'joint_position': [0.0, 1.0, 0.0], 'joint_axis': '-0.0754 -0.0105 -0.1356', 'connections': [2]}"
2,"{'dimensions': [1, 1, 1], 'recursive_limit': 2, 'mass': 1, 'position': [0.0, 0.5, 0.0], 'joint_position': [0.0, 1.0, 0.0], 'joint_axis': '-0.7219  0.6896 -0.9789', 'connections': [3]}"
3,"{'dimensions': [1, 1, 1], 'recursive_limit': 1, 'mass': 1, 'position': [0.0, 0.5, 0.0], 'joint_position': [0.0, 1.0, 0.0], 'joint_axis': '-0.4416  0.2485  0.8534', 'connections': []}"

0,"{'dimensions': [1, 1, 1], 'recursive_limit': 4, 'mass': 1, 'position': [0, 0, 0.5], 'joint_position': [0, 0.5, 0.5], 'joint_axis': ' 0.0619  0.4398 -0.4787', 'connections': [1]}"
1,"{'dimensions': [1, 1, 1], 'recursive_limit': 3, 'mass': 1, 'position': [0.0, 0.5, 0.0], 'joint_position': [0.0, 1.0, 0.0], 'joint_axis': '-0.5147  0.8837 -0.1516', 'connections': [2]}"
2,"{'dimensions': [1, 1, 1], 'recursive_limit': 2, 'mass': 1, 'position': [0.0, 0.5, 0.0], 'joint_position': [0.0, 1.0, 0.0], 'joint_axis': '-0.7831 -0.2527 -0.1188', 'connections': []}"

0,"{'dimensions': [1, 1, 1], 'recursive_limit': 4, 'mass': 1, 'position': [0, 0, 0.5], 'joint_position': [0, 0.5, 0.5], 'joint_axis': '0.4321 0.8185 0.164 ', 'connections': [1]}"
1,"{'dimensions': [1, 1, 1], 'recursive_limit': 3, 'mass': 1, 'position': [0.0, 0.5, 0.0], 'joint_position': [0.0, 1.0, 0.0], 'joint_axis': '-0.8795  0.098  -0.4716', 'connections': [2]}"
2,"{'dimensions': [1, 1, 1], 'recursive_limit': 2, 'mass': 1, 'position': [0.0, 0.5, 0.0], 'joint_position': [0.0, 1.0, 0.0], 'joint_axis': ' 0.4761 -0.9777  0.9766', 'connections': []}"

0,"{'dimensions': [1, 1, 1], 'recursive_limit': 4, 'mass': 1, 'position': [0, 0, 0.5], 'joint_position': [0, 0.5, 0.5], 'joint_axis': '0.3769 0.7493 0.3566', 'connections': [1]}"
1,"{'dimensions': [1, 1, 1], 'recursive_limit': 3, 'mass': -1, 'position': [0.0, 0.5, 0.0], 'joint_position': [0.0, 1.0, 0.0], 'joint_axis': '-0.7676 -0.3981  0.9033', 'connections': []}"



0,"{'dimensions': [1, 1, 1], 'recursive_limit': 4, 'mass': 1, 'position': [0, 0, 0.5], 'joint_position': [0, 0.5, 0.5], 'joint_axis': '-0.9644  0.4223  0.4805', 'connections': [1]}"
1,"{'dimensions': [1, 1, 1], 'recursive_limit': 3, 'mass': 1, 'position': [0.0, 0.5, 0.0], 'joint_position': [0.0, 1.0, 0.0], 'joint_axis': ' 0.9782 -0.429  -0.8797', 'connections': [2]}"
2,"{'dimensions': [1, 1, 1], 'recursive_limit': 2, 'mass': 1, 'position': [0.0, 0.5, 0.0], 'joint_position': [0.0, 1.0, 0.0], 'joint_axis': '-0.3476  0.5084 -0.0076', 'connections': []}"

0,"{'dimensions': [1, 1, 1], 'recursive_limit': 4, 'mass': 1, 'position': [0, 0, 0.5], 'joint_position': [0, 0.5, 0.5], 'joint_axis': '-0.8703 -0.3374 -0.8206', 'connections': [1]}"
1,"{'dimensions': [1, 1, 1], 'recursive_limit': 3, 'mass': 1, 'position': [0.0, 0.5, 0.0], 'joint_position': [0.0, 1.0, 0.0], 'joint_axis': '-0.0754 -0.0105 -0.1356', 'connections': [2]}"
2,"{'dimensions': [1, 1, 1], 'recursive_limit': 2, 'mass': 1, 'position': [0.0, 0.5, 0.0], 'joint_position': [0.0, 1.0, 0.0], 'joint_axis': '-0.7219  0.6896 -0.9789', 'connections': [3]}"
3,"{'dimensions': [1, 1, 1], 'recursive_limit': 1, 'mass': 1, 'position': [0.0, 0.5, 0.0], 'joint_position': [0.0, 1.0, 0.0], 'joint_axis': '-0.4416  0.2485  0.8534', 'connections': []}"

0,"{'dimensions': [1, 1, 1], 'recursive_limit': 4, 'mass': 1, 'position': [0, 0, 0.5], 'joint_position': [0, 0.5, 0.5], 'joint_axis': ' 0.0619  0.4398 -0.4787', 'connections': [1]}"
1,"{'dimensions': [1, 1, 1], 'recursive_limit': 3, 'mass': 1, 'position': [0.0, 0.5, 0.0], 'joint_position': [0.0, 1.0, 0.0], 'joint_axis': '-0.5147  0.8837 -0.1516', 'connections': [2]}"
2,"{'dimensions': [1, 1, 1], 'recursive_limit': 2, 'mass': 1, 'position': [0.0, 0.5, 0.0], 'joint_position': [0.0, 1.0, 0.0], 'joint_axis': '-0.7831 -0.2527 -0.1188', 'connections': []}"

0,"{'dimensions': [1, 1, 1], 'recursive_limit': 4, 'mass': 1, 'position': [0, 0, 0.5], 'joint_position': [0, 0.5, 0.5], 'joint_axis': '0.4321 0.8185 0.164 ', 'connections': [1]}"
1,"{'dimensions': [1, 1, 1], 'recursive_limit': 3, 'mass': 1, 'position': [0.0, 0.5, 0.0], 'joint_position': [0.0, 1.0, 0.0], 'joint_axis': '-0.8795  0.098  -0.4716', 'connections': [2]}"
2,"{'dimensions': [1, 1, 1], 'recursive_limit': 2, 'mass': 1, 'position': [0.0, 0.5, 0.0], 'joint_position': [0.0, 1.0, 0.0], 'joint_axis': ' 0.4761 -0.9777  0.9766', 'connections': []}"

0,"{'dimensions': [1, 1, 1], 'recursive_limit': 4, 'mass': 1, 'position': [0, 0, 0.5], 'joint_position': [0, 0.5, 0.5], 'joint_axis': '0.3769 0.7493 0.3566', 'connections': [1]}"
1,"{'dimensions': [1, 1, 1], 'recursive_limit': 3, 'mass': -1, 'position': [0.0, 0.5, 0.0], 'joint_position': [0.0, 1.0, 0.0], 'joint_axis': '-0.7676 -0.3981  0.9033', 'connections': []}"



0,"{'dimensions': [1, 1, 1], 'recursive_limit': 4, 'mass': 1, 'position': [0, 0, 0.5], 'joint_position': [0, 0.5, 0.5], 'joint_axis': '-0.9644  0.4223  0.4805', 'connections': [1]}"
1,"{'dimensions': [1, 1, 1], 'recursive_limit': 3, 'mass': 1, 'position': [0.0, 0.5, 0.0], 'joint_position': [0.0, 1.0, 0.0], 'joint_axis': ' 0.9782 -0.429  -0.8797', 'connections': [2]}"
2,"{'dimensions': [1, 1, 1], 'recursive_limit': 2, 'mass': 1, 'position': [0.0, 0.5, 0.0], 'joint_position': [0.0, 1.0, 0.0], 'joint_axis': '-0.3476  0.5084 -0.0076', 'connections': []}"

0,"{'dimensions': [1, 1, 1], 'recursive_limit': 4, 'mass': 1, 'position': [0, 0, 0.5], 'joint_position': [0, 0.5, 0.5], 'joint_axis': '-0.8703 -0.3374 -0.8206', 'connections': [1]}"
1,"{'dimensions': [1, 1, 1], 'recursive_limit': 3, 'mass': 1, 'position': [0.0, 0.5, 0.0], 'joint_position': [0.0, 1.0, 0.0], 'joint_axis': '-0.0754 -0.0105 -0.1356', 'connections': [2]}"
2,"{'dimensions': [1, 1, 1], 'recursive_limit': 2, 'mass': 1, 'position': [0.0, 0.5, 0.0], 'joint_position': [0.0, 1.0, 0.0], 'joint_axis': '-0.7219  0.6896 -0.9789', 'connections': [3]}"
3,"{'dimensions': [1, 1, 1], 'recursive_limit': 1, 'mass': 1, 'position': [0.0, 0.5, 0.0], 'joint_position': [0.0, 1.0, 0.0], 'joint_axis': '-0.4416  0.2485  0.8534', 'connections': []}"

0,"{'dimensions': [1, 1, 1], 'recursive_limit': 4, 'mass': 1, 'position': [0, 0, 0.5], 'joint_position': [0, 0.5, 0.5], 'joint_axis': ' 0.0619  0.4398 -0.4787', 'connections': [1]}"
1,"{'dimensions': [1, 1, 1], 'recursive_limit': 3, 'mass': 1, 'position': [0.0, 0.5, 0.0], 'joint_position': [0.0, 1.0, 0.0], 'joint_axis': '-0.5147  0.8837 -0.1516', 'connections': [2]}"
2,"{'dimensions': [1, 1, 1], 'recursive_limit': 2, 'mass': 1, 'position': [0.0, 0.5, 0.0], 'joint_position': [0.0, 1.0, 0.0], 'joint_axis': '-0.7831 -0.2527 -0.1188', 'connections': []}"

0,"{'dimensions': [1, 1, 1], 'recursive_limit': 4, 'mass': 1, 'position': [0, 0, 0.5], 'joint_position': [0, 0.5, 0.5], 'joint_axis': '0.4321 0.8185 0.164 ', 'connections': [1]}"
1,"{'dimensions': [1, 1, 1], 'recursive_limit': 3, 'mass': 1, 'position': [0.0, 0.5, 0.0], 'joint_position': [0.0, 1.0, 0.0], 'joint_axis': '-0.8795  0.098  -0.4716', 'connections': [2]}"
2,"{'dimensions': [1, 1, 1], 'recursive_limit': 2, 'mass': 1, 'position': [0.0, 0.5, 0.0], 'joint_position': [0.0, 1.0, 0.0], 'joint_axis': ' 0.4761 -0.9777  0.9766', 'connections': []}"

0,"{'dimensions': [1, 1, 1], 'recursive_limit': 4, 'mass': 1, 'position': [0, 0, 0.5], 'joint_position': [0, 0.5, 0.5], 'joint_axis': '0.3769 0.7493 0.3566', 'connections': [1]}"
1,"{'dimensions': [1, 1, 1], 'recursive_limit': 3, 'mass': -1, 'position': [0.0, 0.5, 0.0], 'joint_position': [0.0, 1.0, 0.0], 'joint_axis': '-0.7676 -0.3981  0.9033', 'connections': []}"



0,"{'dimensions': [1, 1, 1], 'recursive_limit': 4, 'mass': 1, 'position': [0, 0, 0.5], 'joint_position': [0, 0.5, 0.5], 'joint_axis': '-0.9644  0.4223  0.4805', 'connections': [1]}"
1,"{'dimensions': [1, 1, 1], 'recursive_limit': 3, 'mass': 1, 'position': [0.0, 0.5, 0.0], 'joint_position': [0.0, 1.0, 0.0], 'joint_axis': ' 0.9782 -0.429  -0.8797', 'connections': [2]}"
2,"{'dimensions': [1, 1, 1], 'recursive_limit': 2, 'mass': 1, 'position': [0.0, 0.5, 0.0], 'joint_position': [0.0, 1.0, 0.0], 'joint_axis': '-0.3476  0.5084 -0.0076', 'connections': []}"

0,"{'dimensions': [1, 1, 1], 'recursive_limit': 4, 'mass': 1, 'position': [0, 0, 0.5], 'joint_position': [0, 0.5, 0.5], 'joint_axis': '-0.8703 -0.3374 -0.8206', 'connections': [1]}"
1,"{'dimensions': [1, 1, 1], 'recursive_limit': 3, 'mass': 1, 'position': [0.0, 0.5, 0.0], 'joint_position': [0.0, 1.0, 0.0], 'joint_axis': '-0.0754 -0.0105 -0.1356', 'connections': [2]}"
2,"{'dimensions': [1, 1, 1], 'recursive_limit': 2, 'mass': 1, 'position': [0.0, 0.5, 0.0], 'joint_position': [0.0, 1.0, 0.0], 'joint_axis': '-0.7219  0.6896 -0.9789', 'connections': [3]}"
3,"{'dimensions': [1, 1, 1], 'recursive_limit': 1, 'mass': 1, 'position': [0.0, 0.5, 0.0], 'joint_position': [0.0, 1.0, 0.0], 'joint_axis': '-0.4416  0.2485  0.8534', 'connections': []}"

0,"{'dimensions': [1, 1, 1], 'recursive_limit': 4, 'mass': 1, 'position': [0, 0, 0.5], 'joint_position': [0, 0.5, 0.5], 'joint_axis': ' 0.0619  0.4398 -0.4787', 'connections': [1]}"
1,"{'dimensions': [1, 1, 1], 'recursive_limit': 3, 'mass': 1, 'position': [0.0, 0.5, 0.0], 'joint_position': [0.0, 1.0, 0.0], 'joint_axis': '-0.5147  0.8837 -0.1516', 'connections': [2]}"
2,"{'dimensions': [1, 1, 1], 'recursive_limit': 2, 'mass': 1, 'position': [0.0, 0.5, 0.0], 'joint_position': [0.0, 1.0, 0.0], 'joint_axis': '-0.7831 -0.2527 -0.1188', 'connections': []}"

0,"{'dimensions': [1, 1, 1], 'recursive_limit': 4, 'mass': 1, 'position': [0, 0, 0.5], 'joint_position': [0, 0.5, 0.5], 'joint_axis': '0.4321 0.8185 0.164 ', 'connections': [1]}"
1,"{'dimensions': [1, 1, 1], 'recursive_limit': 3, 'mass': 1, 'position': [0.0, 0.5, 0.0], 'joint_position': [0.0, 1.0, 0.0], 'joint_axis': '-0.8795  0.098  -0.4716', 'connections': [2]}"
2,"{'dimensions': [1, 1, 1], 'recursive_limit': 2, 'mass': 1, 'position': [0.0, 0.5, 0.0], 'joint_position': [0.0, 1.0, 0.0], 'joint_axis': ' 0.4761 -0.9777  0.9766', 'connections': []}"

0,"{'dimensions': [1, 1, 1], 'recursive_limit': 4, 'mass': 1, 'position': [0, 0, 0.5], 'joint_position': [0, 0.5, 0.5], 'joint_axis': '0.3769 0.7493 0.3566', 'connections': [1]}"
1,"{'dimensions': [1, 1, 1], 'recursive_limit': 3, 'mass': -1, 'position': [0.0, 0.5, 0.0], 'joint_position': [0.0, 1.0, 0.0], 'joint_axis': '-0.7676 -0.3981  0.9033', 'connections': []}"



