0,"{'dimensions': [1, 1, 1], 'recursive_limit': 4, 'mass': 1, 'position': [0, 0, 0.5], 'joint_position': [0, 0.5, 0.5], 'joint_axis': ' 0.1108  0.416  -0.2188', 'connections': [1]}"
1,"{'dimensions': [1, 1, 1], 'recursive_limit': 3, 'mass': 1, 'position': [0.0, 0.5, 0.0], 'joint_position': [0.0, 1.0, 0.0], 'joint_axis': ' 0.4115 -0.7094 -0.936 ', 'connections': [2]}"
2,"{'dimensions': [1, 1, 1], 'recursive_limit': 2, 'mass': 1, 'position': [0.0, 0.5, 0.0], 'joint_position': [0.0, 1.0, 0.0], 'joint_axis': ' 0.1743  0.1105 -0.3615', 'connections': [3]}"
3,"{'dimensions': [1, 1, 1], 'recursive_limit': 1, 'mass': 1, 'position': [0.0, 0.5, 0.0], 'joint_position': [0.0, 1.0, 0.0], 'joint_axis': ' 0.1434 -0.5883 -0.2614', 'connections': []}"

0,"{'dimensions': [1, 1, 1], 'recursive_limit': 4, 'mass': 1, 'position': [0, 0, 0.5], 'joint_position': [0, 0.5, 0.5], 'joint_axis': '-0.386  -0.8455  0.4156', 'connections': [1]}"
1,"{'dimensions': [1, 1, 1], 'recursive_limit': 3, 'mass': 1, 'position': [0.0, 0.5, 0.0], 'joint_position': [0.0, 1.0, 0.0], 'joint_axis': ' 0.36    0.7428 -0.7968', 'connections': [2]}"
2,"{'dimensions': [1, 1, 1], 'recursive_limit': 2, 'mass': 1, 'position': [0.0, 0.5, 0.0], 'joint_position': [0.0, 1.0, 0.0], 'joint_axis': '-0.4533  0.117  -0.9376', 'connections': [3]}"
3,"{'dimensions': [1, 1, 1], 'recursive_limit': 1, 'mass': 1, 'position': [0.0, 0.5, 0.0], 'joint_position': [0.0, 1.0, 0.0], 'joint_axis': '0.9402 0.9216 0.6575', 'connections': []}"

0,"{'dimensions': [1, 1, 1], 'recursive_limit': 4, 'mass': 1, 'position': [0, 0, 0.5], 'joint_position': [0, 0.5, 0.5], 'joint_axis': '0.4747 0.1185 0.8172', 'connections': [1]}"
1,"{'dimensions': [1, 1, 1], 'recursive_limit': 3, 'mass': 1, 'position': [0.0, 0.5, 0.0], 'joint_position': [0.0, 1.0, 0.0], 'joint_axis': ' 0.8879 -0.6893  0.6099', 'connections': [2]}"
2,"{'dimensions': [1, 1, 1], 'recursive_limit': 2, 'mass': 1, 'position': [0.0, 0.5, 0.0], 'joint_position': [0.0, 1.0, 0.0], 'joint_axis': '-0.4082 -0.176  -0.6701', 'connections': [3]}"
3,"{'dimensions': [1, 1, 1], 'recursive_limit': 1, 'mass': 1, 'position': [0.0, 0.5, 0.0], 'joint_position': [0.0, 1.0, 0.0], 'joint_axis': '0.7446 0.2525 0.8144', 'connections': []}"

0,"{'dimensions': [1, 1, 1], 'recursive_limit': 4, 'mass': 1, 'position': [0, 0, 0.5], 'joint_position': [0, 0.5, 0.5], 'joint_axis': '-0.4862  0.9122 -0.7562', 'connections': [1]}"
1,"{'dimensions': [1, 1, 1], 'recursive_limit': 3, 'mass': 1, 'position': [0.0, 0.5, 0.0], 'joint_position': [0.0, 1.0, 0.0], 'joint_axis': ' 0.6841 -0.824   0.9195', 'connections': [2]}"
2,"{'dimensions': [1, 1, 1], 'recursive_limit': 2, 'mass': 1, 'position': [0.0, 0.5, 0.0], 'joint_position': [0.0, 1.0, 0.0], 'joint_axis': '0.6251 0.868  0.2018', 'connections': [3]}"
3,"{'dimensions': [1, 1, 1], 'recursive_limit': 1, 'mass': 1, 'position': [0.0, 0.5, 0.0], 'joint_position': [0.0, 1.0, 0.0], 'joint_axis': ' 0.4144 -0.7394  0.8494', 'connections': []}"

0,"{'dimensions': [1, 1, 1], 'recursive_limit': 4, 'mass': 1, 'position': [0, 0, 0.5], 'joint_position': [0, 0.5, 0.5], 'joint_axis': ' 0.3443  0.5261 -0.5803', 'connections': [1]}"
1,"{'dimensions': [1, 1, 1], 'recursive_limit': 3, 'mass': 1, 'position': [0.0, 0.5, 0.0], 'joint_position': [0.0, 1.0, 0.0], 'joint_axis': '0.4511 0.6454 0.0728', 'connections': [2]}"
2,"{'dimensions': [1, 1, 1], 'recursive_limit': 2, 'mass': 1, 'position': [0.0, 0.5, 0.0], 'joint_position': [0.0, 1.0, 0.0], 'joint_axis': ' 0.4492 -0.667   0.5356', 'connections': [3]}"
3,"{'dimensions': [1, 1, 1], 'recursive_limit': 1, 'mass': 1, 'position': [0.0, 0.5, 0.0], 'joint_position': [0.0, 1.0, 0.0], 'joint_axis': '-0.7454  0.7185  0.9669', 'connections': []}"



0,"{'dimensions': [1, 1, 1], 'recursive_limit': 4, 'mass': 1, 'position': [0, 0, 0.5], 'joint_position': [0, 0.5, 0.5], 'joint_axis': ' 0.1108  0.416  -0.2188', 'connections': [1]}"
1,"{'dimensions': [1, 1, 1], 'recursive_limit': 3, 'mass': 1, 'position': [0.0, 0.5, 0.0], 'joint_position': [0.0, 1.0, 0.0], 'joint_axis': ' 0.4115 -0.7094 -0.936 ', 'connections': [2]}"
2,"{'dimensions': [1, 1, 1], 'recursive_limit': 2, 'mass': 1, 'position': [0.0, 0.5, 0.0], 'joint_position': [0.0, 1.0, 0.0], 'joint_axis': ' 0.1743  0.1105 -0.3615', 'connections': [3]}"
3,"{'dimensions': [1, 1, 1], 'recursive_limit': 1, 'mass': 1, 'position': [0.0, 0.5, 0.0], 'joint_position': [0.0, 1.0, 0.0], 'joint_axis': ' 0.1434 -0.5883 -0.2614', 'connections': []}"

0,"{'dimensions': [1, 1, 1], 'recursive_limit': 4, 'mass': 1, 'position': [0, 0, 0.5], 'joint_position': [0, 0.5, 0.5], 'joint_axis': '-0.386  -0.8455  0.4156', 'connections': [1]}"
1,"{'dimensions': [1, 1, 1], 'recursive_limit': 3, 'mass': 1, 'position': [0.0, 0.5, 0.0], 'joint_position': [0.0, 1.0, 0.0], 'joint_axis': ' 0.36    0.7428 -0.7968', 'connections': [2]}"
2,"{'dimensions': [1, 1, 1], 'recursive_limit': 2, 'mass': 1, 'position': [0.0, 0.5, 0.0], 'joint_position': [0.0, 1.0, 0.0], 'joint_axis': '-0.4533  0.117  -0.9376', 'connections': [3]}"
3,"{'dimensions': [1, 1, 1], 'recursive_limit': 1, 'mass': 1, 'position': [0.0, 0.5, 0.0], 'joint_position': [0.0, 1.0, 0.0], 'joint_axis': '0.9402 0.9216 0.6575', 'connections': []}"

0,"{'dimensions': [1, 1, 1], 'recursive_limit': 4, 'mass': 1, 'position': [0, 0, 0.5], 'joint_position': [0, 0.5, 0.5], 'joint_axis': '0.4747 0.1185 0.8172', 'connections': [1]}"
1,"{'dimensions': [1, 1, 1], 'recursive_limit': 3, 'mass': 1, 'position': [0.0, 0.5, 0.0], 'joint_position': [0.0, 1.0, 0.0], 'joint_axis': ' 0.8879 -0.6893  0.6099', 'connections': [2]}"
2,"{'dimensions': [1, 1, 1], 'recursive_limit': 2, 'mass': 1, 'position': [0.0, 0.5, 0.0], 'joint_position': [0.0, 1.0, 0.0], 'joint_axis': '-0.4082 -0.176  -0.6701', 'connections': [3]}"
3,"{'dimensions': [1, 1, 1], 'recursive_limit': 1, 'mass': 1, 'position': [0.0, 0.5, 0.0], 'joint_position': [0.0, 1.0, 0.0], 'joint_axis': '0.7446 0.2525 0.8144', 'connections': []}"

0,"{'dimensions': [1, 1, 1], 'recursive_limit': 4, 'mass': 1, 'position': [0, 0, 0.5], 'joint_position': [0, 0.5, 0.5], 'joint_axis': '-0.4862  0.9122 -0.7562', 'connections': [1]}"
1,"{'dimensions': [1, 1, 1], 'recursive_limit': 3, 'mass': 1, 'position': [0.0, 0.5, 0.0], 'joint_position': [0.0, 1.0, 0.0], 'joint_axis': ' 0.6841 -0.824   0.9195', 'connections': [2]}"
2,"{'dimensions': [1, 1, 1], 'recursive_limit': 2, 'mass': 1, 'position': [0.0, 0.5, 0.0], 'joint_position': [0.0, 1.0, 0.0], 'joint_axis': '0.6251 0.868  0.2018', 'connections': [3]}"
3,"{'dimensions': [1, 1, 1], 'recursive_limit': 1, 'mass': 1, 'position': [0.0, 0.5, 0.0], 'joint_position': [0.0, 1.0, 0.0], 'joint_axis': ' 0.4144 -0.7394  0.8494', 'connections': []}"

0,"{'dimensions': [1, 1, 1], 'recursive_limit': 4, 'mass': 1, 'position': [0, 0, 0.5], 'joint_position': [0, 0.5, 0.5], 'joint_axis': ' 0.3443  0.5261 -0.5803', 'connections': [1]}"
1,"{'dimensions': [1, 1, 1], 'recursive_limit': 3, 'mass': 1, 'position': [0.0, 0.5, 0.0], 'joint_position': [0.0, 1.0, 0.0], 'joint_axis': '0.4511 0.6454 0.0728', 'connections': [2]}"
2,"{'dimensions': [1, 1, 1], 'recursive_limit': 2, 'mass': 1, 'position': [0.0, 0.5, 0.0], 'joint_position': [0.0, 1.0, 0.0], 'joint_axis': ' 0.4492 -0.667   0.5356', 'connections': [3]}"
3,"{'dimensions': [1, 1, 1], 'recursive_limit': 1, 'mass': 1, 'position': [0.0, 0.5, 0.0], 'joint_position': [0.0, 1.0, 0.0], 'joint_axis': '-0.7454  0.7185  0.9669', 'connections': []}"



0,"{'dimensions': [1, 1, 1], 'recursive_limit': 4, 'mass': 1, 'position': [0, 0, 0.5], 'joint_position': [0, 0.5, 0.5], 'joint_axis': ' 0.1108  0.416  -0.2188', 'connections': [1]}"
1,"{'dimensions': [1, 1, 1], 'recursive_limit': 3, 'mass': 1, 'position': [0.0, 0.5, 0.0], 'joint_position': [0.0, 1.0, 0.0], 'joint_axis': ' 0.4115 -0.7094 -0.936 ', 'connections': [2]}"
2,"{'dimensions': [1, 1, 1], 'recursive_limit': 2, 'mass': 1, 'position': [0.0, 0.5, 0.0], 'joint_position': [0.0, 1.0, 0.0], 'joint_axis': ' 0.1743  0.1105 -0.3615', 'connections': []}"

0,"{'dimensions': [1, 1, 1], 'recursive_limit': 4, 'mass': 1, 'position': [0, 0, 0.5], 'joint_position': [0, 0.5, 0.5], 'joint_axis': '-0.386  -0.8455  0.4156', 'connections': [1]}"
1,"{'dimensions': [1, 1, 1], 'recursive_limit': 3, 'mass': 1, 'position': [0.0, 0.5, 0.0], 'joint_position': [0.0, 1.0, 0.0], 'joint_axis': ' 0.36    0.7428 -0.7968', 'connections': [2]}"
2,"{'dimensions': [1, 1, 1], 'recursive_limit': 2, 'mass': 1, 'position': [0.0, 0.5, 0.0], 'joint_position': [0.0, 1.0, 0.0], 'joint_axis': '-0.4533  0.117  -0.9376', 'connections': []}"

0,"{'dimensions': [1, 1, 1], 'recursive_limit': 4, 'mass': 1, 'position': [0, 0, 0.5], 'joint_position': [0, 0.5, 0.5], 'joint_axis': '0.4747 0.1185 0.8172', 'connections': [1]}"
1,"{'dimensions': [1, 1, 1], 'recursive_limit': 3, 'mass': 1, 'position': [0.0, 0.5, 0.0], 'joint_position': [0.0, 1.0, 0.0], 'joint_axis': ' 0.8879 -0.6893  0.6099', 'connections': [2]}"
2,"{'dimensions': [1, 1, 1], 'recursive_limit': 2, 'mass': 1, 'position': [0.0, 0.5, 0.0], 'joint_position': [0.0, 1.0, 0.0], 'joint_axis': '-0.4082 -0.176  -0.6701', 'connections': [3]}"
3,"{'dimensions': [1, 1, 1], 'recursive_limit': 1, 'mass': 1, 'position': [0.0, 0.5, 0.0], 'joint_position': [0.0, 1.0, 0.0], 'joint_axis': '0.7446 0.2525 0.8144', 'connections': []}"

0,"{'dimensions': [1, 1, 1], 'recursive_limit': 4, 'mass': 1, 'position': [0, 0, 0.5], 'joint_position': [0, 0.5, 0.5], 'joint_axis': '-0.4862  0.9122 -0.7562', 'connections': [1]}"
1,"{'dimensions': [1, 1, 1], 'recursive_limit': 3, 'mass': 1, 'position': [0.0, 0.5, 0.0], 'joint_position': [0.0, 1.0, 0.0], 'joint_axis': ' 0.6841 -0.824   0.9195', 'connections': [2]}"
2,"{'dimensions': [1, 1, 1], 'recursive_limit': 2, 'mass': 1, 'position': [0.0, 0.5, 0.0], 'joint_position': [0.0, 1.0, 0.0], 'joint_axis': '0.6251 0.868  0.2018', 'connections': []}"

0,"{'dimensions': [1, 1, 1], 'recursive_limit': 4, 'mass': 1, 'position': [0, 0, 0.5], 'joint_position': [0, 0.5, 0.5], 'joint_axis': ' 0.3443  0.5261 -0.5803', 'connections': [1]}"
1,"{'dimensions': [1, 1, 1], 'recursive_limit': 3, 'mass': 1, 'position': [0.0, 0.5, 0.0], 'joint_position': [0.0, 1.0, 0.0], 'joint_axis': '0.4511 0.6454 0.0728', 'connections': [2]}"
2,"{'dimensions': [1, 1, 1], 'recursive_limit': 2, 'mass': 1, 'position': [0.0, 0.5, 0.0], 'joint_position': [0.0, 1.0, 0.0], 'joint_axis': ' 0.4492 -0.667   0.5356', 'connections': []}"



0,"{'dimensions': [1, 1, 1], 'recursive_limit': 4, 'mass': 1, 'position': [0, 0, 0.5], 'joint_position': [0, 0.5, 0.5], 'joint_axis': ' 0.1108  0.416  -0.2188', 'connections': [1]}"
1,"{'dimensions': [1, 1, 1], 'recursive_limit': 3, 'mass': 1, 'position': [0.0, 0.5, 0.0], 'joint_position': [0.0, 1.0, 0.0], 'joint_axis': ' 0.4115 -0.7094 -0.936 ', 'connections': [2]}"
2,"{'dimensions': [1, 1, 1], 'recursive_limit': 2, 'mass': 1, 'position': [0.0, 0.5, 0.0], 'joint_position': [0.0, 1.0, 0.0], 'joint_axis': ' 0.1743  0.1105 -0.3615', 'connections': []}"

0,"{'dimensions': [1, 1, 1], 'recursive_limit': 4, 'mass': 1, 'position': [0, 0, 0.5], 'joint_position': [0, 0.5, 0.5], 'joint_axis': '-0.386  -0.8455  0.4156', 'connections': [1]}"
1,"{'dimensions': [1, 1, 1], 'recursive_limit': 3, 'mass': 1, 'position': [0.0, 0.5, 0.0], 'joint_position': [0.0, 1.0, 0.0], 'joint_axis': ' 0.36    0.7428 -0.7968', 'connections': [2]}"
2,"{'dimensions': [1, 1, 1], 'recursive_limit': 2, 'mass': 1, 'position': [0.0, 0.5, 0.0], 'joint_position': [0.0, 1.0, 0.0], 'joint_axis': '-0.4533  0.117  -0.9376', 'connections': []}"

0,"{'dimensions': [1, 1, 1], 'recursive_limit': 4, 'mass': 1, 'position': [0, 0, 0.5], 'joint_position': [0, 0.5, 0.5], 'joint_axis': '0.4747 0.1185 0.8172', 'connections': [1]}"
1,"{'dimensions': [1, 1, 1], 'recursive_limit': 3, 'mass': 1, 'position': [0.0, 0.5, 0.0], 'joint_position': [0.0, 1.0, 0.0], 'joint_axis': ' 0.8879 -0.6893  0.6099', 'connections': [2]}"
2,"{'dimensions': [1, 1, 1], 'recursive_limit': 2, 'mass': 1, 'position': [0.0, 0.5, 0.0], 'joint_position': [0.0, 1.0, 0.0], 'joint_axis': '-0.4082 -0.176  -0.6701', 'connections': [3]}"
3,"{'dimensions': [1, 1, 1], 'recursive_limit': 1, 'mass': 1, 'position': [0.0, 0.5, 0.0], 'joint_position': [0.0, 1.0, 0.0], 'joint_axis': '0.7446 0.2525 0.8144', 'connections': []}"

0,"{'dimensions': [1, 1, 1], 'recursive_limit': 4, 'mass': 1, 'position': [0, 0, 0.5], 'joint_position': [0, 0.5, 0.5], 'joint_axis': '-0.4862  0.9122 -0.7562', 'connections': [1]}"
1,"{'dimensions': [1, 1, 1], 'recursive_limit': 3, 'mass': 1, 'position': [0.0, 0.5, 0.0], 'joint_position': [0.0, 1.0, 0.0], 'joint_axis': ' 0.6841 -0.824   0.9195', 'connections': [2]}"
2,"{'dimensions': [1, 1, 1], 'recursive_limit': 2, 'mass': 1, 'position': [0.0, 0.5, 0.0], 'joint_position': [0.0, 1.0, 0.0], 'joint_axis': '0.6251 0.868  0.2018', 'connections': []}"

0,"{'dimensions': [1, 1, 1], 'recursive_limit': 4, 'mass': 1, 'position': [0, 0, 0.5], 'joint_position': [0, 0.5, 0.5], 'joint_axis': ' 0.3443  0.5261 -0.5803', 'connections': [1]}"
1,"{'dimensions': [1, 1, 1], 'recursive_limit': 3, 'mass': 1, 'position': [0.0, 0.5, 0.0], 'joint_position': [0.0, 1.0, 0.0], 'joint_axis': '0.4511 0.6454 0.0728', 'connections': []}"



0,"{'dimensions': [1, 1, 1], 'recursive_limit': 4, 'mass': 1, 'position': [0, 0, 0.5], 'joint_position': [0, 0.5, 0.5], 'joint_axis': ' 0.1108  0.416  -0.2188', 'connections': [1]}"
1,"{'dimensions': [1, 1, 1], 'recursive_limit': 3, 'mass': 1, 'position': [0.0, 0.5, 0.0], 'joint_position': [0.0, 1.0, 0.0], 'joint_axis': ' 0.4115 -0.7094 -0.936 ', 'connections': [2]}"
2,"{'dimensions': [1, 1, 1], 'recursive_limit': 2, 'mass': 1, 'position': [0.0, 0.5, 0.0], 'joint_position': [0.0, 1.0, 0.0], 'joint_axis': ' 0.1743  0.1105 -0.3615', 'connections': []}"

0,"{'dimensions': [1, 1, 1], 'recursive_limit': 4, 'mass': 1, 'position': [0, 0, 0.5], 'joint_position': [0, 0.5, 0.5], 'joint_axis': '-0.386  -0.8455  0.4156', 'connections': [1]}"
1,"{'dimensions': [1, 1, 1], 'recursive_limit': 3, 'mass': 1, 'position': [0.0, 0.5, 0.0], 'joint_position': [0.0, 1.0, 0.0], 'joint_axis': ' 0.36    0.7428 -0.7968', 'connections': [2]}"
2,"{'dimensions': [1, 1, 1], 'recursive_limit': 2, 'mass': 1, 'position': [0.0, 0.5, 0.0], 'joint_position': [0.0, 1.0, 0.0], 'joint_axis': '-0.4533  0.117  -0.9376', 'connections': []}"

0,"{'dimensions': [1, 1, 1], 'recursive_limit': 4, 'mass': 1, 'position': [0, 0, 0.5], 'joint_position': [0, 0.5, 0.5], 'joint_axis': '0.4747 0.1185 0.8172', 'connections': [1]}"
1,"{'dimensions': [1, 1, 1], 'recursive_limit': 3, 'mass': 1, 'position': [0.0, 0.5, 0.0], 'joint_position': [0.0, 1.0, 0.0], 'joint_axis': ' 0.8879 -0.6893  0.6099', 'connections': [2]}"
2,"{'dimensions': [1, 1, 1], 'recursive_limit': 2, 'mass': 1, 'position': [0.0, 0.5, 0.0], 'joint_position': [0.0, 1.0, 0.0], 'joint_axis': '-0.4082 -0.176  -0.6701', 'connections': [3]}"
3,"{'dimensions': [1, 1, 1], 'recursive_limit': 1, 'mass': 1, 'position': [0.0, 0.5, 0.0], 'joint_position': [0.0, 1.0, 0.0], 'joint_axis': '0.7446 0.2525 0.8144', 'connections': []}"

0,"{'dimensions': [1, 1, 1], 'recursive_limit': 4, 'mass': 1, 'position': [0, 0, 0.5], 'joint_position': [0, 0.5, 0.5], 'joint_axis': '-0.4862  0.9122 -0.7562', 'connections': [1]}"
1,"{'dimensions': [1, 1, 1], 'recursive_limit': 3, 'mass': 1, 'position': [0.0, 0.5, 0.0], 'joint_position': [0.0, 1.0, 0.0], 'joint_axis': ' 0.6841 -0.824   0.9195', 'connections': [2]}"
2,"{'dimensions': [1, 1, 1], 'recursive_limit': 2, 'mass': 1, 'position': [0.0, 0.5, 0.0], 'joint_position': [0.0, 1.0, 0.0], 'joint_axis': '0.6251 0.868  0.2018', 'connections': []}"

0,"{'dimensions': [1, 1, 1], 'recursive_limit': 4, 'mass': 1, 'position': [0, 0, 0.5], 'joint_position': [0, 0.5, 0.5], 'joint_axis': ' 0.3443  0.5261 -0.5803', 'connections': [1]}"
1,"{'dimensions': [1, 1, 1], 'recursive_limit': 3, 'mass': 1, 'position': [0.0, 0.5, 0.0], 'joint_position': [0.0, 1.0, 0.0], 'joint_axis': '0.4511 0.6454 0.0728', 'connections': []}"



0,"{'dimensions': [1, 1, 1], 'recursive_limit': 4, 'mass': 1, 'position': [0, 0, 0.5], 'joint_position': [0, 0.5, 0.5], 'joint_axis': ' 0.1108  0.416  -0.2188', 'connections': [1]}"
1,"{'dimensions': [1, 1, 1], 'recursive_limit': 3, 'mass': 1, 'position': [0.0, 0.5, 0.0], 'joint_position': [0.0, 1.0, 0.0], 'joint_axis': ' 0.4115 -0.7094 -0.936 ', 'connections': [2]}"
2,"{'dimensions': [1, 1, 1], 'recursive_limit': 2, 'mass': 1, 'position': [0.0, 0.5, 0.0], 'joint_position': [0.0, 1.0, 0.0], 'joint_axis': ' 0.1743  0.1105 -0.3615', 'connections': []}"

0,"{'dimensions': [1, 1, 1], 'recursive_limit': 4, 'mass': 1, 'position': [0, 0, 0.5], 'joint_position': [0, 0.5, 0.5], 'joint_axis': '-0.386  -0.8455  0.4156', 'connections': [1]}"
1,"{'dimensions': [1, 1, 1], 'recursive_limit': 3, 'mass': 1, 'position': [0.0, 0.5, 0.0], 'joint_position': [0.0, 1.0, 0.0], 'joint_axis': ' 0.36    0.7428 -0.7968', 'connections': [2]}"
2,"{'dimensions': [1, 1, 1], 'recursive_limit': 2, 'mass': 1, 'position': [0.0, 0.5, 0.0], 'joint_position': [0.0, 1.0, 0.0], 'joint_axis': '-0.4533  0.117  -0.9376', 'connections': []}"

0,"{'dimensions': [1, 1, 1], 'recursive_limit': 4, 'mass': 1, 'position': [0, 0, 0.5], 'joint_position': [0, 0.5, 0.5], 'joint_axis': '0.4747 0.1185 0.8172', 'connections': [1]}"
1,"{'dimensions': [1, 1, 1], 'recursive_limit': 3, 'mass': 1, 'position': [0.0, 0.5, 0.0], 'joint_position': [0.0, 1.0, 0.0], 'joint_axis': ' 0.8879 -0.6893  0.6099', 'connections': [2]}"
2,"{'dimensions': [1, 1, 1], 'recursive_limit': 2, 'mass': 1, 'position': [0.0, 0.5, 0.0], 'joint_position': [0.0, 1.0, 0.0], 'joint_axis': '-0.4082 -0.176  -0.6701', 'connections': [3]}"
3,"{'dimensions': [1, 1, 1], 'recursive_limit': 1, 'mass': 1, 'position': [0.0, 0.5, 0.0], 'joint_position': [0.0, 1.0, 0.0], 'joint_axis': '0.7446 0.2525 0.8144', 'connections': []}"

0,"{'dimensions': [1, 1, 1], 'recursive_limit': 4, 'mass': 1, 'position': [0, 0, 0.5], 'joint_position': [0, 0.5, 0.5], 'joint_axis': '-0.4862  0.9122 -0.7562', 'connections': [1]}"
1,"{'dimensions': [1, 1, 1], 'recursive_limit': 3, 'mass': 1, 'position': [0.0, 0.5, 0.0], 'joint_position': [0.0, 1.0, 0.0], 'joint_axis': ' 0.6841 -0.824   0.9195', 'connections': [2]}"
2,"{'dimensions': [1, 1, 1], 'recursive_limit': 2, 'mass': 1, 'position': [0.0, 0.5, 0.0], 'joint_position': [0.0, 1.0, 0.0], 'joint_axis': '0.6251 0.868  0.2018', 'connections': []}"

0,"{'dimensions': [1, 1, 1], 'recursive_limit': 4, 'mass': 1, 'position': [0, 0, 0.5], 'joint_position': [0, 0.5, 0.5], 'joint_axis': ' 0.3443  0.5261 -0.5803', 'connections': [1]}"
1,"{'dimensions': [1, 1, 1], 'recursive_limit': 3, 'mass': 1, 'position': [0.0, 0.5, 0.0], 'joint_position': [0.0, 1.0, 0.0], 'joint_axis': '0.4511 0.6454 0.0728', 'connections': []}"



0,"{'dimensions': [1, 1, 1], 'recursive_limit': 4, 'mass': 1, 'position': [0, 0, 0.5], 'joint_position': [0, 0.5, 0.5], 'joint_axis': ' 0.1108  0.416  -0.2188', 'connections': [1]}"
1,"{'dimensions': [1, 1, 1], 'recursive_limit': 3, 'mass': 1, 'position': [0.0, 0.5, 0.0], 'joint_position': [0.0, 1.0, 0.0], 'joint_axis': ' 0.4115 -0.7094 -0.936 ', 'connections': [2]}"
2,"{'dimensions': [1, 1, 1], 'recursive_limit': 2, 'mass': 1, 'position': [0.0, 0.5, 0.0], 'joint_position': [0.0, 1.0, 0.0], 'joint_axis': ' 0.1743  0.1105 -0.3615', 'connections': []}"

0,"{'dimensions': [1, 1, 1], 'recursive_limit': 4, 'mass': 1, 'position': [0, 0, 0.5], 'joint_position': [0, 0.5, 0.5], 'joint_axis': '-0.386  -0.8455  0.4156', 'connections': [1]}"
1,"{'dimensions': [1, 1, 1], 'recursive_limit': 3, 'mass': 1, 'position': [0.0, 0.5, 0.0], 'joint_position': [0.0, 1.0, 0.0], 'joint_axis': ' 0.36    0.7428 -0.7968', 'connections': [2]}"
2,"{'dimensions': [1, 1, 1], 'recursive_limit': 2, 'mass': 1, 'position': [0.0, 0.5, 0.0], 'joint_position': [0.0, 1.0, 0.0], 'joint_axis': '-0.4533  0.117  -0.9376', 'connections': []}"

0,"{'dimensions': [1, 1, 1], 'recursive_limit': 4, 'mass': 1, 'position': [0, 0, 0.5], 'joint_position': [0, 0.5, 0.5], 'joint_axis': '0.4747 0.1185 0.8172', 'connections': [1]}"
1,"{'dimensions': [1, 1, 1], 'recursive_limit': 3, 'mass': 1, 'position': [0.0, 0.5, 0.0], 'joint_position': [0.0, 1.0, 0.0], 'joint_axis': ' 0.8879 -0.6893  0.6099', 'connections': [2]}"
2,"{'dimensions': [1, 1, 1], 'recursive_limit': 2, 'mass': 1, 'position': [0.0, 0.5, 0.0], 'joint_position': [0.0, 1.0, 0.0], 'joint_axis': '-0.4082 -0.176  -0.6701', 'connections': [3]}"
3,"{'dimensions': [1, 1, 1], 'recursive_limit': 1, 'mass': 1, 'position': [0.0, 0.5, 0.0], 'joint_position': [0.0, 1.0, 0.0], 'joint_axis': '0.7446 0.2525 0.8144', 'connections': []}"

0,"{'dimensions': [1, 1, 1], 'recursive_limit': 4, 'mass': 1, 'position': [0, 0, 0.5], 'joint_position': [0, 0.5, 0.5], 'joint_axis': '-0.4862  0.9122 -0.7562', 'connections': [1]}"
1,"{'dimensions': [1, 1, 1], 'recursive_limit': 3, 'mass': 1, 'position': [0.0, 0.5, 0.0], 'joint_position': [0.0, 1.0, 0.0], 'joint_axis': ' 0.6841 -0.824   0.9195', 'connections': [2]}"
2,"{'dimensions': [1, 1, 1], 'recursive_limit': 2, 'mass': 1, 'position': [0.0, 0.5, 0.0], 'joint_position': [0.0, 1.0, 0.0], 'joint_axis': '0.6251 0.868  0.2018', 'connections': []}"

0,"{'dimensions': [1, 1, 1], 'recursive_limit': 4, 'mass': 1, 'position': [0, 0, 0.5], 'joint_position': [0, 0.5, 0.5], 'joint_axis': ' 0.3443  0.5261 -0.5803', 'connections': [1]}"
1,"{'dimensions': [1, 1, 1], 'recursive_limit': 3, 'mass': 1, 'position': [0.0, 0.5, 0.0], 'joint_position': [0.0, 1.0, 0.0], 'joint_axis': '0.4511 0.6454 0.0728', 'connections': []}"



0,"{'dimensions': [1, 1, 1], 'recursive_limit': 4, 'mass': 1, 'position': [0, 0, 0.5], 'joint_position': [0, 0.5, 0.5], 'joint_axis': ' 0.1108  0.416  -0.2188', 'connections': [1]}"
1,"{'dimensions': [1, 1, 1], 'recursive_limit': 3, 'mass': 1, 'position': [0.0, 0.5, 0.0], 'joint_position': [0.0, 1.0, 0.0], 'joint_axis': ' 0.4115 -0.7094 -0.936 ', 'connections': [2]}"
2,"{'dimensions': [1, 1, 1], 'recursive_limit': 2, 'mass': 1, 'position': [0.0, 0.5, 0.0], 'joint_position': [0.0, 1.0, 0.0], 'joint_axis': ' 0.1743  0.1105 -0.3615', 'connections': []}"

0,"{'dimensions': [1, 1, 1], 'recursive_limit': 4, 'mass': 1, 'position': [0, 0, 0.5], 'joint_position': [0, 0.5, 0.5], 'joint_axis': '-0.386  -0.8455  0.4156', 'connections': [1]}"
1,"{'dimensions': [1, 1, 1], 'recursive_limit': 3, 'mass': 1, 'position': [0.0, 0.5, 0.0], 'joint_position': [0.0, 1.0, 0.0], 'joint_axis': ' 0.36    0.7428 -0.7968', 'connections': [2]}"
2,"{'dimensions': [1, 1, 1], 'recursive_limit': 2, 'mass': 1, 'position': [0.0, 0.5, 0.0], 'joint_position': [0.0, 1.0, 0.0], 'joint_axis': '-0.4533  0.117  -0.9376', 'connections': []}"

0,"{'dimensions': [1, 1, 1], 'recursive_limit': 4, 'mass': 1, 'position': [0, 0, 0.5], 'joint_position': [0, 0.5, 0.5], 'joint_axis': '0.4747 0.1185 0.8172', 'connections': [1]}"
1,"{'dimensions': [1, 1, 1], 'recursive_limit': 3, 'mass': 1, 'position': [0.0, 0.5, 0.0], 'joint_position': [0.0, 1.0, 0.0], 'joint_axis': ' 0.8879 -0.6893  0.6099', 'connections': [2]}"
2,"{'dimensions': [1, 1, 1], 'recursive_limit': 2, 'mass': 1, 'position': [0.0, 0.5, 0.0], 'joint_position': [0.0, 1.0, 0.0], 'joint_axis': '-0.4082 -0.176  -0.6701', 'connections': [3]}"
3,"{'dimensions': [1, 1, 1], 'recursive_limit': 1, 'mass': 1, 'position': [0.0, 0.5, 0.0], 'joint_position': [0.0, 1.0, 0.0], 'joint_axis': '0.7446 0.2525 0.8144', 'connections': []}"

0,"{'dimensions': [1, 1, 1], 'recursive_limit': 4, 'mass': 1, 'position': [0, 0, 0.5], 'joint_position': [0, 0.5, 0.5], 'joint_axis': '-0.4862  0.9122 -0.7562', 'connections': [1]}"
1,"{'dimensions': [1, 1, 1], 'recursive_limit': 3, 'mass': 1, 'position': [0.0, 0.5, 0.0], 'joint_position': [0.0, 1.0, 0.0], 'joint_axis': ' 0.6841 -0.824   0.9195', 'connections': [2]}"
2,"{'dimensions': [1, 1, 1], 'recursive_limit': 2, 'mass': 1, 'position': [0.0, 0.5, 0.0], 'joint_position': [0.0, 1.0, 0.0], 'joint_axis': '0.6251 0.868  0.2018', 'connections': []}"

0,"{'dimensions': [1, 1, 1], 'recursive_limit': 4, 'mass': 1, 'position': [0, 0, 0.5], 'joint_position': [0, 0.5, 0.5], 'joint_axis': ' 0.3443  0.5261 -0.5803', 'connections': [1]}"
1,"{'dimensions': [1, 1, 1], 'recursive_limit': 3, 'mass': 1, 'position': [0.0, 0.5, 0.0], 'joint_position': [0.0, 1.0, 0.0], 'joint_axis': '0.4511 0.6454 0.0728', 'connections': []}"



0,"{'dimensions': [1, 1, 1], 'recursive_limit': 4, 'mass': 1, 'position': [0, 0, 0.5], 'joint_position': [0, 0.5, 0.5], 'joint_axis': ' 0.1108  0.416  -0.2188', 'connections': [1]}"
1,"{'dimensions': [1, 1, 1], 'recursive_limit': 3, 'mass': 1, 'position': [0.0, 0.5, 0.0], 'joint_position': [0.0, 1.0, 0.0], 'joint_axis': ' 0.4115 -0.7094 -0.936 ', 'connections': [2]}"
2,"{'dimensions': [1, 1, 1], 'recursive_limit': 2, 'mass': 1, 'position': [0.0, 0.5, 0.0], 'joint_position': [0.0, 1.0, 0.0], 'joint_axis': ' 0.1743  0.1105 -0.3615', 'connections': []}"

0,"{'dimensions': [1, 1, 1], 'recursive_limit': 4, 'mass': 1, 'position': [0, 0, 0.5], 'joint_position': [0, 0.5, 0.5], 'joint_axis': '-0.386  -0.8455  0.4156', 'connections': [1]}"
1,"{'dimensions': [1, 1, 1], 'recursive_limit': 3, 'mass': 1, 'position': [0.0, 0.5, 0.0], 'joint_position': [0.0, 1.0, 0.0], 'joint_axis': ' 0.36    0.7428 -0.7968', 'connections': [2]}"
2,"{'dimensions': [1, 1, 1], 'recursive_limit': 2, 'mass': 1, 'position': [0.0, 0.5, 0.0], 'joint_position': [0.0, 1.0, 0.0], 'joint_axis': '-0.4533  0.117  -0.9376', 'connections': []}"

0,"{'dimensions': [1, 1, 1], 'recursive_limit': 4, 'mass': 1, 'position': [0, 0, 0.5], 'joint_position': [0, 0.5, 0.5], 'joint_axis': '0.4747 0.1185 0.8172', 'connections': [1]}"
1,"{'dimensions': [1, 1, 1], 'recursive_limit': 3, 'mass': 1, 'position': [0.0, 0.5, 0.0], 'joint_position': [0.0, 1.0, 0.0], 'joint_axis': ' 0.8879 -0.6893  0.6099', 'connections': [2]}"
2,"{'dimensions': [1, 1, 1], 'recursive_limit': 2, 'mass': 1, 'position': [0.0, 0.5, 0.0], 'joint_position': [0.0, 1.0, 0.0], 'joint_axis': '-0.4082 -0.176  -0.6701', 'connections': [3]}"
3,"{'dimensions': [1, 1, 1], 'recursive_limit': 1, 'mass': 1, 'position': [0.0, 0.5, 0.0], 'joint_position': [0.0, 1.0, 0.0], 'joint_axis': '0.7446 0.2525 0.8144', 'connections': []}"

0,"{'dimensions': [1, 1, 1], 'recursive_limit': 4, 'mass': 1, 'position': [0, 0, 0.5], 'joint_position': [0, 0.5, 0.5], 'joint_axis': '-0.4862  0.9122 -0.7562', 'connections': [1]}"
1,"{'dimensions': [1, 1, 1], 'recursive_limit': 3, 'mass': 1, 'position': [0.0, 0.5, 0.0], 'joint_position': [0.0, 1.0, 0.0], 'joint_axis': ' 0.6841 -0.824   0.9195', 'connections': [2]}"
2,"{'dimensions': [1, 1, 1], 'recursive_limit': 2, 'mass': 1, 'position': [0.0, 0.5, 0.0], 'joint_position': [0.0, 1.0, 0.0], 'joint_axis': '0.6251 0.868  0.2018', 'connections': []}"

0,"{'dimensions': [1, 1, 1], 'recursive_limit': 4, 'mass': 1, 'position': [0, 0, 0.5], 'joint_position': [0, 0.5, 0.5], 'joint_axis': ' 0.3443  0.5261 -0.5803', 'connections': [1]}"
1,"{'dimensions': [1, 1, 1], 'recursive_limit': 3, 'mass': 1, 'position': [0.0, 0.5, 0.0], 'joint_position': [0.0, 1.0, 0.0], 'joint_axis': '0.4511 0.6454 0.0728', 'connections': []}"



0,"{'dimensions': [1, 1, 1], 'recursive_limit': 4, 'mass': 1, 'position': [0, 0, 0.5], 'joint_position': [0, 0.5, 0.5], 'joint_axis': ' 0.1108  0.416  -0.2188', 'connections': [1]}"
1,"{'dimensions': [1, 1, 1], 'recursive_limit': 3, 'mass': 1, 'position': [0.0, 0.5, 0.0], 'joint_position': [0.0, 1.0, 0.0], 'joint_axis': ' 0.4115 -0.7094 -0.936 ', 'connections': [2]}"
2,"{'dimensions': [1, 1, 1], 'recursive_limit': 2, 'mass': 1, 'position': [0.0, 0.5, 0.0], 'joint_position': [0.0, 1.0, 0.0], 'joint_axis': ' 0.1743  0.1105 -0.3615', 'connections': []}"

0,"{'dimensions': [1, 1, 1], 'recursive_limit': 4, 'mass': 1, 'position': [0, 0, 0.5], 'joint_position': [0, 0.5, 0.5], 'joint_axis': '-0.386  -0.8455  0.4156', 'connections': [1]}"
1,"{'dimensions': [1, 1, 1], 'recursive_limit': 3, 'mass': 1, 'position': [0.0, 0.5, 0.0], 'joint_position': [0.0, 1.0, 0.0], 'joint_axis': ' 0.36    0.7428 -0.7968', 'connections': [2]}"
2,"{'dimensions': [1, 1, 1], 'recursive_limit': 2, 'mass': 1, 'position': [0.0, 0.5, 0.0], 'joint_position': [0.0, 1.0, 0.0], 'joint_axis': '-0.4533  0.117  -0.9376', 'connections': []}"

0,"{'dimensions': [1, 1, 1], 'recursive_limit': 4, 'mass': 1, 'position': [0, 0, 0.5], 'joint_position': [0, 0.5, 0.5], 'joint_axis': '0.4747 0.1185 0.8172', 'connections': [1]}"
1,"{'dimensions': [1, 1, 1], 'recursive_limit': 3, 'mass': 1, 'position': [0.0, 0.5, 0.0], 'joint_position': [0.0, 1.0, 0.0], 'joint_axis': ' 0.8879 -0.6893  0.6099', 'connections': [2]}"
2,"{'dimensions': [1, 1, 1], 'recursive_limit': 2, 'mass': 1, 'position': [0.0, 0.5, 0.0], 'joint_position': [0.0, 1.0, 0.0], 'joint_axis': '-0.4082 -0.176  -0.6701', 'connections': [3]}"
3,"{'dimensions': [1, 1, 1], 'recursive_limit': 1, 'mass': 1, 'position': [0.0, 0.5, 0.0], 'joint_position': [0.0, 1.0, 0.0], 'joint_axis': '0.7446 0.2525 0.8144', 'connections': []}"

0,"{'dimensions': [1, 1, 1], 'recursive_limit': 4, 'mass': 1, 'position': [0, 0, 0.5], 'joint_position': [0, 0.5, 0.5], 'joint_axis': '-0.4862  0.9122 -0.7562', 'connections': [1]}"
1,"{'dimensions': [1, 1, 1], 'recursive_limit': 3, 'mass': 1, 'position': [0.0, 0.5, 0.0], 'joint_position': [0.0, 1.0, 0.0], 'joint_axis': ' 0.6841 -0.824   0.9195', 'connections': [2]}"
2,"{'dimensions': [1, 1, 1], 'recursive_limit': 2, 'mass': 1, 'position': [0.0, 0.5, 0.0], 'joint_position': [0.0, 1.0, 0.0], 'joint_axis': '0.6251 0.868  0.2018', 'connections': []}"

0,"{'dimensions': [1, 1, 1], 'recursive_limit': 4, 'mass': 1, 'position': [0, 0, 0.5], 'joint_position': [0, 0.5, 0.5], 'joint_axis': ' 0.3443  0.5261 -0.5803', 'connections': [1]}"
1,"{'dimensions': [1, 1, 1], 'recursive_limit': 3, 'mass': 1, 'position': [0.0, 0.5, 0.0], 'joint_position': [0.0, 1.0, 0.0], 'joint_axis': '0.4511 0.6454 0.0728', 'connections': []}"



0,"{'dimensions': [1, 1, 1], 'recursive_limit': 4, 'mass': 1, 'position': [0, 0, 0.5], 'joint_position': [0, 0.5, 0.5], 'joint_axis': ' 0.1108  0.416  -0.2188', 'connections': [1]}"
1,"{'dimensions': [1, 1, 1], 'recursive_limit': 3, 'mass': 1, 'position': [0.0, 0.5, 0.0], 'joint_position': [0.0, 1.0, 0.0], 'joint_axis': ' 0.4115 -0.7094 -0.936 ', 'connections': [2]}"
2,"{'dimensions': [1, 1, 1], 'recursive_limit': 2, 'mass': 1, 'position': [0.0, 0.5, 0.0], 'joint_position': [0.0, 1.0, 0.0], 'joint_axis': ' 0.1743  0.1105 -0.3615', 'connections': []}"

0,"{'dimensions': [1, 1, 1], 'recursive_limit': 4, 'mass': 1, 'position': [0, 0, 0.5], 'joint_position': [0, 0.5, 0.5], 'joint_axis': '-0.386  -0.8455  0.4156', 'connections': [1]}"
1,"{'dimensions': [1, 1, 1], 'recursive_limit': 3, 'mass': 1, 'position': [0.0, 0.5, 0.0], 'joint_position': [0.0, 1.0, 0.0], 'joint_axis': ' 0.36    0.7428 -0.7968', 'connections': [2]}"
2,"{'dimensions': [1, 1, 1], 'recursive_limit': 2, 'mass': 1, 'position': [0.0, 0.5, 0.0], 'joint_position': [0.0, 1.0, 0.0], 'joint_axis': '-0.4533  0.117  -0.9376', 'connections': []}"

0,"{'dimensions': [1, 1, 1], 'recursive_limit': 4, 'mass': 1, 'position': [0, 0, 0.5], 'joint_position': [0, 0.5, 0.5], 'joint_axis': '0.4747 0.1185 0.8172', 'connections': [1]}"
1,"{'dimensions': [1, 1, 1], 'recursive_limit': 3, 'mass': 1, 'position': [0.0, 0.5, 0.0], 'joint_position': [0.0, 1.0, 0.0], 'joint_axis': ' 0.8879 -0.6893  0.6099', 'connections': [2]}"
2,"{'dimensions': [1, 1, 1], 'recursive_limit': 2, 'mass': 1, 'position': [0.0, 0.5, 0.0], 'joint_position': [0.0, 1.0, 0.0], 'joint_axis': '-0.4082 -0.176  -0.6701', 'connections': [3]}"
3,"{'dimensions': [1, 1, 1], 'recursive_limit': 1, 'mass': 1, 'position': [0.0, 0.5, 0.0], 'joint_position': [0.0, 1.0, 0.0], 'joint_axis': '0.7446 0.2525 0.8144', 'connections': []}"

0,"{'dimensions': [1, 1, 1], 'recursive_limit': 4, 'mass': 1, 'position': [0, 0, 0.5], 'joint_position': [0, 0.5, 0.5], 'joint_axis': '-0.4862  0.9122 -0.7562', 'connections': [1]}"
1,"{'dimensions': [1, 1, 1], 'recursive_limit': 3, 'mass': 1, 'position': [0.0, 0.5, 0.0], 'joint_position': [0.0, 1.0, 0.0], 'joint_axis': ' 0.6841 -0.824   0.9195', 'connections': [2]}"
2,"{'dimensions': [1, 1, 1], 'recursive_limit': 2, 'mass': 1, 'position': [0.0, 0.5, 0.0], 'joint_position': [0.0, 1.0, 0.0], 'joint_axis': '0.6251 0.868  0.2018', 'connections': []}"

0,"{'dimensions': [1, 1, 1], 'recursive_limit': 4, 'mass': 1, 'position': [0, 0, 0.5], 'joint_position': [0, 0.5, 0.5], 'joint_axis': ' 0.3443  0.5261 -0.5803', 'connections': [1]}"
1,"{'dimensions': [1, 1, 1], 'recursive_limit': 3, 'mass': 1, 'position': [0.0, 0.5, 0.0], 'joint_position': [0.0, 1.0, 0.0], 'joint_axis': '0.4511 0.6454 0.0728', 'connections': []}"



0,"{'dimensions': [1, 1, 1], 'recursive_limit': 4, 'mass': 1, 'position': [0, 0, 0.5], 'joint_position': [0, 0.5, 0.5], 'joint_axis': ' 0.1108  0.416  -0.2188', 'connections': [1]}"
1,"{'dimensions': [1, 1, 1], 'recursive_limit': 3, 'mass': 1, 'position': [0.0, 0.5, 0.0], 'joint_position': [0.0, 1.0, 0.0], 'joint_axis': ' 0.4115 -0.7094 -0.936 ', 'connections': [2]}"
2,"{'dimensions': [1, 1, 1], 'recursive_limit': 2, 'mass': 1, 'position': [0.0, 0.5, 0.0], 'joint_position': [0.0, 1.0, 0.0], 'joint_axis': ' 0.1743  0.1105 -0.3615', 'connections': []}"

0,"{'dimensions': [1, 1, 1], 'recursive_limit': 4, 'mass': 1, 'position': [0, 0, 0.5], 'joint_position': [0, 0.5, 0.5], 'joint_axis': '-0.386  -0.8455  0.4156', 'connections': [1]}"
1,"{'dimensions': [1, 1, 1], 'recursive_limit': 3, 'mass': 1, 'position': [0.0, 0.5, 0.0], 'joint_position': [0.0, 1.0, 0.0], 'joint_axis': ' 0.36    0.7428 -0.7968', 'connections': [2]}"
2,"{'dimensions': [1, 1, 1], 'recursive_limit': 2, 'mass': 1, 'position': [0.0, 0.5, 0.0], 'joint_position': [0.0, 1.0, 0.0], 'joint_axis': '-0.4533  0.117  -0.9376', 'connections': []}"

0,"{'dimensions': [1, 1, 1], 'recursive_limit': 4, 'mass': 1, 'position': [0, 0, 0.5], 'joint_position': [0, 0.5, 0.5], 'joint_axis': '0.4747 0.1185 0.8172', 'connections': [1]}"
1,"{'dimensions': [1, 1, 1], 'recursive_limit': 3, 'mass': 1, 'position': [0.0, 0.5, 0.0], 'joint_position': [0.0, 1.0, 0.0], 'joint_axis': ' 0.8879 -0.6893  0.6099', 'connections': [2]}"
2,"{'dimensions': [1, 1, 1], 'recursive_limit': 2, 'mass': 1, 'position': [0.0, 0.5, 0.0], 'joint_position': [0.0, 1.0, 0.0], 'joint_axis': '-0.4082 -0.176  -0.6701', 'connections': [3]}"
3,"{'dimensions': [1, 1, 1], 'recursive_limit': 1, 'mass': 1, 'position': [0.0, 0.5, 0.0], 'joint_position': [0.0, 1.0, 0.0], 'joint_axis': '0.7446 0.2525 0.8144', 'connections': []}"

0,"{'dimensions': [1, 1, 1], 'recursive_limit': 4, 'mass': 1, 'position': [0, 0, 0.5], 'joint_position': [0, 0.5, 0.5], 'joint_axis': '-0.4862  0.9122 -0.7562', 'connections': [1]}"
1,"{'dimensions': [1, 1, 1], 'recursive_limit': 3, 'mass': 1, 'position': [0.0, 0.5, 0.0], 'joint_position': [0.0, 1.0, 0.0], 'joint_axis': ' 0.6841 -0.824   0.9195', 'connections': [2]}"
2,"{'dimensions': [1, 1, 1], 'recursive_limit': 2, 'mass': 1, 'position': [0.0, 0.5, 0.0], 'joint_position': [0.0, 1.0, 0.0], 'joint_axis': '0.6251 0.868  0.2018', 'connections': []}"

0,"{'dimensions': [1, 1, 1], 'recursive_limit': 4, 'mass': 1, 'position': [0, 0, 0.5], 'joint_position': [0, 0.5, 0.5], 'joint_axis': ' 0.3443  0.5261 -0.5803', 'connections': [1]}"
1,"{'dimensions': [1, 1, 1], 'recursive_limit': 3, 'mass': 1, 'position': [0.0, 0.5, 0.0], 'joint_position': [0.0, 1.0, 0.0], 'joint_axis': '0.4511 0.6454 0.0728', 'connections': []}"



0,"{'dimensions': [1, 1, 1], 'recursive_limit': 4, 'mass': 1, 'position': [0, 0, 0.5], 'joint_position': [0, 0.5, 0.5], 'joint_axis': ' 0.1108  0.416  -0.2188', 'connections': [1]}"
1,"{'dimensions': [1, 1, 1], 'recursive_limit': 3, 'mass': 1, 'position': [0.0, 0.5, 0.0], 'joint_position': [0.0, 1.0, 0.0], 'joint_axis': ' 0.4115 -0.7094 -0.936 ', 'connections': [2]}"
2,"{'dimensions': [1, 1, 1], 'recursive_limit': 2, 'mass': 1, 'position': [0.0, 0.5, 0.0], 'joint_position': [0.0, 1.0, 0.0], 'joint_axis': ' 0.1743  0.1105 -0.3615', 'connections': []}"

0,"{'dimensions': [1, 1, 1], 'recursive_limit': 4, 'mass': 1, 'position': [0, 0, 0.5], 'joint_position': [0, 0.5, 0.5], 'joint_axis': '-0.386  -0.8455  0.4156', 'connections': [1]}"
1,"{'dimensions': [1, 1, 1], 'recursive_limit': 3, 'mass': 1, 'position': [0.0, 0.5, 0.0], 'joint_position': [0.0, 1.0, 0.0], 'joint_axis': ' 0.36    0.7428 -0.7968', 'connections': [2]}"
2,"{'dimensions': [1, 1, 1], 'recursive_limit': 2, 'mass': 1, 'position': [0.0, 0.5, 0.0], 'joint_position': [0.0, 1.0, 0.0], 'joint_axis': '-0.4533  0.117  -0.9376', 'connections': []}"

0,"{'dimensions': [1, 1, 1], 'recursive_limit': 4, 'mass': 1, 'position': [0, 0, 0.5], 'joint_position': [0, 0.5, 0.5], 'joint_axis': '0.4747 0.1185 0.8172', 'connections': [1]}"
1,"{'dimensions': [1, 1, 1], 'recursive_limit': 3, 'mass': 1, 'position': [0.0, 0.5, 0.0], 'joint_position': [0.0, 1.0, 0.0], 'joint_axis': ' 0.8879 -0.6893  0.6099', 'connections': [2]}"
2,"{'dimensions': [1, 1, 1], 'recursive_limit': 2, 'mass': 1, 'position': [0.0, 0.5, 0.0], 'joint_position': [0.0, 1.0, 0.0], 'joint_axis': '-0.4082 -0.176  -0.6701', 'connections': [3]}"
3,"{'dimensions': [1, 1, 1], 'recursive_limit': 1, 'mass': 1, 'position': [0.0, 0.5, 0.0], 'joint_position': [0.0, 1.0, 0.0], 'joint_axis': '0.7446 0.2525 0.8144', 'connections': []}"

0,"{'dimensions': [1, 1, 1], 'recursive_limit': 4, 'mass': 1, 'position': [0, 0, 0.5], 'joint_position': [0, 0.5, 0.5], 'joint_axis': '-0.4862  0.9122 -0.7562', 'connections': [1]}"
1,"{'dimensions': [1, 1, 1], 'recursive_limit': 3, 'mass': 1, 'position': [0.0, 0.5, 0.0], 'joint_position': [0.0, 1.0, 0.0], 'joint_axis': ' 0.6841 -0.824   0.9195', 'connections': [2]}"
2,"{'dimensions': [1, 1, 1], 'recursive_limit': 2, 'mass': 1, 'position': [0.0, 0.5, 0.0], 'joint_position': [0.0, 1.0, 0.0], 'joint_axis': '0.6251 0.868  0.2018', 'connections': []}"

0,"{'dimensions': [1, 1, 1], 'recursive_limit': 4, 'mass': 1, 'position': [0, 0, 0.5], 'joint_position': [0, 0.5, 0.5], 'joint_axis': ' 0.3443  0.5261 -0.5803', 'connections': [1]}"
1,"{'dimensions': [1, 1, 1], 'recursive_limit': 3, 'mass': 1, 'position': [0.0, 0.5, 0.0], 'joint_position': [0.0, 1.0, 0.0], 'joint_axis': '0.4511 0.6454 0.0728', 'connections': []}"



0,"{'dimensions': [1, 1, 1], 'recursive_limit': 4, 'mass': 1, 'position': [0, 0, 0.5], 'joint_position': [0, 0.5, 0.5], 'joint_axis': ' 0.1108  0.416  -0.2188', 'connections': [1]}"
1,"{'dimensions': [1, 1, 1], 'recursive_limit': 3, 'mass': 1, 'position': [0.0, 0.5, 0.0], 'joint_position': [0.0, 1.0, 0.0], 'joint_axis': ' 0.4115 -0.7094 -0.936 ', 'connections': [2]}"
2,"{'dimensions': [1, 1, 1], 'recursive_limit': 2, 'mass': 1, 'position': [0.0, 0.5, 0.0], 'joint_position': [0.0, 1.0, 0.0], 'joint_axis': ' 0.1743  0.1105 -0.3615', 'connections': []}"

0,"{'dimensions': [1, 1, 1], 'recursive_limit': 4, 'mass': 1, 'position': [0, 0, 0.5], 'joint_position': [0, 0.5, 0.5], 'joint_axis': '-0.386  -0.8455  0.4156', 'connections': [1]}"
1,"{'dimensions': [1, 1, 1], 'recursive_limit': 3, 'mass': 1, 'position': [0.0, 0.5, 0.0], 'joint_position': [0.0, 1.0, 0.0], 'joint_axis': ' 0.36    0.7428 -0.7968', 'connections': [2]}"
2,"{'dimensions': [1, 1, 1], 'recursive_limit': 2, 'mass': 1, 'position': [0.0, 0.5, 0.0], 'joint_position': [0.0, 1.0, 0.0], 'joint_axis': '-0.4533  0.117  -0.9376', 'connections': []}"

0,"{'dimensions': [1, 1, 1], 'recursive_limit': 4, 'mass': 1, 'position': [0, 0, 0.5], 'joint_position': [0, 0.5, 0.5], 'joint_axis': '0.4747 0.1185 0.8172', 'connections': [1]}"
1,"{'dimensions': [1, 1, 1], 'recursive_limit': 3, 'mass': 1, 'position': [0.0, 0.5, 0.0], 'joint_position': [0.0, 1.0, 0.0], 'joint_axis': ' 0.8879 -0.6893  0.6099', 'connections': [2]}"
2,"{'dimensions': [1, 1, 1], 'recursive_limit': 2, 'mass': 1, 'position': [0.0, 0.5, 0.0], 'joint_position': [0.0, 1.0, 0.0], 'joint_axis': '-0.4082 -0.176  -0.6701', 'connections': [3]}"
3,"{'dimensions': [1, 1, 1], 'recursive_limit': 1, 'mass': 1, 'position': [0.0, 0.5, 0.0], 'joint_position': [0.0, 1.0, 0.0], 'joint_axis': '0.7446 0.2525 0.8144', 'connections': []}"

0,"{'dimensions': [1, 1, 1], 'recursive_limit': 4, 'mass': 1, 'position': [0, 0, 0.5], 'joint_position': [0, 0.5, 0.5], 'joint_axis': '-0.4862  0.9122 -0.7562', 'connections': [1]}"
1,"{'dimensions': [1, 1, 1], 'recursive_limit': 3, 'mass': 1, 'position': [0.0, 0.5, 0.0], 'joint_position': [0.0, 1.0, 0.0], 'joint_axis': ' 0.6841 -0.824   0.9195', 'connections': [2]}"
2,"{'dimensions': [1, 1, 1], 'recursive_limit': 2, 'mass': 1, 'position': [0.0, 0.5, 0.0], 'joint_position': [0.0, 1.0, 0.0], 'joint_axis': '0.6251 0.868  0.2018', 'connections': []}"

0,"{'dimensions': [1, 1, 1], 'recursive_limit': 4, 'mass': 1, 'position': [0, 0, 0.5], 'joint_position': [0, 0.5, 0.5], 'joint_axis': ' 0.3443  0.5261 -0.5803', 'connections': [1]}"
1,"{'dimensions': [1, 1, 1], 'recursive_limit': 3, 'mass': 1, 'position': [0.0, 0.5, 0.0], 'joint_position': [0.0, 1.0, 0.0], 'joint_axis': '0.4511 0.6454 0.0728', 'connections': []}"



0,"{'dimensions': [1, 1, 1], 'recursive_limit': 4, 'mass': 1, 'position': [0, 0, 0.5], 'joint_position': [0, 0.5, 0.5], 'joint_axis': ' 0.1108  0.416  -0.2188', 'connections': [1]}"
1,"{'dimensions': [1, 1, 1], 'recursive_limit': 3, 'mass': 1, 'position': [0.0, 0.5, 0.0], 'joint_position': [0.0, 1.0, 0.0], 'joint_axis': ' 0.4115 -0.7094 -0.936 ', 'connections': [2]}"
2,"{'dimensions': [1, 1, 1], 'recursive_limit': 2, 'mass': 1, 'position': [0.0, 0.5, 0.0], 'joint_position': [0.0, 1.0, 0.0], 'joint_axis': ' 0.1743  0.1105 -0.3615', 'connections': []}"

0,"{'dimensions': [1, 1, 1], 'recursive_limit': 4, 'mass': 1, 'position': [0, 0, 0.5], 'joint_position': [0, 0.5, 0.5], 'joint_axis': '-0.386  -0.8455  0.4156', 'connections': [1]}"
1,"{'dimensions': [1, 1, 1], 'recursive_limit': 3, 'mass': 1, 'position': [0.0, 0.5, 0.0], 'joint_position': [0.0, 1.0, 0.0], 'joint_axis': ' 0.36    0.7428 -0.7968', 'connections': [2]}"
2,"{'dimensions': [1, 1, 1], 'recursive_limit': 2, 'mass': 1, 'position': [0.0, 0.5, 0.0], 'joint_position': [0.0, 1.0, 0.0], 'joint_axis': '-0.4533  0.117  -0.9376', 'connections': []}"

0,"{'dimensions': [1, 1, 1], 'recursive_limit': 4, 'mass': 1, 'position': [0, 0, 0.5], 'joint_position': [0, 0.5, 0.5], 'joint_axis': '0.4747 0.1185 0.8172', 'connections': [1]}"
1,"{'dimensions': [1, 1, 1], 'recursive_limit': 3, 'mass': 1, 'position': [0.0, 0.5, 0.0], 'joint_position': [0.0, 1.0, 0.0], 'joint_axis': ' 0.8879 -0.6893  0.6099', 'connections': [2]}"
2,"{'dimensions': [1, 1, 1], 'recursive_limit': 2, 'mass': 1, 'position': [0.0, 0.5, 0.0], 'joint_position': [0.0, 1.0, 0.0], 'joint_axis': '-0.4082 -0.176  -0.6701', 'connections': [3]}"
3,"{'dimensions': [1, 1, 1], 'recursive_limit': 1, 'mass': 1, 'position': [0.0, 0.5, 0.0], 'joint_position': [0.0, 1.0, 0.0], 'joint_axis': '0.7446 0.2525 0.8144', 'connections': []}"

0,"{'dimensions': [1, 1, 1], 'recursive_limit': 4, 'mass': 1, 'position': [0, 0, 0.5], 'joint_position': [0, 0.5, 0.5], 'joint_axis': '-0.4862  0.9122 -0.7562', 'connections': [1]}"
1,"{'dimensions': [1, 1, 1], 'recursive_limit': 3, 'mass': 1, 'position': [0.0, 0.5, 0.0], 'joint_position': [0.0, 1.0, 0.0], 'joint_axis': ' 0.6841 -0.824   0.9195', 'connections': [2]}"
2,"{'dimensions': [1, 1, 1], 'recursive_limit': 2, 'mass': 1, 'position': [0.0, 0.5, 0.0], 'joint_position': [0.0, 1.0, 0.0], 'joint_axis': '0.6251 0.868  0.2018', 'connections': []}"

0,"{'dimensions': [1, 1, 1], 'recursive_limit': 4, 'mass': 1, 'position': [0, 0, 0.5], 'joint_position': [0, 0.5, 0.5], 'joint_axis': ' 0.3443  0.5261 -0.5803', 'connections': [1]}"
1,"{'dimensions': [1, 1, 1], 'recursive_limit': 3, 'mass': 1, 'position': [0.0, 0.5, 0.0], 'joint_position': [0.0, 1.0, 0.0], 'joint_axis': '0.4511 0.6454 0.0728', 'connections': []}"



0,"{'dimensions': [1, 1, 1], 'recursive_limit': 4, 'mass': 1, 'position': [0, 0, 0.5], 'joint_position': [0, 0.5, 0.5], 'joint_axis': ' 0.1108  0.416  -0.2188', 'connections': [1]}"
1,"{'dimensions': [1, 1, 1], 'recursive_limit': 3, 'mass': 1, 'position': [0.0, 0.5, 0.0], 'joint_position': [0.0, 1.0, 0.0], 'joint_axis': ' 0.4115 -0.7094 -0.936 ', 'connections': [2]}"
2,"{'dimensions': [1, 1, 1], 'recursive_limit': 2, 'mass': 1, 'position': [0.0, 0.5, 0.0], 'joint_position': [0.0, 1.0, 0.0], 'joint_axis': ' 0.1743  0.1105 -0.3615', 'connections': []}"

0,"{'dimensions': [1, 1, 1], 'recursive_limit': 4, 'mass': 1, 'position': [0, 0, 0.5], 'joint_position': [0, 0.5, 0.5], 'joint_axis': '-0.386  -0.8455  0.4156', 'connections': [1]}"
1,"{'dimensions': [1, 1, 1], 'recursive_limit': 3, 'mass': 1, 'position': [0.0, 0.5, 0.0], 'joint_position': [0.0, 1.0, 0.0], 'joint_axis': ' 0.36    0.7428 -0.7968', 'connections': [2]}"
2,"{'dimensions': [1, 1, 1], 'recursive_limit': 2, 'mass': 1, 'position': [0.0, 0.5, 0.0], 'joint_position': [0.0, 1.0, 0.0], 'joint_axis': '-0.4533  0.117  -0.9376', 'connections': []}"

0,"{'dimensions': [1, 1, 1], 'recursive_limit': 4, 'mass': 1, 'position': [0, 0, 0.5], 'joint_position': [0, 0.5, 0.5], 'joint_axis': '0.4747 0.1185 0.8172', 'connections': [1]}"
1,"{'dimensions': [1, 1, 1], 'recursive_limit': 3, 'mass': 1, 'position': [0.0, 0.5, 0.0], 'joint_position': [0.0, 1.0, 0.0], 'joint_axis': ' 0.8879 -0.6893  0.6099', 'connections': [2]}"
2,"{'dimensions': [1, 1, 1], 'recursive_limit': 2, 'mass': 1, 'position': [0.0, 0.5, 0.0], 'joint_position': [0.0, 1.0, 0.0], 'joint_axis': '-0.4082 -0.176  -0.6701', 'connections': [3]}"
3,"{'dimensions': [1, 1, 1], 'recursive_limit': 1, 'mass': 1, 'position': [0.0, 0.5, 0.0], 'joint_position': [0.0, 1.0, 0.0], 'joint_axis': '0.7446 0.2525 0.8144', 'connections': []}"

0,"{'dimensions': [1, 1, 1], 'recursive_limit': 4, 'mass': 1, 'position': [0, 0, 0.5], 'joint_position': [0, 0.5, 0.5], 'joint_axis': '-0.4862  0.9122 -0.7562', 'connections': [1]}"
1,"{'dimensions': [1, 1, 1], 'recursive_limit': 3, 'mass': 1, 'position': [0.0, 0.5, 0.0], 'joint_position': [0.0, 1.0, 0.0], 'joint_axis': ' 0.6841 -0.824   0.9195', 'connections': [2]}"
2,"{'dimensions': [1, 1, 1], 'recursive_limit': 2, 'mass': 1, 'position': [0.0, 0.5, 0.0], 'joint_position': [0.0, 1.0, 0.0], 'joint_axis': '0.6251 0.868  0.2018', 'connections': []}"

0,"{'dimensions': [1, 1, 1], 'recursive_limit': 4, 'mass': 1, 'position': [0, 0, 0.5], 'joint_position': [0, 0.5, 0.5], 'joint_axis': ' 0.3443  0.5261 -0.5803', 'connections': [1]}"
1,"{'dimensions': [1, 1, 1], 'recursive_limit': 3, 'mass': 1, 'position': [0.0, 0.5, 0.0], 'joint_position': [0.0, 1.0, 0.0], 'joint_axis': '0.4511 0.6454 0.0728', 'connections': []}"



0,"{'dimensions': [1, 1, 1], 'recursive_limit': 4, 'mass': 1, 'position': [0, 0, 0.5], 'joint_position': [0, 0.5, 0.5], 'joint_axis': ' 0.1108  0.416  -0.2188', 'connections': [1]}"
1,"{'dimensions': [1, 1, 1], 'recursive_limit': 3, 'mass': 1, 'position': [0.0, 0.5, 0.0], 'joint_position': [0.0, 1.0, 0.0], 'joint_axis': ' 0.4115 -0.7094 -0.936 ', 'connections': [2]}"
2,"{'dimensions': [1, 1, 1], 'recursive_limit': 2, 'mass': 1, 'position': [0.0, 0.5, 0.0], 'joint_position': [0.0, 1.0, 0.0], 'joint_axis': ' 0.1743  0.1105 -0.3615', 'connections': []}"

0,"{'dimensions': [1, 1, 1], 'recursive_limit': 4, 'mass': 1, 'position': [0, 0, 0.5], 'joint_position': [0, 0.5, 0.5], 'joint_axis': '-0.386  -0.8455  0.4156', 'connections': [1]}"
1,"{'dimensions': [1, 1, 1], 'recursive_limit': 3, 'mass': 1, 'position': [0.0, 0.5, 0.0], 'joint_position': [0.0, 1.0, 0.0], 'joint_axis': ' 0.36    0.7428 -0.7968', 'connections': [2]}"
2,"{'dimensions': [1, 1, 1], 'recursive_limit': 2, 'mass': 1, 'position': [0.0, 0.5, 0.0], 'joint_position': [0.0, 1.0, 0.0], 'joint_axis': '-0.4533  0.117  -0.9376', 'connections': []}"

0,"{'dimensions': [1, 1, 1], 'recursive_limit': 4, 'mass': 1, 'position': [0, 0, 0.5], 'joint_position': [0, 0.5, 0.5], 'joint_axis': '0.4747 0.1185 0.8172', 'connections': [1]}"
1,"{'dimensions': [1, 1, 1], 'recursive_limit': 3, 'mass': 1, 'position': [0.0, 0.5, 0.0], 'joint_position': [0.0, 1.0, 0.0], 'joint_axis': ' 0.8879 -0.6893  0.6099', 'connections': [2]}"
2,"{'dimensions': [1, 1, 1], 'recursive_limit': 2, 'mass': 1, 'position': [0.0, 0.5, 0.0], 'joint_position': [0.0, 1.0, 0.0], 'joint_axis': '-0.4082 -0.176  -0.6701', 'connections': [3]}"
3,"{'dimensions': [1, 1, 1], 'recursive_limit': 1, 'mass': 1, 'position': [0.0, 0.5, 0.0], 'joint_position': [0.0, 1.0, 0.0], 'joint_axis': '0.7446 0.2525 0.8144', 'connections': []}"

0,"{'dimensions': [1, 1, 1], 'recursive_limit': 4, 'mass': 1, 'position': [0, 0, 0.5], 'joint_position': [0, 0.5, 0.5], 'joint_axis': '-0.4862  0.9122 -0.7562', 'connections': [1]}"
1,"{'dimensions': [1, 1, 1], 'recursive_limit': 3, 'mass': 1, 'position': [0.0, 0.5, 0.0], 'joint_position': [0.0, 1.0, 0.0], 'joint_axis': ' 0.6841 -0.824   0.9195', 'connections': [2]}"
2,"{'dimensions': [1, 1, 1], 'recursive_limit': 2, 'mass': 1, 'position': [0.0, 0.5, 0.0], 'joint_position': [0.0, 1.0, 0.0], 'joint_axis': '0.6251 0.868  0.2018', 'connections': []}"

0,"{'dimensions': [1, 1, 1], 'recursive_limit': 4, 'mass': 1, 'position': [0, 0, 0.5], 'joint_position': [0, 0.5, 0.5], 'joint_axis': ' 0.3443  0.5261 -0.5803', 'connections': [1]}"
1,"{'dimensions': [1, 1, 1], 'recursive_limit': 3, 'mass': 1, 'position': [0.0, 0.5, 0.0], 'joint_position': [0.0, 1.0, 0.0], 'joint_axis': '0.4511 0.6454 0.0728', 'connections': []}"



0,"{'dimensions': [1, 1, 1], 'recursive_limit': 4, 'mass': 1, 'position': [0, 0, 0.5], 'joint_position': [0, 0.5, 0.5], 'joint_axis': ' 0.1108  0.416  -0.2188', 'connections': [1]}"
1,"{'dimensions': [1, 1, 1], 'recursive_limit': 3, 'mass': 1, 'position': [0.0, 0.5, 0.0], 'joint_position': [0.0, 1.0, 0.0], 'joint_axis': ' 0.4115 -0.7094 -0.936 ', 'connections': [2]}"
2,"{'dimensions': [1, 1, 1], 'recursive_limit': 2, 'mass': 1, 'position': [0.0, 0.5, 0.0], 'joint_position': [0.0, 1.0, 0.0], 'joint_axis': ' 0.1743  0.1105 -0.3615', 'connections': []}"

0,"{'dimensions': [1, 1, 1], 'recursive_limit': 4, 'mass': 1, 'position': [0, 0, 0.5], 'joint_position': [0, 0.5, 0.5], 'joint_axis': '-0.386  -0.8455  0.4156', 'connections': [1]}"
1,"{'dimensions': [1, 1, 1], 'recursive_limit': 3, 'mass': 1, 'position': [0.0, 0.5, 0.0], 'joint_position': [0.0, 1.0, 0.0], 'joint_axis': ' 0.36    0.7428 -0.7968', 'connections': [2]}"
2,"{'dimensions': [1, 1, 1], 'recursive_limit': 2, 'mass': 1, 'position': [0.0, 0.5, 0.0], 'joint_position': [0.0, 1.0, 0.0], 'joint_axis': '-0.4533  0.117  -0.9376', 'connections': []}"

0,"{'dimensions': [1, 1, 1], 'recursive_limit': 4, 'mass': 1, 'position': [0, 0, 0.5], 'joint_position': [0, 0.5, 0.5], 'joint_axis': '0.4747 0.1185 0.8172', 'connections': [1]}"
1,"{'dimensions': [1, 1, 1], 'recursive_limit': 3, 'mass': 1, 'position': [0.0, 0.5, 0.0], 'joint_position': [0.0, 1.0, 0.0], 'joint_axis': ' 0.8879 -0.6893  0.6099', 'connections': [2]}"
2,"{'dimensions': [1, 1, 1], 'recursive_limit': 2, 'mass': 1, 'position': [0.0, 0.5, 0.0], 'joint_position': [0.0, 1.0, 0.0], 'joint_axis': '-0.4082 -0.176  -0.6701', 'connections': [3]}"
3,"{'dimensions': [1, 1, 1], 'recursive_limit': 1, 'mass': 1, 'position': [0.0, 0.5, 0.0], 'joint_position': [0.0, 1.0, 0.0], 'joint_axis': '0.7446 0.2525 0.8144', 'connections': []}"

0,"{'dimensions': [1, 1, 1], 'recursive_limit': 4, 'mass': 1, 'position': [0, 0, 0.5], 'joint_position': [0, 0.5, 0.5], 'joint_axis': '-0.4862  0.9122 -0.7562', 'connections': [1]}"
1,"{'dimensions': [1, 1, 1], 'recursive_limit': 3, 'mass': 1, 'position': [0.0, 0.5, 0.0], 'joint_position': [0.0, 1.0, 0.0], 'joint_axis': ' 0.6841 -0.824   0.9195', 'connections': [2]}"
2,"{'dimensions': [1, 1, 1], 'recursive_limit': 2, 'mass': 1, 'position': [0.0, 0.5, 0.0], 'joint_position': [0.0, 1.0, 0.0], 'joint_axis': '0.6251 0.868  0.2018', 'connections': []}"

0,"{'dimensions': [1, 1, 1], 'recursive_limit': 4, 'mass': 1, 'position': [0, 0, 0.5], 'joint_position': [0, 0.5, 0.5], 'joint_axis': ' 0.3443  0.5261 -0.5803', 'connections': [1]}"
1,"{'dimensions': [1, 1, 1], 'recursive_limit': 3, 'mass': 1, 'position': [0.0, 0.5, 0.0], 'joint_position': [0.0, 1.0, 0.0], 'joint_axis': '0.4511 0.6454 0.0728', 'connections': []}"



0,"{'dimensions': [1, 1, 1], 'recursive_limit': 4, 'mass': 1, 'position': [0, 0, 0.5], 'joint_position': [0, 0.5, 0.5], 'joint_axis': ' 0.1108  0.416  -0.2188', 'connections': [1]}"
1,"{'dimensions': [1, 1, 1], 'recursive_limit': 3, 'mass': 1, 'position': [0.0, 0.5, 0.0], 'joint_position': [0.0, 1.0, 0.0], 'joint_axis': ' 0.4115 -0.7094 -0.936 ', 'connections': [2]}"
2,"{'dimensions': [1, 1, 1], 'recursive_limit': 2, 'mass': 1, 'position': [0.0, 0.5, 0.0], 'joint_position': [0.0, 1.0, 0.0], 'joint_axis': ' 0.1743  0.1105 -0.3615', 'connections': []}"

0,"{'dimensions': [1, 1, 1], 'recursive_limit': 4, 'mass': 1, 'position': [0, 0, 0.5], 'joint_position': [0, 0.5, 0.5], 'joint_axis': '-0.386  -0.8455  0.4156', 'connections': [1]}"
1,"{'dimensions': [1, 1, 1], 'recursive_limit': 3, 'mass': 1, 'position': [0.0, 0.5, 0.0], 'joint_position': [0.0, 1.0, 0.0], 'joint_axis': ' 0.36    0.7428 -0.7968', 'connections': [2]}"
2,"{'dimensions': [1, 1, 1], 'recursive_limit': 2, 'mass': 1, 'position': [0.0, 0.5, 0.0], 'joint_position': [0.0, 1.0, 0.0], 'joint_axis': '-0.4533  0.117  -0.9376', 'connections': []}"

0,"{'dimensions': [1, 1, 1], 'recursive_limit': 4, 'mass': 1, 'position': [0, 0, 0.5], 'joint_position': [0, 0.5, 0.5], 'joint_axis': '0.4747 0.1185 0.8172', 'connections': [1]}"
1,"{'dimensions': [1, 1, 1], 'recursive_limit': 3, 'mass': 1, 'position': [0.0, 0.5, 0.0], 'joint_position': [0.0, 1.0, 0.0], 'joint_axis': ' 0.8879 -0.6893  0.6099', 'connections': [2]}"
2,"{'dimensions': [1, 1, 1], 'recursive_limit': 2, 'mass': 1, 'position': [0.0, 0.5, 0.0], 'joint_position': [0.0, 1.0, 0.0], 'joint_axis': '-0.4082 -0.176  -0.6701', 'connections': [3]}"
3,"{'dimensions': [1, 1, 1], 'recursive_limit': 1, 'mass': 1, 'position': [0.0, 0.5, 0.0], 'joint_position': [0.0, 1.0, 0.0], 'joint_axis': '0.7446 0.2525 0.8144', 'connections': []}"

0,"{'dimensions': [1, 1, 1], 'recursive_limit': 4, 'mass': 1, 'position': [0, 0, 0.5], 'joint_position': [0, 0.5, 0.5], 'joint_axis': '-0.4862  0.9122 -0.7562', 'connections': [1]}"
1,"{'dimensions': [1, 1, 1], 'recursive_limit': 3, 'mass': 1, 'position': [0.0, 0.5, 0.0], 'joint_position': [0.0, 1.0, 0.0], 'joint_axis': ' 0.6841 -0.824   0.9195', 'connections': [2]}"
2,"{'dimensions': [1, 1, 1], 'recursive_limit': 2, 'mass': 1, 'position': [0.0, 0.5, 0.0], 'joint_position': [0.0, 1.0, 0.0], 'joint_axis': '0.6251 0.868  0.2018', 'connections': []}"

0,"{'dimensions': [1, 1, 1], 'recursive_limit': 4, 'mass': 1, 'position': [0, 0, 0.5], 'joint_position': [0, 0.5, 0.5], 'joint_axis': ' 0.3443  0.5261 -0.5803', 'connections': [1]}"
1,"{'dimensions': [1, 1, 1], 'recursive_limit': 3, 'mass': 1, 'position': [0.0, 0.5, 0.0], 'joint_position': [0.0, 1.0, 0.0], 'joint_axis': '0.4511 0.6454 0.0728', 'connections': []}"



0,"{'dimensions': [1, 1, 1], 'recursive_limit': 4, 'mass': 1, 'position': [0, 0, 0.5], 'joint_position': [0, 0.5, 0.5], 'joint_axis': ' 0.1108  0.416  -0.2188', 'connections': [1]}"
1,"{'dimensions': [1, 1, 1], 'recursive_limit': 3, 'mass': 1, 'position': [0.0, 0.5, 0.0], 'joint_position': [0.0, 1.0, 0.0], 'joint_axis': ' 0.4115 -0.7094 -0.936 ', 'connections': [2]}"
2,"{'dimensions': [1, 1, 1], 'recursive_limit': 2, 'mass': 1, 'position': [0.0, 0.5, 0.0], 'joint_position': [0.0, 1.0, 0.0], 'joint_axis': ' 0.1743  0.1105 -0.3615', 'connections': []}"

0,"{'dimensions': [1, 1, 1], 'recursive_limit': 4, 'mass': 1, 'position': [0, 0, 0.5], 'joint_position': [0, 0.5, 0.5], 'joint_axis': '-0.386  -0.8455  0.4156', 'connections': [1]}"
1,"{'dimensions': [1, 1, 1], 'recursive_limit': 3, 'mass': 1, 'position': [0.0, 0.5, 0.0], 'joint_position': [0.0, 1.0, 0.0], 'joint_axis': ' 0.36    0.7428 -0.7968', 'connections': [2]}"
2,"{'dimensions': [1, 1, 1], 'recursive_limit': 2, 'mass': 1, 'position': [0.0, 0.5, 0.0], 'joint_position': [0.0, 1.0, 0.0], 'joint_axis': '-0.4533  0.117  -0.9376', 'connections': []}"

0,"{'dimensions': [1, 1, 1], 'recursive_limit': 4, 'mass': 1, 'position': [0, 0, 0.5], 'joint_position': [0, 0.5, 0.5], 'joint_axis': '0.4747 0.1185 0.8172', 'connections': [1]}"
1,"{'dimensions': [1, 1, 1], 'recursive_limit': 3, 'mass': 1, 'position': [0.0, 0.5, 0.0], 'joint_position': [0.0, 1.0, 0.0], 'joint_axis': ' 0.8879 -0.6893  0.6099', 'connections': [2]}"
2,"{'dimensions': [1, 1, 1], 'recursive_limit': 2, 'mass': 1, 'position': [0.0, 0.5, 0.0], 'joint_position': [0.0, 1.0, 0.0], 'joint_axis': '-0.4082 -0.176  -0.6701', 'connections': [3]}"
3,"{'dimensions': [1, 1, 1], 'recursive_limit': 1, 'mass': 1, 'position': [0.0, 0.5, 0.0], 'joint_position': [0.0, 1.0, 0.0], 'joint_axis': '0.7446 0.2525 0.8144', 'connections': []}"

0,"{'dimensions': [1, 1, 1], 'recursive_limit': 4, 'mass': 1, 'position': [0, 0, 0.5], 'joint_position': [0, 0.5, 0.5], 'joint_axis': '-0.4862  0.9122 -0.7562', 'connections': [1]}"
1,"{'dimensions': [1, 1, 1], 'recursive_limit': 3, 'mass': 1, 'position': [0.0, 0.5, 0.0], 'joint_position': [0.0, 1.0, 0.0], 'joint_axis': ' 0.6841 -0.824   0.9195', 'connections': [2]}"
2,"{'dimensions': [1, 1, 1], 'recursive_limit': 2, 'mass': 1, 'position': [0.0, 0.5, 0.0], 'joint_position': [0.0, 1.0, 0.0], 'joint_axis': '0.6251 0.868  0.2018', 'connections': []}"

0,"{'dimensions': [1, 1, 1], 'recursive_limit': 4, 'mass': 1, 'position': [0, 0, 0.5], 'joint_position': [0, 0.5, 0.5], 'joint_axis': ' 0.3443  0.5261 -0.5803', 'connections': [1]}"
1,"{'dimensions': [1, 1, 1], 'recursive_limit': 3, 'mass': 1, 'position': [0.0, 0.5, 0.0], 'joint_position': [0.0, 1.0, 0.0], 'joint_axis': '0.4511 0.6454 0.0728', 'connections': []}"



0,"{'dimensions': [1, 1, 1], 'recursive_limit': 4, 'mass': 1, 'position': [0, 0, 0.5], 'joint_position': [0, 0.5, 0.5], 'joint_axis': ' 0.1108  0.416  -0.2188', 'connections': [1]}"
1,"{'dimensions': [1, 1, 1], 'recursive_limit': 3, 'mass': 1, 'position': [0.0, 0.5, 0.0], 'joint_position': [0.0, 1.0, 0.0], 'joint_axis': ' 0.4115 -0.7094 -0.936 ', 'connections': [2]}"
2,"{'dimensions': [1, 1, 1], 'recursive_limit': 2, 'mass': 1, 'position': [0.0, 0.5, 0.0], 'joint_position': [0.0, 1.0, 0.0], 'joint_axis': ' 0.1743  0.1105 -0.3615', 'connections': []}"

0,"{'dimensions': [1, 1, 1], 'recursive_limit': 4, 'mass': 1, 'position': [0, 0, 0.5], 'joint_position': [0, 0.5, 0.5], 'joint_axis': '-0.386  -0.8455  0.4156', 'connections': [1]}"
1,"{'dimensions': [1, 1, 1], 'recursive_limit': 3, 'mass': 1, 'position': [0.0, 0.5, 0.0], 'joint_position': [0.0, 1.0, 0.0], 'joint_axis': ' 0.36    0.7428 -0.7968', 'connections': [2]}"
2,"{'dimensions': [1, 1, 1], 'recursive_limit': 2, 'mass': 1, 'position': [0.0, 0.5, 0.0], 'joint_position': [0.0, 1.0, 0.0], 'joint_axis': '-0.4533  0.117  -0.9376', 'connections': []}"

0,"{'dimensions': [1, 1, 1], 'recursive_limit': 4, 'mass': 1, 'position': [0, 0, 0.5], 'joint_position': [0, 0.5, 0.5], 'joint_axis': '0.4747 0.1185 0.8172', 'connections': [1]}"
1,"{'dimensions': [1, 1, 1], 'recursive_limit': 3, 'mass': 1, 'position': [0.0, 0.5, 0.0], 'joint_position': [0.0, 1.0, 0.0], 'joint_axis': ' 0.8879 -0.6893  0.6099', 'connections': [2]}"
2,"{'dimensions': [1, 1, 1], 'recursive_limit': 2, 'mass': 1, 'position': [0.0, 0.5, 0.0], 'joint_position': [0.0, 1.0, 0.0], 'joint_axis': '-0.4082 -0.176  -0.6701', 'connections': [3]}"
3,"{'dimensions': [1, 1, 1], 'recursive_limit': 1, 'mass': 1, 'position': [0.0, 0.5, 0.0], 'joint_position': [0.0, 1.0, 0.0], 'joint_axis': '0.7446 0.2525 0.8144', 'connections': []}"

0,"{'dimensions': [1, 1, 1], 'recursive_limit': 4, 'mass': 1, 'position': [0, 0, 0.5], 'joint_position': [0, 0.5, 0.5], 'joint_axis': '-0.4862  0.9122 -0.7562', 'connections': [1]}"
1,"{'dimensions': [1, 1, 1], 'recursive_limit': 3, 'mass': 1, 'position': [0.0, 0.5, 0.0], 'joint_position': [0.0, 1.0, 0.0], 'joint_axis': ' 0.6841 -0.824   0.9195', 'connections': [2]}"
2,"{'dimensions': [1, 1, 1], 'recursive_limit': 2, 'mass': 1, 'position': [0.0, 0.5, 0.0], 'joint_position': [0.0, 1.0, 0.0], 'joint_axis': '0.6251 0.868  0.2018', 'connections': []}"

0,"{'dimensions': [1, 1, 1], 'recursive_limit': 4, 'mass': 1, 'position': [0, 0, 0.5], 'joint_position': [0, 0.5, 0.5], 'joint_axis': ' 0.3443  0.5261 -0.5803', 'connections': [1]}"
1,"{'dimensions': [1, 1, 1], 'recursive_limit': 3, 'mass': 1, 'position': [0.0, 0.5, 0.0], 'joint_position': [0.0, 1.0, 0.0], 'joint_axis': '0.4511 0.6454 0.0728', 'connections': []}"



0,"{'dimensions': [1, 1, 1], 'recursive_limit': 4, 'mass': 1, 'position': [0, 0, 0.5], 'joint_position': [0, 0.5, 0.5], 'joint_axis': ' 0.1108  0.416  -0.2188', 'connections': [1]}"
1,"{'dimensions': [1, 1, 1], 'recursive_limit': 3, 'mass': 1, 'position': [0.0, 0.5, 0.0], 'joint_position': [0.0, 1.0, 0.0], 'joint_axis': ' 0.4115 -0.7094 -0.936 ', 'connections': [2]}"
2,"{'dimensions': [1, 1, 1], 'recursive_limit': 2, 'mass': 1, 'position': [0.0, 0.5, 0.0], 'joint_position': [0.0, 1.0, 0.0], 'joint_axis': ' 0.1743  0.1105 -0.3615', 'connections': []}"

0,"{'dimensions': [1, 1, 1], 'recursive_limit': 4, 'mass': 1, 'position': [0, 0, 0.5], 'joint_position': [0, 0.5, 0.5], 'joint_axis': '-0.386  -0.8455  0.4156', 'connections': [1]}"
1,"{'dimensions': [1, 1, 1], 'recursive_limit': 3, 'mass': 1, 'position': [0.0, 0.5, 0.0], 'joint_position': [0.0, 1.0, 0.0], 'joint_axis': ' 0.36    0.7428 -0.7968', 'connections': [2]}"
2,"{'dimensions': [1, 1, 1], 'recursive_limit': 2, 'mass': 1, 'position': [0.0, 0.5, 0.0], 'joint_position': [0.0, 1.0, 0.0], 'joint_axis': '-0.4533  0.117  -0.9376', 'connections': []}"

0,"{'dimensions': [1, 1, 1], 'recursive_limit': 4, 'mass': 1, 'position': [0, 0, 0.5], 'joint_position': [0, 0.5, 0.5], 'joint_axis': '0.4747 0.1185 0.8172', 'connections': [1]}"
1,"{'dimensions': [1, 1, 1], 'recursive_limit': 3, 'mass': 1, 'position': [0.0, 0.5, 0.0], 'joint_position': [0.0, 1.0, 0.0], 'joint_axis': ' 0.8879 -0.6893  0.6099', 'connections': [2]}"
2,"{'dimensions': [1, 1, 1], 'recursive_limit': 2, 'mass': 1, 'position': [0.0, 0.5, 0.0], 'joint_position': [0.0, 1.0, 0.0], 'joint_axis': '-0.4082 -0.176  -0.6701', 'connections': [3]}"
3,"{'dimensions': [1, 1, 1], 'recursive_limit': 1, 'mass': 1, 'position': [0.0, 0.5, 0.0], 'joint_position': [0.0, 1.0, 0.0], 'joint_axis': '0.7446 0.2525 0.8144', 'connections': []}"

0,"{'dimensions': [1, 1, 1], 'recursive_limit': 4, 'mass': 1, 'position': [0, 0, 0.5], 'joint_position': [0, 0.5, 0.5], 'joint_axis': '-0.4862  0.9122 -0.7562', 'connections': [1]}"
1,"{'dimensions': [1, 1, 1], 'recursive_limit': 3, 'mass': 1, 'position': [0.0, 0.5, 0.0], 'joint_position': [0.0, 1.0, 0.0], 'joint_axis': ' 0.6841 -0.824   0.9195', 'connections': [2]}"
2,"{'dimensions': [1, 1, 1], 'recursive_limit': 2, 'mass': 1, 'position': [0.0, 0.5, 0.0], 'joint_position': [0.0, 1.0, 0.0], 'joint_axis': '0.6251 0.868  0.2018', 'connections': []}"

0,"{'dimensions': [1, 1, 1], 'recursive_limit': 4, 'mass': 1, 'position': [0, 0, 0.5], 'joint_position': [0, 0.5, 0.5], 'joint_axis': ' 0.3443  0.5261 -0.5803', 'connections': [1]}"
1,"{'dimensions': [1, 1, 1], 'recursive_limit': 3, 'mass': 1, 'position': [0.0, 0.5, 0.0], 'joint_position': [0.0, 1.0, 0.0], 'joint_axis': '0.4511 0.6454 0.0728', 'connections': []}"



0,"{'dimensions': [1, 1, 1], 'recursive_limit': 4, 'mass': 1, 'position': [0, 0, 0.5], 'joint_position': [0, 0.5, 0.5], 'joint_axis': ' 0.1108  0.416  -0.2188', 'connections': [1]}"
1,"{'dimensions': [1, 1, 1], 'recursive_limit': 3, 'mass': 1, 'position': [0.0, 0.5, 0.0], 'joint_position': [0.0, 1.0, 0.0], 'joint_axis': ' 0.4115 -0.7094 -0.936 ', 'connections': [2]}"
2,"{'dimensions': [1, 1, 1], 'recursive_limit': 2, 'mass': 1, 'position': [0.0, 0.5, 0.0], 'joint_position': [0.0, 1.0, 0.0], 'joint_axis': ' 0.1743  0.1105 -0.3615', 'connections': []}"

0,"{'dimensions': [1, 1, 1], 'recursive_limit': 4, 'mass': 1, 'position': [0, 0, 0.5], 'joint_position': [0, 0.5, 0.5], 'joint_axis': '-0.386  -0.8455  0.4156', 'connections': [1]}"
1,"{'dimensions': [1, 1, 1], 'recursive_limit': 3, 'mass': 1, 'position': [0.0, 0.5, 0.0], 'joint_position': [0.0, 1.0, 0.0], 'joint_axis': ' 0.36    0.7428 -0.7968', 'connections': [2]}"
2,"{'dimensions': [1, 1, 1], 'recursive_limit': 2, 'mass': 1, 'position': [0.0, 0.5, 0.0], 'joint_position': [0.0, 1.0, 0.0], 'joint_axis': '-0.4533  0.117  -0.9376', 'connections': []}"

0,"{'dimensions': [1, 1, 1], 'recursive_limit': 4, 'mass': 1, 'position': [0, 0, 0.5], 'joint_position': [0, 0.5, 0.5], 'joint_axis': '0.4747 0.1185 0.8172', 'connections': [1]}"
1,"{'dimensions': [1, 1, 1], 'recursive_limit': 3, 'mass': 1, 'position': [0.0, 0.5, 0.0], 'joint_position': [0.0, 1.0, 0.0], 'joint_axis': ' 0.8879 -0.6893  0.6099', 'connections': [2]}"
2,"{'dimensions': [1, 1, 1], 'recursive_limit': 2, 'mass': 1, 'position': [0.0, 0.5, 0.0], 'joint_position': [0.0, 1.0, 0.0], 'joint_axis': '-0.4082 -0.176  -0.6701', 'connections': [3]}"
3,"{'dimensions': [1, 1, 1], 'recursive_limit': 1, 'mass': 1, 'position': [0.0, 0.5, 0.0], 'joint_position': [0.0, 1.0, 0.0], 'joint_axis': '0.7446 0.2525 0.8144', 'connections': []}"

0,"{'dimensions': [1, 1, 1], 'recursive_limit': 4, 'mass': 1, 'position': [0, 0, 0.5], 'joint_position': [0, 0.5, 0.5], 'joint_axis': '-0.4862  0.9122 -0.7562', 'connections': [1]}"
1,"{'dimensions': [1, 1, 1], 'recursive_limit': 3, 'mass': 1, 'position': [0.0, 0.5, 0.0], 'joint_position': [0.0, 1.0, 0.0], 'joint_axis': ' 0.6841 -0.824   0.9195', 'connections': [2]}"
2,"{'dimensions': [1, 1, 1], 'recursive_limit': 2, 'mass': 1, 'position': [0.0, 0.5, 0.0], 'joint_position': [0.0, 1.0, 0.0], 'joint_axis': '0.6251 0.868  0.2018', 'connections': []}"

0,"{'dimensions': [1, 1, 1], 'recursive_limit': 4, 'mass': 1, 'position': [0, 0, 0.5], 'joint_position': [0, 0.5, 0.5], 'joint_axis': ' 0.3443  0.5261 -0.5803', 'connections': [1]}"
1,"{'dimensions': [1, 1, 1], 'recursive_limit': 3, 'mass': 1, 'position': [0.0, 0.5, 0.0], 'joint_position': [0.0, 1.0, 0.0], 'joint_axis': '0.4511 0.6454 0.0728', 'connections': []}"



0,"{'dimensions': [1, 1, 1], 'recursive_limit': 4, 'mass': 1, 'position': [0, 0, 0.5], 'joint_position': [0, 0.5, 0.5], 'joint_axis': ' 0.1108  0.416  -0.2188', 'connections': [1]}"
1,"{'dimensions': [1, 1, 1], 'recursive_limit': 3, 'mass': 1, 'position': [0.0, 0.5, 0.0], 'joint_position': [0.0, 1.0, 0.0], 'joint_axis': ' 0.4115 -0.7094 -0.936 ', 'connections': [2]}"
2,"{'dimensions': [1, 1, 1], 'recursive_limit': 2, 'mass': 1, 'position': [0.0, 0.5, 0.0], 'joint_position': [0.0, 1.0, 0.0], 'joint_axis': ' 0.1743  0.1105 -0.3615', 'connections': []}"

0,"{'dimensions': [1, 1, 1], 'recursive_limit': 4, 'mass': 1, 'position': [0, 0, 0.5], 'joint_position': [0, 0.5, 0.5], 'joint_axis': '-0.386  -0.8455  0.4156', 'connections': [1]}"
1,"{'dimensions': [1, 1, 1], 'recursive_limit': 3, 'mass': 1, 'position': [0.0, 0.5, 0.0], 'joint_position': [0.0, 1.0, 0.0], 'joint_axis': ' 0.36    0.7428 -0.7968', 'connections': [2]}"
2,"{'dimensions': [1, 1, 1], 'recursive_limit': 2, 'mass': 1, 'position': [0.0, 0.5, 0.0], 'joint_position': [0.0, 1.0, 0.0], 'joint_axis': '-0.4533  0.117  -0.9376', 'connections': []}"

0,"{'dimensions': [1, 1, 1], 'recursive_limit': 4, 'mass': 1, 'position': [0, 0, 0.5], 'joint_position': [0, 0.5, 0.5], 'joint_axis': '0.4747 0.1185 0.8172', 'connections': [1]}"
1,"{'dimensions': [1, 1, 1], 'recursive_limit': 3, 'mass': 1, 'position': [0.0, 0.5, 0.0], 'joint_position': [0.0, 1.0, 0.0], 'joint_axis': ' 0.8879 -0.6893  0.6099', 'connections': [2]}"
2,"{'dimensions': [1, 1, 1], 'recursive_limit': 2, 'mass': 1, 'position': [0.0, 0.5, 0.0], 'joint_position': [0.0, 1.0, 0.0], 'joint_axis': '-0.4082 -0.176  -0.6701', 'connections': [3]}"
3,"{'dimensions': [1, 1, 1], 'recursive_limit': 1, 'mass': 1, 'position': [0.0, 0.5, 0.0], 'joint_position': [0.0, 1.0, 0.0], 'joint_axis': '0.7446 0.2525 0.8144', 'connections': []}"

0,"{'dimensions': [1, 1, 1], 'recursive_limit': 4, 'mass': 1, 'position': [0, 0, 0.5], 'joint_position': [0, 0.5, 0.5], 'joint_axis': '-0.4862  0.9122 -0.7562', 'connections': [1]}"
1,"{'dimensions': [1, 1, 1], 'recursive_limit': 3, 'mass': 1, 'position': [0.0, 0.5, 0.0], 'joint_position': [0.0, 1.0, 0.0], 'joint_axis': ' 0.6841 -0.824   0.9195', 'connections': [2]}"
2,"{'dimensions': [1, 1, 1], 'recursive_limit': 2, 'mass': 1, 'position': [0.0, 0.5, 0.0], 'joint_position': [0.0, 1.0, 0.0], 'joint_axis': '0.6251 0.868  0.2018', 'connections': []}"

0,"{'dimensions': [1, 1, 1], 'recursive_limit': 4, 'mass': 1, 'position': [0, 0, 0.5], 'joint_position': [0, 0.5, 0.5], 'joint_axis': ' 0.3443  0.5261 -0.5803', 'connections': [1]}"
1,"{'dimensions': [1, 1, 1], 'recursive_limit': 3, 'mass': 1, 'position': [0.0, 0.5, 0.0], 'joint_position': [0.0, 1.0, 0.0], 'joint_axis': '0.4511 0.6454 0.0728', 'connections': []}"



0,"{'dimensions': [1, 1, 1], 'recursive_limit': 4, 'mass': 1, 'position': [0, 0, 0.5], 'joint_position': [0, 0.5, 0.5], 'joint_axis': ' 0.1108  0.416  -0.2188', 'connections': [1]}"
1,"{'dimensions': [1, 1, 1], 'recursive_limit': 3, 'mass': 1, 'position': [0.0, 0.5, 0.0], 'joint_position': [0.0, 1.0, 0.0], 'joint_axis': ' 0.4115 -0.7094 -0.936 ', 'connections': [2]}"
2,"{'dimensions': [1, 1, 1], 'recursive_limit': 2, 'mass': 1, 'position': [0.0, 0.5, 0.0], 'joint_position': [0.0, 1.0, 0.0], 'joint_axis': ' 0.1743  0.1105 -0.3615', 'connections': []}"

0,"{'dimensions': [1, 1, 1], 'recursive_limit': 4, 'mass': 1, 'position': [0, 0, 0.5], 'joint_position': [0, 0.5, 0.5], 'joint_axis': '-0.386  -0.8455  0.4156', 'connections': [1]}"
1,"{'dimensions': [1, 1, 1], 'recursive_limit': 3, 'mass': 1, 'position': [0.0, 0.5, 0.0], 'joint_position': [0.0, 1.0, 0.0], 'joint_axis': ' 0.36    0.7428 -0.7968', 'connections': [2]}"
2,"{'dimensions': [1, 1, 1], 'recursive_limit': 2, 'mass': 1, 'position': [0.0, 0.5, 0.0], 'joint_position': [0.0, 1.0, 0.0], 'joint_axis': '-0.4533  0.117  -0.9376', 'connections': []}"

0,"{'dimensions': [1, 1, 1], 'recursive_limit': 4, 'mass': 1, 'position': [0, 0, 0.5], 'joint_position': [0, 0.5, 0.5], 'joint_axis': '0.4747 0.1185 0.8172', 'connections': [1]}"
1,"{'dimensions': [1, 1, 1], 'recursive_limit': 3, 'mass': 1, 'position': [0.0, 0.5, 0.0], 'joint_position': [0.0, 1.0, 0.0], 'joint_axis': ' 0.8879 -0.6893  0.6099', 'connections': [2]}"
2,"{'dimensions': [1, 1, 1], 'recursive_limit': 2, 'mass': 1, 'position': [0.0, 0.5, 0.0], 'joint_position': [0.0, 1.0, 0.0], 'joint_axis': '-0.4082 -0.176  -0.6701', 'connections': [3]}"
3,"{'dimensions': [1, 1, 1], 'recursive_limit': 1, 'mass': 1, 'position': [0.0, 0.5, 0.0], 'joint_position': [0.0, 1.0, 0.0], 'joint_axis': '0.7446 0.2525 0.8144', 'connections': []}"

0,"{'dimensions': [1, 1, 1], 'recursive_limit': 4, 'mass': 1, 'position': [0, 0, 0.5], 'joint_position': [0, 0.5, 0.5], 'joint_axis': '-0.4862  0.9122 -0.7562', 'connections': [1]}"
1,"{'dimensions': [1, 1, 1], 'recursive_limit': 3, 'mass': 1, 'position': [0.0, 0.5, 0.0], 'joint_position': [0.0, 1.0, 0.0], 'joint_axis': ' 0.6841 -0.824   0.9195', 'connections': [2]}"
2,"{'dimensions': [1, 1, 1], 'recursive_limit': 2, 'mass': 1, 'position': [0.0, 0.5, 0.0], 'joint_position': [0.0, 1.0, 0.0], 'joint_axis': '0.6251 0.868  0.2018', 'connections': []}"

0,"{'dimensions': [1, 1, 1], 'recursive_limit': 4, 'mass': 1, 'position': [0, 0, 0.5], 'joint_position': [0, 0.5, 0.5], 'joint_axis': ' 0.3443  0.5261 -0.5803', 'connections': [1]}"
1,"{'dimensions': [1, 1, 1], 'recursive_limit': 3, 'mass': 1, 'position': [0.0, 0.5, 0.0], 'joint_position': [0.0, 1.0, 0.0], 'joint_axis': '0.4511 0.6454 0.0728', 'connections': []}"



0,"{'dimensions': [1, 1, 1], 'recursive_limit': 4, 'mass': 1, 'position': [0, 0, 0.5], 'joint_position': [0, 0.5, 0.5], 'joint_axis': ' 0.1108  0.416  -0.2188', 'connections': [1]}"
1,"{'dimensions': [1, 1, 1], 'recursive_limit': 3, 'mass': 1, 'position': [0.0, 0.5, 0.0], 'joint_position': [0.0, 1.0, 0.0], 'joint_axis': ' 0.4115 -0.7094 -0.936 ', 'connections': [2]}"
2,"{'dimensions': [1, 1, 1], 'recursive_limit': 2, 'mass': 1, 'position': [0.0, 0.5, 0.0], 'joint_position': [0.0, 1.0, 0.0], 'joint_axis': ' 0.1743  0.1105 -0.3615', 'connections': []}"

0,"{'dimensions': [1, 1, 1], 'recursive_limit': 4, 'mass': 1, 'position': [0, 0, 0.5], 'joint_position': [0, 0.5, 0.5], 'joint_axis': '-0.386  -0.8455  0.4156', 'connections': [1]}"
1,"{'dimensions': [1, 1, 1], 'recursive_limit': 3, 'mass': 1, 'position': [0.0, 0.5, 0.0], 'joint_position': [0.0, 1.0, 0.0], 'joint_axis': ' 0.36    0.7428 -0.7968', 'connections': [2]}"
2,"{'dimensions': [1, 1, 1], 'recursive_limit': 2, 'mass': 1, 'position': [0.0, 0.5, 0.0], 'joint_position': [0.0, 1.0, 0.0], 'joint_axis': '-0.4533  0.117  -0.9376', 'connections': []}"

0,"{'dimensions': [1, 1, 1], 'recursive_limit': 4, 'mass': 1, 'position': [0, 0, 0.5], 'joint_position': [0, 0.5, 0.5], 'joint_axis': '0.4747 0.1185 0.8172', 'connections': [1]}"
1,"{'dimensions': [1, 1, 1], 'recursive_limit': 3, 'mass': 1, 'position': [0.0, 0.5, 0.0], 'joint_position': [0.0, 1.0, 0.0], 'joint_axis': ' 0.8879 -0.6893  0.6099', 'connections': [2]}"
2,"{'dimensions': [1, 1, 1], 'recursive_limit': 2, 'mass': 1, 'position': [0.0, 0.5, 0.0], 'joint_position': [0.0, 1.0, 0.0], 'joint_axis': '-0.4082 -0.176  -0.6701', 'connections': [3]}"
3,"{'dimensions': [1, 1, 1], 'recursive_limit': 1, 'mass': 1, 'position': [0.0, 0.5, 0.0], 'joint_position': [0.0, 1.0, 0.0], 'joint_axis': '0.7446 0.2525 0.8144', 'connections': []}"

0,"{'dimensions': [1, 1, 1], 'recursive_limit': 4, 'mass': 1, 'position': [0, 0, 0.5], 'joint_position': [0, 0.5, 0.5], 'joint_axis': '-0.4862  0.9122 -0.7562', 'connections': [1]}"
1,"{'dimensions': [1, 1, 1], 'recursive_limit': 3, 'mass': 1, 'position': [0.0, 0.5, 0.0], 'joint_position': [0.0, 1.0, 0.0], 'joint_axis': ' 0.6841 -0.824   0.9195', 'connections': [2]}"
2,"{'dimensions': [1, 1, 1], 'recursive_limit': 2, 'mass': 1, 'position': [0.0, 0.5, 0.0], 'joint_position': [0.0, 1.0, 0.0], 'joint_axis': '0.6251 0.868  0.2018', 'connections': []}"

0,"{'dimensions': [1, 1, 1], 'recursive_limit': 4, 'mass': 1, 'position': [0, 0, 0.5], 'joint_position': [0, 0.5, 0.5], 'joint_axis': ' 0.3443  0.5261 -0.5803', 'connections': [1]}"
1,"{'dimensions': [1, 1, 1], 'recursive_limit': 3, 'mass': 1, 'position': [0.0, 0.5, 0.0], 'joint_position': [0.0, 1.0, 0.0], 'joint_axis': '0.4511 0.6454 0.0728', 'connections': []}"



0,"{'dimensions': [1, 1, 1], 'recursive_limit': 4, 'mass': 1, 'position': [0, 0, 0.5], 'joint_position': [0, 0.5, 0.5], 'joint_axis': ' 0.1108  0.416  -0.2188', 'connections': [1]}"
1,"{'dimensions': [1, 1, 1], 'recursive_limit': 3, 'mass': 1, 'position': [0.0, 0.5, 0.0], 'joint_position': [0.0, 1.0, 0.0], 'joint_axis': ' 0.4115 -0.7094 -0.936 ', 'connections': [2]}"
2,"{'dimensions': [1, 1, 1], 'recursive_limit': 2, 'mass': 1, 'position': [0.0, 0.5, 0.0], 'joint_position': [0.0, 1.0, 0.0], 'joint_axis': ' 0.1743  0.1105 -0.3615', 'connections': []}"

0,"{'dimensions': [1, 1, 1], 'recursive_limit': 4, 'mass': 1, 'position': [0, 0, 0.5], 'joint_position': [0, 0.5, 0.5], 'joint_axis': '-0.386  -0.8455  0.4156', 'connections': [1]}"
1,"{'dimensions': [1, 1, 1], 'recursive_limit': 3, 'mass': 1, 'position': [0.0, 0.5, 0.0], 'joint_position': [0.0, 1.0, 0.0], 'joint_axis': ' 0.36    0.7428 -0.7968', 'connections': [2]}"
2,"{'dimensions': [1, 1, 1], 'recursive_limit': 2, 'mass': 1, 'position': [0.0, 0.5, 0.0], 'joint_position': [0.0, 1.0, 0.0], 'joint_axis': '-0.4533  0.117  -0.9376', 'connections': []}"

0,"{'dimensions': [1, 1, 1], 'recursive_limit': 4, 'mass': 1, 'position': [0, 0, 0.5], 'joint_position': [0, 0.5, 0.5], 'joint_axis': '0.4747 0.1185 0.8172', 'connections': [1]}"
1,"{'dimensions': [1, 1, 1], 'recursive_limit': 3, 'mass': 1, 'position': [0.0, 0.5, 0.0], 'joint_position': [0.0, 1.0, 0.0], 'joint_axis': ' 0.8879 -0.6893  0.6099', 'connections': [2]}"
2,"{'dimensions': [1, 1, 1], 'recursive_limit': 2, 'mass': 1, 'position': [0.0, 0.5, 0.0], 'joint_position': [0.0, 1.0, 0.0], 'joint_axis': '-0.4082 -0.176  -0.6701', 'connections': [3]}"
3,"{'dimensions': [1, 1, 1], 'recursive_limit': 1, 'mass': 1, 'position': [0.0, 0.5, 0.0], 'joint_position': [0.0, 1.0, 0.0], 'joint_axis': '0.7446 0.2525 0.8144', 'connections': []}"

0,"{'dimensions': [1, 1, 1], 'recursive_limit': 4, 'mass': 1, 'position': [0, 0, 0.5], 'joint_position': [0, 0.5, 0.5], 'joint_axis': '-0.4862  0.9122 -0.7562', 'connections': [1]}"
1,"{'dimensions': [1, 1, 1], 'recursive_limit': 3, 'mass': 1, 'position': [0.0, 0.5, 0.0], 'joint_position': [0.0, 1.0, 0.0], 'joint_axis': ' 0.6841 -0.824   0.9195', 'connections': [2]}"
2,"{'dimensions': [1, 1, 1], 'recursive_limit': 2, 'mass': 1, 'position': [0.0, 0.5, 0.0], 'joint_position': [0.0, 1.0, 0.0], 'joint_axis': '0.6251 0.868  0.2018', 'connections': []}"

0,"{'dimensions': [1, 1, 1], 'recursive_limit': 4, 'mass': 1, 'position': [0, 0, 0.5], 'joint_position': [0, 0.5, 0.5], 'joint_axis': ' 0.3443  0.5261 -0.5803', 'connections': [1]}"
1,"{'dimensions': [1, 1, 1], 'recursive_limit': 3, 'mass': 1, 'position': [0.0, 0.5, 0.0], 'joint_position': [0.0, 1.0, 0.0], 'joint_axis': '0.4511 0.6454 0.0728', 'connections': []}"



0,"{'dimensions': [1, 1, 1], 'recursive_limit': 4, 'mass': 1, 'position': [0, 0, 0.5], 'joint_position': [0, 0.5, 0.5], 'joint_axis': ' 0.1108  0.416  -0.2188', 'connections': [1]}"
1,"{'dimensions': [1, 1, 1], 'recursive_limit': 3, 'mass': 1, 'position': [0.0, 0.5, 0.0], 'joint_position': [0.0, 1.0, 0.0], 'joint_axis': ' 0.4115 -0.7094 -0.936 ', 'connections': [2]}"
2,"{'dimensions': [1, 1, 1], 'recursive_limit': 2, 'mass': 1, 'position': [0.0, 0.5, 0.0], 'joint_position': [0.0, 1.0, 0.0], 'joint_axis': ' 0.1743  0.1105 -0.3615', 'connections': []}"

0,"{'dimensions': [1, 1, 1], 'recursive_limit': 4, 'mass': 1, 'position': [0, 0, 0.5], 'joint_position': [0, 0.5, 0.5], 'joint_axis': '-0.386  -0.8455  0.4156', 'connections': [1]}"
1,"{'dimensions': [1, 1, 1], 'recursive_limit': 3, 'mass': 1, 'position': [0.0, 0.5, 0.0], 'joint_position': [0.0, 1.0, 0.0], 'joint_axis': ' 0.36    0.7428 -0.7968', 'connections': [2]}"
2,"{'dimensions': [1, 1, 1], 'recursive_limit': 2, 'mass': 1, 'position': [0.0, 0.5, 0.0], 'joint_position': [0.0, 1.0, 0.0], 'joint_axis': '-0.4533  0.117  -0.9376', 'connections': []}"

0,"{'dimensions': [1, 1, 1], 'recursive_limit': 4, 'mass': 1, 'position': [0, 0, 0.5], 'joint_position': [0, 0.5, 0.5], 'joint_axis': '0.4747 0.1185 0.8172', 'connections': [1]}"
1,"{'dimensions': [1, 1, 1], 'recursive_limit': 3, 'mass': 1, 'position': [0.0, 0.5, 0.0], 'joint_position': [0.0, 1.0, 0.0], 'joint_axis': ' 0.8879 -0.6893  0.6099', 'connections': [2]}"
2,"{'dimensions': [1, 1, 1], 'recursive_limit': 2, 'mass': 1, 'position': [0.0, 0.5, 0.0], 'joint_position': [0.0, 1.0, 0.0], 'joint_axis': '-0.4082 -0.176  -0.6701', 'connections': [3]}"
3,"{'dimensions': [1, 1, 1], 'recursive_limit': 1, 'mass': 1, 'position': [0.0, 0.5, 0.0], 'joint_position': [0.0, 1.0, 0.0], 'joint_axis': '0.7446 0.2525 0.8144', 'connections': []}"

0,"{'dimensions': [1, 1, 1], 'recursive_limit': 4, 'mass': 1, 'position': [0, 0, 0.5], 'joint_position': [0, 0.5, 0.5], 'joint_axis': '-0.4862  0.9122 -0.7562', 'connections': [1]}"
1,"{'dimensions': [1, 1, 1], 'recursive_limit': 3, 'mass': 1, 'position': [0.0, 0.5, 0.0], 'joint_position': [0.0, 1.0, 0.0], 'joint_axis': ' 0.6841 -0.824   0.9195', 'connections': [2]}"
2,"{'dimensions': [1, 1, 1], 'recursive_limit': 2, 'mass': 1, 'position': [0.0, 0.5, 0.0], 'joint_position': [0.0, 1.0, 0.0], 'joint_axis': '0.6251 0.868  0.2018', 'connections': []}"

0,"{'dimensions': [1, 1, 1], 'recursive_limit': 4, 'mass': 1, 'position': [0, 0, 0.5], 'joint_position': [0, 0.5, 0.5], 'joint_axis': ' 0.3443  0.5261 -0.5803', 'connections': [1]}"
1,"{'dimensions': [1, 1, 1], 'recursive_limit': 3, 'mass': 1, 'position': [0.0, 0.5, 0.0], 'joint_position': [0.0, 1.0, 0.0], 'joint_axis': '0.4511 0.6454 0.0728', 'connections': []}"



0,"{'dimensions': [1, 1, 1], 'recursive_limit': 4, 'mass': 1, 'position': [0, 0, 0.5], 'joint_position': [0, 0.5, 0.5], 'joint_axis': ' 0.1108  0.416  -0.2188', 'connections': [1]}"
1,"{'dimensions': [1, 1, 1], 'recursive_limit': 3, 'mass': 1, 'position': [0.0, 0.5, 0.0], 'joint_position': [0.0, 1.0, 0.0], 'joint_axis': ' 0.4115 -0.7094 -0.936 ', 'connections': [2]}"
2,"{'dimensions': [1, 1, 1], 'recursive_limit': 2, 'mass': 1, 'position': [0.0, 0.5, 0.0], 'joint_position': [0.0, 1.0, 0.0], 'joint_axis': ' 0.1743  0.1105 -0.3615', 'connections': []}"

0,"{'dimensions': [1, 1, 1], 'recursive_limit': 4, 'mass': 1, 'position': [0, 0, 0.5], 'joint_position': [0, 0.5, 0.5], 'joint_axis': '-0.386  -0.8455  0.4156', 'connections': [1]}"
1,"{'dimensions': [1, 1, 1], 'recursive_limit': 3, 'mass': 1, 'position': [0.0, 0.5, 0.0], 'joint_position': [0.0, 1.0, 0.0], 'joint_axis': ' 0.36    0.7428 -0.7968', 'connections': [2]}"
2,"{'dimensions': [1, 1, 1], 'recursive_limit': 2, 'mass': 1, 'position': [0.0, 0.5, 0.0], 'joint_position': [0.0, 1.0, 0.0], 'joint_axis': '-0.4533  0.117  -0.9376', 'connections': []}"

0,"{'dimensions': [1, 1, 1], 'recursive_limit': 4, 'mass': 1, 'position': [0, 0, 0.5], 'joint_position': [0, 0.5, 0.5], 'joint_axis': '0.4747 0.1185 0.8172', 'connections': [1]}"
1,"{'dimensions': [1, 1, 1], 'recursive_limit': 3, 'mass': 1, 'position': [0.0, 0.5, 0.0], 'joint_position': [0.0, 1.0, 0.0], 'joint_axis': ' 0.8879 -0.6893  0.6099', 'connections': [2]}"
2,"{'dimensions': [1, 1, 1], 'recursive_limit': 2, 'mass': 1, 'position': [0.0, 0.5, 0.0], 'joint_position': [0.0, 1.0, 0.0], 'joint_axis': '-0.4082 -0.176  -0.6701', 'connections': [3]}"
3,"{'dimensions': [1, 1, 1], 'recursive_limit': 1, 'mass': 1, 'position': [0.0, 0.5, 0.0], 'joint_position': [0.0, 1.0, 0.0], 'joint_axis': '0.7446 0.2525 0.8144', 'connections': []}"

0,"{'dimensions': [1, 1, 1], 'recursive_limit': 4, 'mass': 1, 'position': [0, 0, 0.5], 'joint_position': [0, 0.5, 0.5], 'joint_axis': '-0.4862  0.9122 -0.7562', 'connections': [1]}"
1,"{'dimensions': [1, 1, 1], 'recursive_limit': 3, 'mass': 1, 'position': [0.0, 0.5, 0.0], 'joint_position': [0.0, 1.0, 0.0], 'joint_axis': ' 0.6841 -0.824   0.9195', 'connections': [2]}"
2,"{'dimensions': [1, 1, 1], 'recursive_limit': 2, 'mass': 1, 'position': [0.0, 0.5, 0.0], 'joint_position': [0.0, 1.0, 0.0], 'joint_axis': '0.6251 0.868  0.2018', 'connections': []}"

0,"{'dimensions': [1, 1, 1], 'recursive_limit': 4, 'mass': 1, 'position': [0, 0, 0.5], 'joint_position': [0, 0.5, 0.5], 'joint_axis': ' 0.3443  0.5261 -0.5803', 'connections': [1]}"
1,"{'dimensions': [1, 1, 1], 'recursive_limit': 3, 'mass': 1, 'position': [0.0, 0.5, 0.0], 'joint_position': [0.0, 1.0, 0.0], 'joint_axis': '0.4511 0.6454 0.0728', 'connections': []}"



0,"{'dimensions': [1, 1, 1], 'recursive_limit': 4, 'mass': 1, 'position': [0, 0, 0.5], 'joint_position': [0, 0.5, 0.5], 'joint_axis': ' 0.1108  0.416  -0.2188', 'connections': [1]}"
1,"{'dimensions': [1, 1, 1], 'recursive_limit': 3, 'mass': 1, 'position': [0.0, 0.5, 0.0], 'joint_position': [0.0, 1.0, 0.0], 'joint_axis': ' 0.4115 -0.7094 -0.936 ', 'connections': [2]}"
2,"{'dimensions': [1, 1, 1], 'recursive_limit': 2, 'mass': 1, 'position': [0.0, 0.5, 0.0], 'joint_position': [0.0, 1.0, 0.0], 'joint_axis': ' 0.1743  0.1105 -0.3615', 'connections': []}"

0,"{'dimensions': [1, 1, 1], 'recursive_limit': 4, 'mass': 1, 'position': [0, 0, 0.5], 'joint_position': [0, 0.5, 0.5], 'joint_axis': '-0.386  -0.8455  0.4156', 'connections': [1]}"
1,"{'dimensions': [1, 1, 1], 'recursive_limit': 3, 'mass': 1, 'position': [0.0, 0.5, 0.0], 'joint_position': [0.0, 1.0, 0.0], 'joint_axis': ' 0.36    0.7428 -0.7968', 'connections': [2]}"
2,"{'dimensions': [1, 1, 1], 'recursive_limit': 2, 'mass': 1, 'position': [0.0, 0.5, 0.0], 'joint_position': [0.0, 1.0, 0.0], 'joint_axis': '-0.4533  0.117  -0.9376', 'connections': []}"

0,"{'dimensions': [1, 1, 1], 'recursive_limit': 4, 'mass': 1, 'position': [0, 0, 0.5], 'joint_position': [0, 0.5, 0.5], 'joint_axis': '0.4747 0.1185 0.8172', 'connections': [1]}"
1,"{'dimensions': [1, 1, 1], 'recursive_limit': 3, 'mass': 1, 'position': [0.0, 0.5, 0.0], 'joint_position': [0.0, 1.0, 0.0], 'joint_axis': ' 0.8879 -0.6893  0.6099', 'connections': [2]}"
2,"{'dimensions': [1, 1, 1], 'recursive_limit': 2, 'mass': 1, 'position': [0.0, 0.5, 0.0], 'joint_position': [0.0, 1.0, 0.0], 'joint_axis': '-0.4082 -0.176  -0.6701', 'connections': [3]}"
3,"{'dimensions': [1, 1, 1], 'recursive_limit': 1, 'mass': 1, 'position': [0.0, 0.5, 0.0], 'joint_position': [0.0, 1.0, 0.0], 'joint_axis': '0.7446 0.2525 0.8144', 'connections': []}"

0,"{'dimensions': [1, 1, 1], 'recursive_limit': 4, 'mass': 1, 'position': [0, 0, 0.5], 'joint_position': [0, 0.5, 0.5], 'joint_axis': '-0.4862  0.9122 -0.7562', 'connections': [1]}"
1,"{'dimensions': [1, 1, 1], 'recursive_limit': 3, 'mass': 1, 'position': [0.0, 0.5, 0.0], 'joint_position': [0.0, 1.0, 0.0], 'joint_axis': ' 0.6841 -0.824   0.9195', 'connections': [2]}"
2,"{'dimensions': [1, 1, 1], 'recursive_limit': 2, 'mass': 1, 'position': [0.0, 0.5, 0.0], 'joint_position': [0.0, 1.0, 0.0], 'joint_axis': '0.6251 0.868  0.2018', 'connections': []}"

0,"{'dimensions': [1, 1, 1], 'recursive_limit': 4, 'mass': 1, 'position': [0, 0, 0.5], 'joint_position': [0, 0.5, 0.5], 'joint_axis': ' 0.3443  0.5261 -0.5803', 'connections': [1]}"
1,"{'dimensions': [1, 1, 1], 'recursive_limit': 3, 'mass': 1, 'position': [0.0, 0.5, 0.0], 'joint_position': [0.0, 1.0, 0.0], 'joint_axis': '0.4511 0.6454 0.0728', 'connections': []}"



0,"{'dimensions': [1, 1, 1], 'recursive_limit': 4, 'mass': 1, 'position': [0, 0, 0.5], 'joint_position': [0, 0.5, 0.5], 'joint_axis': ' 0.1108  0.416  -0.2188', 'connections': [1]}"
1,"{'dimensions': [1, 1, 1], 'recursive_limit': 3, 'mass': 1, 'position': [0.0, 0.5, 0.0], 'joint_position': [0.0, 1.0, 0.0], 'joint_axis': ' 0.4115 -0.7094 -0.936 ', 'connections': [2]}"
2,"{'dimensions': [1, 1, 1], 'recursive_limit': 2, 'mass': 1, 'position': [0.0, 0.5, 0.0], 'joint_position': [0.0, 1.0, 0.0], 'joint_axis': ' 0.1743  0.1105 -0.3615', 'connections': []}"

0,"{'dimensions': [1, 1, 1], 'recursive_limit': 4, 'mass': 1, 'position': [0, 0, 0.5], 'joint_position': [0, 0.5, 0.5], 'joint_axis': '-0.386  -0.8455  0.4156', 'connections': [1]}"
1,"{'dimensions': [1, 1, 1], 'recursive_limit': 3, 'mass': 1, 'position': [0.0, 0.5, 0.0], 'joint_position': [0.0, 1.0, 0.0], 'joint_axis': ' 0.36    0.7428 -0.7968', 'connections': [2]}"
2,"{'dimensions': [1, 1, 1], 'recursive_limit': 2, 'mass': 1, 'position': [0.0, 0.5, 0.0], 'joint_position': [0.0, 1.0, 0.0], 'joint_axis': '-0.4533  0.117  -0.9376', 'connections': []}"

0,"{'dimensions': [1, 1, 1], 'recursive_limit': 4, 'mass': 1, 'position': [0, 0, 0.5], 'joint_position': [0, 0.5, 0.5], 'joint_axis': '0.4747 0.1185 0.8172', 'connections': [1]}"
1,"{'dimensions': [1, 1, 1], 'recursive_limit': 3, 'mass': 1, 'position': [0.0, 0.5, 0.0], 'joint_position': [0.0, 1.0, 0.0], 'joint_axis': ' 0.8879 -0.6893  0.6099', 'connections': [2]}"
2,"{'dimensions': [1, 1, 1], 'recursive_limit': 2, 'mass': 1, 'position': [0.0, 0.5, 0.0], 'joint_position': [0.0, 1.0, 0.0], 'joint_axis': '-0.4082 -0.176  -0.6701', 'connections': [3]}"
3,"{'dimensions': [1, 1, 1], 'recursive_limit': 1, 'mass': 1, 'position': [0.0, 0.5, 0.0], 'joint_position': [0.0, 1.0, 0.0], 'joint_axis': '0.7446 0.2525 0.8144', 'connections': []}"

0,"{'dimensions': [1, 1, 1], 'recursive_limit': 4, 'mass': 1, 'position': [0, 0, 0.5], 'joint_position': [0, 0.5, 0.5], 'joint_axis': '-0.4862  0.9122 -0.7562', 'connections': [1]}"
1,"{'dimensions': [1, 1, 1], 'recursive_limit': 3, 'mass': 1, 'position': [0.0, 0.5, 0.0], 'joint_position': [0.0, 1.0, 0.0], 'joint_axis': ' 0.6841 -0.824   0.9195', 'connections': [2]}"
2,"{'dimensions': [1, 1, 1], 'recursive_limit': 2, 'mass': 1, 'position': [0.0, 0.5, 0.0], 'joint_position': [0.0, 1.0, 0.0], 'joint_axis': '0.6251 0.868  0.2018', 'connections': []}"

0,"{'dimensions': [1, 1, 1], 'recursive_limit': 4, 'mass': 1, 'position': [0, 0, 0.5], 'joint_position': [0, 0.5, 0.5], 'joint_axis': ' 0.3443  0.5261 -0.5803', 'connections': [1]}"
1,"{'dimensions': [1, 1, 1], 'recursive_limit': 3, 'mass': 1, 'position': [0.0, 0.5, 0.0], 'joint_position': [0.0, 1.0, 0.0], 'joint_axis': '0.4511 0.6454 0.0728', 'connections': []}"



